domain,intent,utterance
ovos-skill-alerts.openvoiceos,"missed_alerts.intent","ho dimenticato  degli allarme"
ovos-skill-alerts.openvoiceos,"missed_alerts.intent","ho dimenticato  degli allarmi"
ovos-skill-alerts.openvoiceos,"missed_alerts.intent","ho dimenticato  degli eventi"
ovos-skill-alerts.openvoiceos,"missed_alerts.intent","ho dimenticato  degli evento"
ovos-skill-alerts.openvoiceos,"missed_alerts.intent","ho dimenticato  degli promemoria"
ovos-skill-alerts.openvoiceos,"missed_alerts.intent","ho dimenticato  degli sveglia"
ovos-skill-alerts.openvoiceos,"missed_alerts.intent","ho dimenticato  degli sveglie"
ovos-skill-alerts.openvoiceos,"missed_alerts.intent","ho dimenticato  degli timer"
ovos-skill-alerts.openvoiceos,"missed_alerts.intent","ho dimenticato  delle allarme"
ovos-skill-alerts.openvoiceos,"missed_alerts.intent","ho dimenticato  delle allarmi"
ovos-skill-alerts.openvoiceos,"missed_alerts.intent","ho dimenticato  delle eventi"
ovos-skill-alerts.openvoiceos,"missed_alerts.intent","ho dimenticato  delle evento"
ovos-skill-alerts.openvoiceos,"missed_alerts.intent","ho dimenticato  delle promemoria"
ovos-skill-alerts.openvoiceos,"missed_alerts.intent","ho dimenticato  delle sveglia"
ovos-skill-alerts.openvoiceos,"missed_alerts.intent","ho dimenticato  delle sveglie"
ovos-skill-alerts.openvoiceos,"missed_alerts.intent","ho dimenticato  delle timer"
ovos-skill-alerts.openvoiceos,"missed_alerts.intent","ho dimenticato  qualche allarme"
ovos-skill-alerts.openvoiceos,"missed_alerts.intent","ho dimenticato  qualche allarmi"
ovos-skill-alerts.openvoiceos,"missed_alerts.intent","ho dimenticato  qualche eventi"
ovos-skill-alerts.openvoiceos,"missed_alerts.intent","ho dimenticato  qualche evento"
ovos-skill-alerts.openvoiceos,"missed_alerts.intent","ho dimenticato  qualche promemoria"
ovos-skill-alerts.openvoiceos,"missed_alerts.intent","ho dimenticato  qualche sveglia"
ovos-skill-alerts.openvoiceos,"missed_alerts.intent","ho dimenticato  qualche sveglie"
ovos-skill-alerts.openvoiceos,"missed_alerts.intent","ho dimenticato  qualche timer"
ovos-skill-alerts.openvoiceos,"missed_alerts.intent","ho dimenticato  un allarme"
ovos-skill-alerts.openvoiceos,"missed_alerts.intent","ho dimenticato  un allarmi"
ovos-skill-alerts.openvoiceos,"missed_alerts.intent","ho dimenticato  un eventi"
ovos-skill-alerts.openvoiceos,"missed_alerts.intent","ho dimenticato  un evento"
ovos-skill-alerts.openvoiceos,"missed_alerts.intent","ho dimenticato  un promemoria"
ovos-skill-alerts.openvoiceos,"missed_alerts.intent","ho dimenticato  un sveglia"
ovos-skill-alerts.openvoiceos,"missed_alerts.intent","ho dimenticato  un sveglie"
ovos-skill-alerts.openvoiceos,"missed_alerts.intent","ho dimenticato  un timer"
ovos-skill-alerts.openvoiceos,"missed_alerts.intent","ho dimenticato  una allarme"
ovos-skill-alerts.openvoiceos,"missed_alerts.intent","ho dimenticato  una allarmi"
ovos-skill-alerts.openvoiceos,"missed_alerts.intent","ho dimenticato  una eventi"
ovos-skill-alerts.openvoiceos,"missed_alerts.intent","ho dimenticato  una evento"
ovos-skill-alerts.openvoiceos,"missed_alerts.intent","ho dimenticato  una promemoria"
ovos-skill-alerts.openvoiceos,"missed_alerts.intent","ho dimenticato  una sveglia"
ovos-skill-alerts.openvoiceos,"missed_alerts.intent","ho dimenticato  una sveglie"
ovos-skill-alerts.openvoiceos,"missed_alerts.intent","ho dimenticato  una timer"
ovos-skill-alerts.openvoiceos,"missed_alerts.intent","ho dimenticato per caso degli allarme"
ovos-skill-alerts.openvoiceos,"missed_alerts.intent","ho dimenticato per caso degli allarmi"
ovos-skill-alerts.openvoiceos,"missed_alerts.intent","ho dimenticato per caso degli eventi"
ovos-skill-alerts.openvoiceos,"missed_alerts.intent","ho dimenticato per caso degli evento"
ovos-skill-alerts.openvoiceos,"missed_alerts.intent","ho dimenticato per caso degli promemoria"
ovos-skill-alerts.openvoiceos,"missed_alerts.intent","ho dimenticato per caso degli sveglia"
ovos-skill-alerts.openvoiceos,"missed_alerts.intent","ho dimenticato per caso degli sveglie"
ovos-skill-alerts.openvoiceos,"missed_alerts.intent","ho dimenticato per caso degli timer"
ovos-skill-alerts.openvoiceos,"missed_alerts.intent","ho dimenticato per caso delle allarme"
ovos-skill-alerts.openvoiceos,"missed_alerts.intent","ho dimenticato per caso delle allarmi"
ovos-skill-alerts.openvoiceos,"missed_alerts.intent","ho dimenticato per caso delle eventi"
ovos-skill-alerts.openvoiceos,"missed_alerts.intent","ho dimenticato per caso delle evento"
ovos-skill-alerts.openvoiceos,"missed_alerts.intent","ho dimenticato per caso delle promemoria"
ovos-skill-alerts.openvoiceos,"missed_alerts.intent","ho dimenticato per caso delle sveglia"
ovos-skill-alerts.openvoiceos,"missed_alerts.intent","ho dimenticato per caso delle sveglie"
ovos-skill-alerts.openvoiceos,"missed_alerts.intent","ho dimenticato per caso delle timer"
ovos-skill-alerts.openvoiceos,"missed_alerts.intent","ho dimenticato per caso qualche allarme"
ovos-skill-alerts.openvoiceos,"missed_alerts.intent","ho dimenticato per caso qualche allarmi"
ovos-skill-alerts.openvoiceos,"missed_alerts.intent","ho dimenticato per caso qualche eventi"
ovos-skill-alerts.openvoiceos,"missed_alerts.intent","ho dimenticato per caso qualche evento"
ovos-skill-alerts.openvoiceos,"missed_alerts.intent","ho dimenticato per caso qualche promemoria"
ovos-skill-alerts.openvoiceos,"missed_alerts.intent","ho dimenticato per caso qualche sveglia"
ovos-skill-alerts.openvoiceos,"missed_alerts.intent","ho dimenticato per caso qualche sveglie"
ovos-skill-alerts.openvoiceos,"missed_alerts.intent","ho dimenticato per caso qualche timer"
ovos-skill-alerts.openvoiceos,"missed_alerts.intent","ho dimenticato per caso un allarme"
ovos-skill-alerts.openvoiceos,"missed_alerts.intent","ho dimenticato per caso un allarmi"
ovos-skill-alerts.openvoiceos,"missed_alerts.intent","ho dimenticato per caso un eventi"
ovos-skill-alerts.openvoiceos,"missed_alerts.intent","ho dimenticato per caso un evento"
ovos-skill-alerts.openvoiceos,"missed_alerts.intent","ho dimenticato per caso un promemoria"
ovos-skill-alerts.openvoiceos,"missed_alerts.intent","ho dimenticato per caso un sveglia"
ovos-skill-alerts.openvoiceos,"missed_alerts.intent","ho dimenticato per caso un sveglie"
ovos-skill-alerts.openvoiceos,"missed_alerts.intent","ho dimenticato per caso un timer"
ovos-skill-alerts.openvoiceos,"missed_alerts.intent","ho dimenticato per caso una allarme"
ovos-skill-alerts.openvoiceos,"missed_alerts.intent","ho dimenticato per caso una allarmi"
ovos-skill-alerts.openvoiceos,"missed_alerts.intent","ho dimenticato per caso una eventi"
ovos-skill-alerts.openvoiceos,"missed_alerts.intent","ho dimenticato per caso una evento"
ovos-skill-alerts.openvoiceos,"missed_alerts.intent","ho dimenticato per caso una promemoria"
ovos-skill-alerts.openvoiceos,"missed_alerts.intent","ho dimenticato per caso una sveglia"
ovos-skill-alerts.openvoiceos,"missed_alerts.intent","ho dimenticato per caso una sveglie"
ovos-skill-alerts.openvoiceos,"missed_alerts.intent","ho dimenticato per caso una timer"
ovos-skill-alerts.openvoiceos,"missed_alerts.intent","io ho dimenticato  degli allarme"
ovos-skill-alerts.openvoiceos,"missed_alerts.intent","io ho dimenticato  degli allarmi"
ovos-skill-alerts.openvoiceos,"missed_alerts.intent","io ho dimenticato  degli eventi"
ovos-skill-alerts.openvoiceos,"missed_alerts.intent","io ho dimenticato  degli evento"
ovos-skill-alerts.openvoiceos,"missed_alerts.intent","io ho dimenticato  degli promemoria"
ovos-skill-alerts.openvoiceos,"missed_alerts.intent","io ho dimenticato  degli sveglia"
ovos-skill-alerts.openvoiceos,"missed_alerts.intent","io ho dimenticato  degli sveglie"
ovos-skill-alerts.openvoiceos,"missed_alerts.intent","io ho dimenticato  degli timer"
ovos-skill-alerts.openvoiceos,"missed_alerts.intent","io ho dimenticato  delle allarme"
ovos-skill-alerts.openvoiceos,"missed_alerts.intent","io ho dimenticato  delle allarmi"
ovos-skill-alerts.openvoiceos,"missed_alerts.intent","io ho dimenticato  delle eventi"
ovos-skill-alerts.openvoiceos,"missed_alerts.intent","io ho dimenticato  delle evento"
ovos-skill-alerts.openvoiceos,"missed_alerts.intent","io ho dimenticato  delle promemoria"
ovos-skill-alerts.openvoiceos,"missed_alerts.intent","io ho dimenticato  delle sveglia"
ovos-skill-alerts.openvoiceos,"missed_alerts.intent","io ho dimenticato  delle sveglie"
ovos-skill-alerts.openvoiceos,"missed_alerts.intent","io ho dimenticato  delle timer"
ovos-skill-alerts.openvoiceos,"missed_alerts.intent","io ho dimenticato  qualche allarme"
ovos-skill-alerts.openvoiceos,"missed_alerts.intent","io ho dimenticato  qualche allarmi"
ovos-skill-alerts.openvoiceos,"missed_alerts.intent","io ho dimenticato  qualche eventi"
ovos-skill-alerts.openvoiceos,"missed_alerts.intent","io ho dimenticato  qualche evento"
ovos-skill-alerts.openvoiceos,"missed_alerts.intent","io ho dimenticato  qualche promemoria"
ovos-skill-alerts.openvoiceos,"missed_alerts.intent","io ho dimenticato  qualche sveglia"
ovos-skill-alerts.openvoiceos,"missed_alerts.intent","io ho dimenticato  qualche sveglie"
ovos-skill-alerts.openvoiceos,"missed_alerts.intent","io ho dimenticato  qualche timer"
ovos-skill-alerts.openvoiceos,"missed_alerts.intent","io ho dimenticato  un allarme"
ovos-skill-alerts.openvoiceos,"missed_alerts.intent","io ho dimenticato  un allarmi"
ovos-skill-alerts.openvoiceos,"missed_alerts.intent","io ho dimenticato  un eventi"
ovos-skill-alerts.openvoiceos,"missed_alerts.intent","io ho dimenticato  un evento"
ovos-skill-alerts.openvoiceos,"missed_alerts.intent","io ho dimenticato  un promemoria"
ovos-skill-alerts.openvoiceos,"missed_alerts.intent","io ho dimenticato  un sveglia"
ovos-skill-alerts.openvoiceos,"missed_alerts.intent","io ho dimenticato  un sveglie"
ovos-skill-alerts.openvoiceos,"missed_alerts.intent","io ho dimenticato  un timer"
ovos-skill-alerts.openvoiceos,"missed_alerts.intent","io ho dimenticato  una allarme"
ovos-skill-alerts.openvoiceos,"missed_alerts.intent","io ho dimenticato  una allarmi"
ovos-skill-alerts.openvoiceos,"missed_alerts.intent","io ho dimenticato  una eventi"
ovos-skill-alerts.openvoiceos,"missed_alerts.intent","io ho dimenticato  una evento"
ovos-skill-alerts.openvoiceos,"missed_alerts.intent","io ho dimenticato  una promemoria"
ovos-skill-alerts.openvoiceos,"missed_alerts.intent","io ho dimenticato  una sveglia"
ovos-skill-alerts.openvoiceos,"missed_alerts.intent","io ho dimenticato  una sveglie"
ovos-skill-alerts.openvoiceos,"missed_alerts.intent","io ho dimenticato  una timer"
ovos-skill-alerts.openvoiceos,"missed_alerts.intent","io ho dimenticato per caso degli allarme"
ovos-skill-alerts.openvoiceos,"missed_alerts.intent","io ho dimenticato per caso degli allarmi"
ovos-skill-alerts.openvoiceos,"missed_alerts.intent","io ho dimenticato per caso degli eventi"
ovos-skill-alerts.openvoiceos,"missed_alerts.intent","io ho dimenticato per caso degli evento"
ovos-skill-alerts.openvoiceos,"missed_alerts.intent","io ho dimenticato per caso degli promemoria"
ovos-skill-alerts.openvoiceos,"missed_alerts.intent","io ho dimenticato per caso degli sveglia"
ovos-skill-alerts.openvoiceos,"missed_alerts.intent","io ho dimenticato per caso degli sveglie"
ovos-skill-alerts.openvoiceos,"missed_alerts.intent","io ho dimenticato per caso degli timer"
ovos-skill-alerts.openvoiceos,"missed_alerts.intent","io ho dimenticato per caso delle allarme"
ovos-skill-alerts.openvoiceos,"missed_alerts.intent","io ho dimenticato per caso delle allarmi"
ovos-skill-alerts.openvoiceos,"missed_alerts.intent","io ho dimenticato per caso delle eventi"
ovos-skill-alerts.openvoiceos,"missed_alerts.intent","io ho dimenticato per caso delle evento"
ovos-skill-alerts.openvoiceos,"missed_alerts.intent","io ho dimenticato per caso delle promemoria"
ovos-skill-alerts.openvoiceos,"missed_alerts.intent","io ho dimenticato per caso delle sveglia"
ovos-skill-alerts.openvoiceos,"missed_alerts.intent","io ho dimenticato per caso delle sveglie"
ovos-skill-alerts.openvoiceos,"missed_alerts.intent","io ho dimenticato per caso delle timer"
ovos-skill-alerts.openvoiceos,"missed_alerts.intent","io ho dimenticato per caso qualche allarme"
ovos-skill-alerts.openvoiceos,"missed_alerts.intent","io ho dimenticato per caso qualche allarmi"
ovos-skill-alerts.openvoiceos,"missed_alerts.intent","io ho dimenticato per caso qualche eventi"
ovos-skill-alerts.openvoiceos,"missed_alerts.intent","io ho dimenticato per caso qualche evento"
ovos-skill-alerts.openvoiceos,"missed_alerts.intent","io ho dimenticato per caso qualche promemoria"
ovos-skill-alerts.openvoiceos,"missed_alerts.intent","io ho dimenticato per caso qualche sveglia"
ovos-skill-alerts.openvoiceos,"missed_alerts.intent","io ho dimenticato per caso qualche sveglie"
ovos-skill-alerts.openvoiceos,"missed_alerts.intent","io ho dimenticato per caso qualche timer"
ovos-skill-alerts.openvoiceos,"missed_alerts.intent","io ho dimenticato per caso un allarme"
ovos-skill-alerts.openvoiceos,"missed_alerts.intent","io ho dimenticato per caso un allarmi"
ovos-skill-alerts.openvoiceos,"missed_alerts.intent","io ho dimenticato per caso un eventi"
ovos-skill-alerts.openvoiceos,"missed_alerts.intent","io ho dimenticato per caso un evento"
ovos-skill-alerts.openvoiceos,"missed_alerts.intent","io ho dimenticato per caso un promemoria"
ovos-skill-alerts.openvoiceos,"missed_alerts.intent","io ho dimenticato per caso un sveglia"
ovos-skill-alerts.openvoiceos,"missed_alerts.intent","io ho dimenticato per caso un sveglie"
ovos-skill-alerts.openvoiceos,"missed_alerts.intent","io ho dimenticato per caso un timer"
ovos-skill-alerts.openvoiceos,"missed_alerts.intent","io ho dimenticato per caso una allarme"
ovos-skill-alerts.openvoiceos,"missed_alerts.intent","io ho dimenticato per caso una allarmi"
ovos-skill-alerts.openvoiceos,"missed_alerts.intent","io ho dimenticato per caso una eventi"
ovos-skill-alerts.openvoiceos,"missed_alerts.intent","io ho dimenticato per caso una evento"
ovos-skill-alerts.openvoiceos,"missed_alerts.intent","io ho dimenticato per caso una promemoria"
ovos-skill-alerts.openvoiceos,"missed_alerts.intent","io ho dimenticato per caso una sveglia"
ovos-skill-alerts.openvoiceos,"missed_alerts.intent","io ho dimenticato per caso una sveglie"
ovos-skill-alerts.openvoiceos,"missed_alerts.intent","io ho dimenticato per caso una timer"
ovos-skill-alerts.openvoiceos,"missed_alerts.intent","per caso  ho dimenticato  degli allarme"
ovos-skill-alerts.openvoiceos,"missed_alerts.intent","per caso  ho dimenticato  degli allarmi"
ovos-skill-alerts.openvoiceos,"missed_alerts.intent","per caso  ho dimenticato  degli eventi"
ovos-skill-alerts.openvoiceos,"missed_alerts.intent","per caso  ho dimenticato  degli evento"
ovos-skill-alerts.openvoiceos,"missed_alerts.intent","per caso  ho dimenticato  degli promemoria"
ovos-skill-alerts.openvoiceos,"missed_alerts.intent","per caso  ho dimenticato  degli sveglia"
ovos-skill-alerts.openvoiceos,"missed_alerts.intent","per caso  ho dimenticato  degli sveglie"
ovos-skill-alerts.openvoiceos,"missed_alerts.intent","per caso  ho dimenticato  degli timer"
ovos-skill-alerts.openvoiceos,"missed_alerts.intent","per caso  ho dimenticato  delle allarme"
ovos-skill-alerts.openvoiceos,"missed_alerts.intent","per caso  ho dimenticato  delle allarmi"
ovos-skill-alerts.openvoiceos,"missed_alerts.intent","per caso  ho dimenticato  delle eventi"
ovos-skill-alerts.openvoiceos,"missed_alerts.intent","per caso  ho dimenticato  delle evento"
ovos-skill-alerts.openvoiceos,"missed_alerts.intent","per caso  ho dimenticato  delle promemoria"
ovos-skill-alerts.openvoiceos,"missed_alerts.intent","per caso  ho dimenticato  delle sveglia"
ovos-skill-alerts.openvoiceos,"missed_alerts.intent","per caso  ho dimenticato  delle sveglie"
ovos-skill-alerts.openvoiceos,"missed_alerts.intent","per caso  ho dimenticato  delle timer"
ovos-skill-alerts.openvoiceos,"missed_alerts.intent","per caso  ho dimenticato  qualche allarme"
ovos-skill-alerts.openvoiceos,"missed_alerts.intent","per caso  ho dimenticato  qualche allarmi"
ovos-skill-alerts.openvoiceos,"missed_alerts.intent","per caso  ho dimenticato  qualche eventi"
ovos-skill-alerts.openvoiceos,"missed_alerts.intent","per caso  ho dimenticato  qualche evento"
ovos-skill-alerts.openvoiceos,"missed_alerts.intent","per caso  ho dimenticato  qualche promemoria"
ovos-skill-alerts.openvoiceos,"missed_alerts.intent","per caso  ho dimenticato  qualche sveglia"
ovos-skill-alerts.openvoiceos,"missed_alerts.intent","per caso  ho dimenticato  qualche sveglie"
ovos-skill-alerts.openvoiceos,"missed_alerts.intent","per caso  ho dimenticato  qualche timer"
ovos-skill-alerts.openvoiceos,"missed_alerts.intent","per caso  ho dimenticato  un allarme"
ovos-skill-alerts.openvoiceos,"missed_alerts.intent","per caso  ho dimenticato  un allarmi"
ovos-skill-alerts.openvoiceos,"missed_alerts.intent","per caso  ho dimenticato  un eventi"
ovos-skill-alerts.openvoiceos,"missed_alerts.intent","per caso  ho dimenticato  un evento"
ovos-skill-alerts.openvoiceos,"missed_alerts.intent","per caso  ho dimenticato  un promemoria"
ovos-skill-alerts.openvoiceos,"missed_alerts.intent","per caso  ho dimenticato  un sveglia"
ovos-skill-alerts.openvoiceos,"missed_alerts.intent","per caso  ho dimenticato  un sveglie"
ovos-skill-alerts.openvoiceos,"missed_alerts.intent","per caso  ho dimenticato  un timer"
ovos-skill-alerts.openvoiceos,"missed_alerts.intent","per caso  ho dimenticato  una allarme"
ovos-skill-alerts.openvoiceos,"missed_alerts.intent","per caso  ho dimenticato  una allarmi"
ovos-skill-alerts.openvoiceos,"missed_alerts.intent","per caso  ho dimenticato  una eventi"
ovos-skill-alerts.openvoiceos,"missed_alerts.intent","per caso  ho dimenticato  una evento"
ovos-skill-alerts.openvoiceos,"missed_alerts.intent","per caso  ho dimenticato  una promemoria"
ovos-skill-alerts.openvoiceos,"missed_alerts.intent","per caso  ho dimenticato  una sveglia"
ovos-skill-alerts.openvoiceos,"missed_alerts.intent","per caso  ho dimenticato  una sveglie"
ovos-skill-alerts.openvoiceos,"missed_alerts.intent","per caso  ho dimenticato  una timer"
ovos-skill-alerts.openvoiceos,"missed_alerts.intent","per caso  ho dimenticato per caso degli allarme"
ovos-skill-alerts.openvoiceos,"missed_alerts.intent","per caso  ho dimenticato per caso degli allarmi"
ovos-skill-alerts.openvoiceos,"missed_alerts.intent","per caso  ho dimenticato per caso degli eventi"
ovos-skill-alerts.openvoiceos,"missed_alerts.intent","per caso  ho dimenticato per caso degli evento"
ovos-skill-alerts.openvoiceos,"missed_alerts.intent","per caso  ho dimenticato per caso degli promemoria"
ovos-skill-alerts.openvoiceos,"missed_alerts.intent","per caso  ho dimenticato per caso degli sveglia"
ovos-skill-alerts.openvoiceos,"missed_alerts.intent","per caso  ho dimenticato per caso degli sveglie"
ovos-skill-alerts.openvoiceos,"missed_alerts.intent","per caso  ho dimenticato per caso degli timer"
ovos-skill-alerts.openvoiceos,"missed_alerts.intent","per caso  ho dimenticato per caso delle allarme"
ovos-skill-alerts.openvoiceos,"missed_alerts.intent","per caso  ho dimenticato per caso delle allarmi"
ovos-skill-alerts.openvoiceos,"missed_alerts.intent","per caso  ho dimenticato per caso delle eventi"
ovos-skill-alerts.openvoiceos,"missed_alerts.intent","per caso  ho dimenticato per caso delle evento"
ovos-skill-alerts.openvoiceos,"missed_alerts.intent","per caso  ho dimenticato per caso delle promemoria"
ovos-skill-alerts.openvoiceos,"missed_alerts.intent","per caso  ho dimenticato per caso delle sveglia"
ovos-skill-alerts.openvoiceos,"missed_alerts.intent","per caso  ho dimenticato per caso delle sveglie"
ovos-skill-alerts.openvoiceos,"missed_alerts.intent","per caso  ho dimenticato per caso delle timer"
ovos-skill-alerts.openvoiceos,"missed_alerts.intent","per caso  ho dimenticato per caso qualche allarme"
ovos-skill-alerts.openvoiceos,"missed_alerts.intent","per caso  ho dimenticato per caso qualche allarmi"
ovos-skill-alerts.openvoiceos,"missed_alerts.intent","per caso  ho dimenticato per caso qualche eventi"
ovos-skill-alerts.openvoiceos,"missed_alerts.intent","per caso  ho dimenticato per caso qualche evento"
ovos-skill-alerts.openvoiceos,"missed_alerts.intent","per caso  ho dimenticato per caso qualche promemoria"
ovos-skill-alerts.openvoiceos,"missed_alerts.intent","per caso  ho dimenticato per caso qualche sveglia"
ovos-skill-alerts.openvoiceos,"missed_alerts.intent","per caso  ho dimenticato per caso qualche sveglie"
ovos-skill-alerts.openvoiceos,"missed_alerts.intent","per caso  ho dimenticato per caso qualche timer"
ovos-skill-alerts.openvoiceos,"missed_alerts.intent","per caso  ho dimenticato per caso un allarme"
ovos-skill-alerts.openvoiceos,"missed_alerts.intent","per caso  ho dimenticato per caso un allarmi"
ovos-skill-alerts.openvoiceos,"missed_alerts.intent","per caso  ho dimenticato per caso un eventi"
ovos-skill-alerts.openvoiceos,"missed_alerts.intent","per caso  ho dimenticato per caso un evento"
ovos-skill-alerts.openvoiceos,"missed_alerts.intent","per caso  ho dimenticato per caso un promemoria"
ovos-skill-alerts.openvoiceos,"missed_alerts.intent","per caso  ho dimenticato per caso un sveglia"
ovos-skill-alerts.openvoiceos,"missed_alerts.intent","per caso  ho dimenticato per caso un sveglie"
ovos-skill-alerts.openvoiceos,"missed_alerts.intent","per caso  ho dimenticato per caso un timer"
ovos-skill-alerts.openvoiceos,"missed_alerts.intent","per caso  ho dimenticato per caso una allarme"
ovos-skill-alerts.openvoiceos,"missed_alerts.intent","per caso  ho dimenticato per caso una allarmi"
ovos-skill-alerts.openvoiceos,"missed_alerts.intent","per caso  ho dimenticato per caso una eventi"
ovos-skill-alerts.openvoiceos,"missed_alerts.intent","per caso  ho dimenticato per caso una evento"
ovos-skill-alerts.openvoiceos,"missed_alerts.intent","per caso  ho dimenticato per caso una promemoria"
ovos-skill-alerts.openvoiceos,"missed_alerts.intent","per caso  ho dimenticato per caso una sveglia"
ovos-skill-alerts.openvoiceos,"missed_alerts.intent","per caso  ho dimenticato per caso una sveglie"
ovos-skill-alerts.openvoiceos,"missed_alerts.intent","per caso  ho dimenticato per caso una timer"
ovos-skill-alerts.openvoiceos,"missed_alerts.intent","per caso io ho dimenticato  degli allarme"
ovos-skill-alerts.openvoiceos,"missed_alerts.intent","per caso io ho dimenticato  degli allarmi"
ovos-skill-alerts.openvoiceos,"missed_alerts.intent","per caso io ho dimenticato  degli eventi"
ovos-skill-alerts.openvoiceos,"missed_alerts.intent","per caso io ho dimenticato  degli evento"
ovos-skill-alerts.openvoiceos,"missed_alerts.intent","per caso io ho dimenticato  degli promemoria"
ovos-skill-alerts.openvoiceos,"missed_alerts.intent","per caso io ho dimenticato  degli sveglia"
ovos-skill-alerts.openvoiceos,"missed_alerts.intent","per caso io ho dimenticato  degli sveglie"
ovos-skill-alerts.openvoiceos,"missed_alerts.intent","per caso io ho dimenticato  degli timer"
ovos-skill-alerts.openvoiceos,"missed_alerts.intent","per caso io ho dimenticato  delle allarme"
ovos-skill-alerts.openvoiceos,"missed_alerts.intent","per caso io ho dimenticato  delle allarmi"
ovos-skill-alerts.openvoiceos,"missed_alerts.intent","per caso io ho dimenticato  delle eventi"
ovos-skill-alerts.openvoiceos,"missed_alerts.intent","per caso io ho dimenticato  delle evento"
ovos-skill-alerts.openvoiceos,"missed_alerts.intent","per caso io ho dimenticato  delle promemoria"
ovos-skill-alerts.openvoiceos,"missed_alerts.intent","per caso io ho dimenticato  delle sveglia"
ovos-skill-alerts.openvoiceos,"missed_alerts.intent","per caso io ho dimenticato  delle sveglie"
ovos-skill-alerts.openvoiceos,"missed_alerts.intent","per caso io ho dimenticato  delle timer"
ovos-skill-alerts.openvoiceos,"missed_alerts.intent","per caso io ho dimenticato  qualche allarme"
ovos-skill-alerts.openvoiceos,"missed_alerts.intent","per caso io ho dimenticato  qualche allarmi"
ovos-skill-alerts.openvoiceos,"missed_alerts.intent","per caso io ho dimenticato  qualche eventi"
ovos-skill-alerts.openvoiceos,"missed_alerts.intent","per caso io ho dimenticato  qualche evento"
ovos-skill-alerts.openvoiceos,"missed_alerts.intent","per caso io ho dimenticato  qualche promemoria"
ovos-skill-alerts.openvoiceos,"missed_alerts.intent","per caso io ho dimenticato  qualche sveglia"
ovos-skill-alerts.openvoiceos,"missed_alerts.intent","per caso io ho dimenticato  qualche sveglie"
ovos-skill-alerts.openvoiceos,"missed_alerts.intent","per caso io ho dimenticato  qualche timer"
ovos-skill-alerts.openvoiceos,"missed_alerts.intent","per caso io ho dimenticato  un allarme"
ovos-skill-alerts.openvoiceos,"missed_alerts.intent","per caso io ho dimenticato  un allarmi"
ovos-skill-alerts.openvoiceos,"missed_alerts.intent","per caso io ho dimenticato  un eventi"
ovos-skill-alerts.openvoiceos,"missed_alerts.intent","per caso io ho dimenticato  un evento"
ovos-skill-alerts.openvoiceos,"missed_alerts.intent","per caso io ho dimenticato  un promemoria"
ovos-skill-alerts.openvoiceos,"missed_alerts.intent","per caso io ho dimenticato  un sveglia"
ovos-skill-alerts.openvoiceos,"missed_alerts.intent","per caso io ho dimenticato  un sveglie"
ovos-skill-alerts.openvoiceos,"missed_alerts.intent","per caso io ho dimenticato  un timer"
ovos-skill-alerts.openvoiceos,"missed_alerts.intent","per caso io ho dimenticato  una allarme"
ovos-skill-alerts.openvoiceos,"missed_alerts.intent","per caso io ho dimenticato  una allarmi"
ovos-skill-alerts.openvoiceos,"missed_alerts.intent","per caso io ho dimenticato  una eventi"
ovos-skill-alerts.openvoiceos,"missed_alerts.intent","per caso io ho dimenticato  una evento"
ovos-skill-alerts.openvoiceos,"missed_alerts.intent","per caso io ho dimenticato  una promemoria"
ovos-skill-alerts.openvoiceos,"missed_alerts.intent","per caso io ho dimenticato  una sveglia"
ovos-skill-alerts.openvoiceos,"missed_alerts.intent","per caso io ho dimenticato  una sveglie"
ovos-skill-alerts.openvoiceos,"missed_alerts.intent","per caso io ho dimenticato  una timer"
ovos-skill-alerts.openvoiceos,"missed_alerts.intent","per caso io ho dimenticato per caso degli allarme"
ovos-skill-alerts.openvoiceos,"missed_alerts.intent","per caso io ho dimenticato per caso degli allarmi"
ovos-skill-alerts.openvoiceos,"missed_alerts.intent","per caso io ho dimenticato per caso degli eventi"
ovos-skill-alerts.openvoiceos,"missed_alerts.intent","per caso io ho dimenticato per caso degli evento"
ovos-skill-alerts.openvoiceos,"missed_alerts.intent","per caso io ho dimenticato per caso degli promemoria"
ovos-skill-alerts.openvoiceos,"missed_alerts.intent","per caso io ho dimenticato per caso degli sveglia"
ovos-skill-alerts.openvoiceos,"missed_alerts.intent","per caso io ho dimenticato per caso degli sveglie"
ovos-skill-alerts.openvoiceos,"missed_alerts.intent","per caso io ho dimenticato per caso degli timer"
ovos-skill-alerts.openvoiceos,"missed_alerts.intent","per caso io ho dimenticato per caso delle allarme"
ovos-skill-alerts.openvoiceos,"missed_alerts.intent","per caso io ho dimenticato per caso delle allarmi"
ovos-skill-alerts.openvoiceos,"missed_alerts.intent","per caso io ho dimenticato per caso delle eventi"
ovos-skill-alerts.openvoiceos,"missed_alerts.intent","per caso io ho dimenticato per caso delle evento"
ovos-skill-alerts.openvoiceos,"missed_alerts.intent","per caso io ho dimenticato per caso delle promemoria"
ovos-skill-alerts.openvoiceos,"missed_alerts.intent","per caso io ho dimenticato per caso delle sveglia"
ovos-skill-alerts.openvoiceos,"missed_alerts.intent","per caso io ho dimenticato per caso delle sveglie"
ovos-skill-alerts.openvoiceos,"missed_alerts.intent","per caso io ho dimenticato per caso delle timer"
ovos-skill-alerts.openvoiceos,"missed_alerts.intent","per caso io ho dimenticato per caso qualche allarme"
ovos-skill-alerts.openvoiceos,"missed_alerts.intent","per caso io ho dimenticato per caso qualche allarmi"
ovos-skill-alerts.openvoiceos,"missed_alerts.intent","per caso io ho dimenticato per caso qualche eventi"
ovos-skill-alerts.openvoiceos,"missed_alerts.intent","per caso io ho dimenticato per caso qualche evento"
ovos-skill-alerts.openvoiceos,"missed_alerts.intent","per caso io ho dimenticato per caso qualche promemoria"
ovos-skill-alerts.openvoiceos,"missed_alerts.intent","per caso io ho dimenticato per caso qualche sveglia"
ovos-skill-alerts.openvoiceos,"missed_alerts.intent","per caso io ho dimenticato per caso qualche sveglie"
ovos-skill-alerts.openvoiceos,"missed_alerts.intent","per caso io ho dimenticato per caso qualche timer"
ovos-skill-alerts.openvoiceos,"missed_alerts.intent","per caso io ho dimenticato per caso un allarme"
ovos-skill-alerts.openvoiceos,"missed_alerts.intent","per caso io ho dimenticato per caso un allarmi"
ovos-skill-alerts.openvoiceos,"missed_alerts.intent","per caso io ho dimenticato per caso un eventi"
ovos-skill-alerts.openvoiceos,"missed_alerts.intent","per caso io ho dimenticato per caso un evento"
ovos-skill-alerts.openvoiceos,"missed_alerts.intent","per caso io ho dimenticato per caso un promemoria"
ovos-skill-alerts.openvoiceos,"missed_alerts.intent","per caso io ho dimenticato per caso un sveglia"
ovos-skill-alerts.openvoiceos,"missed_alerts.intent","per caso io ho dimenticato per caso un sveglie"
ovos-skill-alerts.openvoiceos,"missed_alerts.intent","per caso io ho dimenticato per caso un timer"
ovos-skill-alerts.openvoiceos,"missed_alerts.intent","per caso io ho dimenticato per caso una allarme"
ovos-skill-alerts.openvoiceos,"missed_alerts.intent","per caso io ho dimenticato per caso una allarmi"
ovos-skill-alerts.openvoiceos,"missed_alerts.intent","per caso io ho dimenticato per caso una eventi"
ovos-skill-alerts.openvoiceos,"missed_alerts.intent","per caso io ho dimenticato per caso una evento"
ovos-skill-alerts.openvoiceos,"missed_alerts.intent","per caso io ho dimenticato per caso una promemoria"
ovos-skill-alerts.openvoiceos,"missed_alerts.intent","per caso io ho dimenticato per caso una sveglia"
ovos-skill-alerts.openvoiceos,"missed_alerts.intent","per caso io ho dimenticato per caso una sveglie"
ovos-skill-alerts.openvoiceos,"missed_alerts.intent","per caso io ho dimenticato per caso una timer"
ovos-skill-alerts.openvoiceos,"missed_alerts.intent","io mi sono perso  degli allarme"
ovos-skill-alerts.openvoiceos,"missed_alerts.intent","io mi sono perso  degli allarmi"
ovos-skill-alerts.openvoiceos,"missed_alerts.intent","io mi sono perso  degli eventi"
ovos-skill-alerts.openvoiceos,"missed_alerts.intent","io mi sono perso  degli evento"
ovos-skill-alerts.openvoiceos,"missed_alerts.intent","io mi sono perso  degli promemoria"
ovos-skill-alerts.openvoiceos,"missed_alerts.intent","io mi sono perso  degli sveglia"
ovos-skill-alerts.openvoiceos,"missed_alerts.intent","io mi sono perso  degli sveglie"
ovos-skill-alerts.openvoiceos,"missed_alerts.intent","io mi sono perso  degli timer"
ovos-skill-alerts.openvoiceos,"missed_alerts.intent","io mi sono perso  delle allarme"
ovos-skill-alerts.openvoiceos,"missed_alerts.intent","io mi sono perso  delle allarmi"
ovos-skill-alerts.openvoiceos,"missed_alerts.intent","io mi sono perso  delle eventi"
ovos-skill-alerts.openvoiceos,"missed_alerts.intent","io mi sono perso  delle evento"
ovos-skill-alerts.openvoiceos,"missed_alerts.intent","io mi sono perso  delle promemoria"
ovos-skill-alerts.openvoiceos,"missed_alerts.intent","io mi sono perso  delle sveglia"
ovos-skill-alerts.openvoiceos,"missed_alerts.intent","io mi sono perso  delle sveglie"
ovos-skill-alerts.openvoiceos,"missed_alerts.intent","io mi sono perso  delle timer"
ovos-skill-alerts.openvoiceos,"missed_alerts.intent","io mi sono perso  qualche allarme"
ovos-skill-alerts.openvoiceos,"missed_alerts.intent","io mi sono perso  qualche allarmi"
ovos-skill-alerts.openvoiceos,"missed_alerts.intent","io mi sono perso  qualche eventi"
ovos-skill-alerts.openvoiceos,"missed_alerts.intent","io mi sono perso  qualche evento"
ovos-skill-alerts.openvoiceos,"missed_alerts.intent","io mi sono perso  qualche promemoria"
ovos-skill-alerts.openvoiceos,"missed_alerts.intent","io mi sono perso  qualche sveglia"
ovos-skill-alerts.openvoiceos,"missed_alerts.intent","io mi sono perso  qualche sveglie"
ovos-skill-alerts.openvoiceos,"missed_alerts.intent","io mi sono perso  qualche timer"
ovos-skill-alerts.openvoiceos,"missed_alerts.intent","io mi sono perso  un allarme"
ovos-skill-alerts.openvoiceos,"missed_alerts.intent","io mi sono perso  un allarmi"
ovos-skill-alerts.openvoiceos,"missed_alerts.intent","io mi sono perso  un eventi"
ovos-skill-alerts.openvoiceos,"missed_alerts.intent","io mi sono perso  un evento"
ovos-skill-alerts.openvoiceos,"missed_alerts.intent","io mi sono perso  un promemoria"
ovos-skill-alerts.openvoiceos,"missed_alerts.intent","io mi sono perso  un sveglia"
ovos-skill-alerts.openvoiceos,"missed_alerts.intent","io mi sono perso  un sveglie"
ovos-skill-alerts.openvoiceos,"missed_alerts.intent","io mi sono perso  un timer"
ovos-skill-alerts.openvoiceos,"missed_alerts.intent","io mi sono perso  una allarme"
ovos-skill-alerts.openvoiceos,"missed_alerts.intent","io mi sono perso  una allarmi"
ovos-skill-alerts.openvoiceos,"missed_alerts.intent","io mi sono perso  una eventi"
ovos-skill-alerts.openvoiceos,"missed_alerts.intent","io mi sono perso  una evento"
ovos-skill-alerts.openvoiceos,"missed_alerts.intent","io mi sono perso  una promemoria"
ovos-skill-alerts.openvoiceos,"missed_alerts.intent","io mi sono perso  una sveglia"
ovos-skill-alerts.openvoiceos,"missed_alerts.intent","io mi sono perso  una sveglie"
ovos-skill-alerts.openvoiceos,"missed_alerts.intent","io mi sono perso  una timer"
ovos-skill-alerts.openvoiceos,"missed_alerts.intent","io mi sono perso per caso degli allarme"
ovos-skill-alerts.openvoiceos,"missed_alerts.intent","io mi sono perso per caso degli allarmi"
ovos-skill-alerts.openvoiceos,"missed_alerts.intent","io mi sono perso per caso degli eventi"
ovos-skill-alerts.openvoiceos,"missed_alerts.intent","io mi sono perso per caso degli evento"
ovos-skill-alerts.openvoiceos,"missed_alerts.intent","io mi sono perso per caso degli promemoria"
ovos-skill-alerts.openvoiceos,"missed_alerts.intent","io mi sono perso per caso degli sveglia"
ovos-skill-alerts.openvoiceos,"missed_alerts.intent","io mi sono perso per caso degli sveglie"
ovos-skill-alerts.openvoiceos,"missed_alerts.intent","io mi sono perso per caso degli timer"
ovos-skill-alerts.openvoiceos,"missed_alerts.intent","io mi sono perso per caso delle allarme"
ovos-skill-alerts.openvoiceos,"missed_alerts.intent","io mi sono perso per caso delle allarmi"
ovos-skill-alerts.openvoiceos,"missed_alerts.intent","io mi sono perso per caso delle eventi"
ovos-skill-alerts.openvoiceos,"missed_alerts.intent","io mi sono perso per caso delle evento"
ovos-skill-alerts.openvoiceos,"missed_alerts.intent","io mi sono perso per caso delle promemoria"
ovos-skill-alerts.openvoiceos,"missed_alerts.intent","io mi sono perso per caso delle sveglia"
ovos-skill-alerts.openvoiceos,"missed_alerts.intent","io mi sono perso per caso delle sveglie"
ovos-skill-alerts.openvoiceos,"missed_alerts.intent","io mi sono perso per caso delle timer"
ovos-skill-alerts.openvoiceos,"missed_alerts.intent","io mi sono perso per caso qualche allarme"
ovos-skill-alerts.openvoiceos,"missed_alerts.intent","io mi sono perso per caso qualche allarmi"
ovos-skill-alerts.openvoiceos,"missed_alerts.intent","io mi sono perso per caso qualche eventi"
ovos-skill-alerts.openvoiceos,"missed_alerts.intent","io mi sono perso per caso qualche evento"
ovos-skill-alerts.openvoiceos,"missed_alerts.intent","io mi sono perso per caso qualche promemoria"
ovos-skill-alerts.openvoiceos,"missed_alerts.intent","io mi sono perso per caso qualche sveglia"
ovos-skill-alerts.openvoiceos,"missed_alerts.intent","io mi sono perso per caso qualche sveglie"
ovos-skill-alerts.openvoiceos,"missed_alerts.intent","io mi sono perso per caso qualche timer"
ovos-skill-alerts.openvoiceos,"missed_alerts.intent","io mi sono perso per caso un allarme"
ovos-skill-alerts.openvoiceos,"missed_alerts.intent","io mi sono perso per caso un allarmi"
ovos-skill-alerts.openvoiceos,"missed_alerts.intent","io mi sono perso per caso un eventi"
ovos-skill-alerts.openvoiceos,"missed_alerts.intent","io mi sono perso per caso un evento"
ovos-skill-alerts.openvoiceos,"missed_alerts.intent","io mi sono perso per caso un promemoria"
ovos-skill-alerts.openvoiceos,"missed_alerts.intent","io mi sono perso per caso un sveglia"
ovos-skill-alerts.openvoiceos,"missed_alerts.intent","io mi sono perso per caso un sveglie"
ovos-skill-alerts.openvoiceos,"missed_alerts.intent","io mi sono perso per caso un timer"
ovos-skill-alerts.openvoiceos,"missed_alerts.intent","io mi sono perso per caso una allarme"
ovos-skill-alerts.openvoiceos,"missed_alerts.intent","io mi sono perso per caso una allarmi"
ovos-skill-alerts.openvoiceos,"missed_alerts.intent","io mi sono perso per caso una eventi"
ovos-skill-alerts.openvoiceos,"missed_alerts.intent","io mi sono perso per caso una evento"
ovos-skill-alerts.openvoiceos,"missed_alerts.intent","io mi sono perso per caso una promemoria"
ovos-skill-alerts.openvoiceos,"missed_alerts.intent","io mi sono perso per caso una sveglia"
ovos-skill-alerts.openvoiceos,"missed_alerts.intent","io mi sono perso per caso una sveglie"
ovos-skill-alerts.openvoiceos,"missed_alerts.intent","io mi sono perso per caso una timer"
ovos-skill-alerts.openvoiceos,"missed_alerts.intent","io mi è sfuggito  degli allarme"
ovos-skill-alerts.openvoiceos,"missed_alerts.intent","io mi è sfuggito  degli allarmi"
ovos-skill-alerts.openvoiceos,"missed_alerts.intent","io mi è sfuggito  degli eventi"
ovos-skill-alerts.openvoiceos,"missed_alerts.intent","io mi è sfuggito  degli evento"
ovos-skill-alerts.openvoiceos,"missed_alerts.intent","io mi è sfuggito  degli promemoria"
ovos-skill-alerts.openvoiceos,"missed_alerts.intent","io mi è sfuggito  degli sveglia"
ovos-skill-alerts.openvoiceos,"missed_alerts.intent","io mi è sfuggito  degli sveglie"
ovos-skill-alerts.openvoiceos,"missed_alerts.intent","io mi è sfuggito  degli timer"
ovos-skill-alerts.openvoiceos,"missed_alerts.intent","io mi è sfuggito  delle allarme"
ovos-skill-alerts.openvoiceos,"missed_alerts.intent","io mi è sfuggito  delle allarmi"
ovos-skill-alerts.openvoiceos,"missed_alerts.intent","io mi è sfuggito  delle eventi"
ovos-skill-alerts.openvoiceos,"missed_alerts.intent","io mi è sfuggito  delle evento"
ovos-skill-alerts.openvoiceos,"missed_alerts.intent","io mi è sfuggito  delle promemoria"
ovos-skill-alerts.openvoiceos,"missed_alerts.intent","io mi è sfuggito  delle sveglia"
ovos-skill-alerts.openvoiceos,"missed_alerts.intent","io mi è sfuggito  delle sveglie"
ovos-skill-alerts.openvoiceos,"missed_alerts.intent","io mi è sfuggito  delle timer"
ovos-skill-alerts.openvoiceos,"missed_alerts.intent","io mi è sfuggito  qualche allarme"
ovos-skill-alerts.openvoiceos,"missed_alerts.intent","io mi è sfuggito  qualche allarmi"
ovos-skill-alerts.openvoiceos,"missed_alerts.intent","io mi è sfuggito  qualche eventi"
ovos-skill-alerts.openvoiceos,"missed_alerts.intent","io mi è sfuggito  qualche evento"
ovos-skill-alerts.openvoiceos,"missed_alerts.intent","io mi è sfuggito  qualche promemoria"
ovos-skill-alerts.openvoiceos,"missed_alerts.intent","io mi è sfuggito  qualche sveglia"
ovos-skill-alerts.openvoiceos,"missed_alerts.intent","io mi è sfuggito  qualche sveglie"
ovos-skill-alerts.openvoiceos,"missed_alerts.intent","io mi è sfuggito  qualche timer"
ovos-skill-alerts.openvoiceos,"missed_alerts.intent","io mi è sfuggito  un allarme"
ovos-skill-alerts.openvoiceos,"missed_alerts.intent","io mi è sfuggito  un allarmi"
ovos-skill-alerts.openvoiceos,"missed_alerts.intent","io mi è sfuggito  un eventi"
ovos-skill-alerts.openvoiceos,"missed_alerts.intent","io mi è sfuggito  un evento"
ovos-skill-alerts.openvoiceos,"missed_alerts.intent","io mi è sfuggito  un promemoria"
ovos-skill-alerts.openvoiceos,"missed_alerts.intent","io mi è sfuggito  un sveglia"
ovos-skill-alerts.openvoiceos,"missed_alerts.intent","io mi è sfuggito  un sveglie"
ovos-skill-alerts.openvoiceos,"missed_alerts.intent","io mi è sfuggito  un timer"
ovos-skill-alerts.openvoiceos,"missed_alerts.intent","io mi è sfuggito  una allarme"
ovos-skill-alerts.openvoiceos,"missed_alerts.intent","io mi è sfuggito  una allarmi"
ovos-skill-alerts.openvoiceos,"missed_alerts.intent","io mi è sfuggito  una eventi"
ovos-skill-alerts.openvoiceos,"missed_alerts.intent","io mi è sfuggito  una evento"
ovos-skill-alerts.openvoiceos,"missed_alerts.intent","io mi è sfuggito  una promemoria"
ovos-skill-alerts.openvoiceos,"missed_alerts.intent","io mi è sfuggito  una sveglia"
ovos-skill-alerts.openvoiceos,"missed_alerts.intent","io mi è sfuggito  una sveglie"
ovos-skill-alerts.openvoiceos,"missed_alerts.intent","io mi è sfuggito  una timer"
ovos-skill-alerts.openvoiceos,"missed_alerts.intent","io mi è sfuggito per caso degli allarme"
ovos-skill-alerts.openvoiceos,"missed_alerts.intent","io mi è sfuggito per caso degli allarmi"
ovos-skill-alerts.openvoiceos,"missed_alerts.intent","io mi è sfuggito per caso degli eventi"
ovos-skill-alerts.openvoiceos,"missed_alerts.intent","io mi è sfuggito per caso degli evento"
ovos-skill-alerts.openvoiceos,"missed_alerts.intent","io mi è sfuggito per caso degli promemoria"
ovos-skill-alerts.openvoiceos,"missed_alerts.intent","io mi è sfuggito per caso degli sveglia"
ovos-skill-alerts.openvoiceos,"missed_alerts.intent","io mi è sfuggito per caso degli sveglie"
ovos-skill-alerts.openvoiceos,"missed_alerts.intent","io mi è sfuggito per caso degli timer"
ovos-skill-alerts.openvoiceos,"missed_alerts.intent","io mi è sfuggito per caso delle allarme"
ovos-skill-alerts.openvoiceos,"missed_alerts.intent","io mi è sfuggito per caso delle allarmi"
ovos-skill-alerts.openvoiceos,"missed_alerts.intent","io mi è sfuggito per caso delle eventi"
ovos-skill-alerts.openvoiceos,"missed_alerts.intent","io mi è sfuggito per caso delle evento"
ovos-skill-alerts.openvoiceos,"missed_alerts.intent","io mi è sfuggito per caso delle promemoria"
ovos-skill-alerts.openvoiceos,"missed_alerts.intent","io mi è sfuggito per caso delle sveglia"
ovos-skill-alerts.openvoiceos,"missed_alerts.intent","io mi è sfuggito per caso delle sveglie"
ovos-skill-alerts.openvoiceos,"missed_alerts.intent","io mi è sfuggito per caso delle timer"
ovos-skill-alerts.openvoiceos,"missed_alerts.intent","io mi è sfuggito per caso qualche allarme"
ovos-skill-alerts.openvoiceos,"missed_alerts.intent","io mi è sfuggito per caso qualche allarmi"
ovos-skill-alerts.openvoiceos,"missed_alerts.intent","io mi è sfuggito per caso qualche eventi"
ovos-skill-alerts.openvoiceos,"missed_alerts.intent","io mi è sfuggito per caso qualche evento"
ovos-skill-alerts.openvoiceos,"missed_alerts.intent","io mi è sfuggito per caso qualche promemoria"
ovos-skill-alerts.openvoiceos,"missed_alerts.intent","io mi è sfuggito per caso qualche sveglia"
ovos-skill-alerts.openvoiceos,"missed_alerts.intent","io mi è sfuggito per caso qualche sveglie"
ovos-skill-alerts.openvoiceos,"missed_alerts.intent","io mi è sfuggito per caso qualche timer"
ovos-skill-alerts.openvoiceos,"missed_alerts.intent","io mi è sfuggito per caso un allarme"
ovos-skill-alerts.openvoiceos,"missed_alerts.intent","io mi è sfuggito per caso un allarmi"
ovos-skill-alerts.openvoiceos,"missed_alerts.intent","io mi è sfuggito per caso un eventi"
ovos-skill-alerts.openvoiceos,"missed_alerts.intent","io mi è sfuggito per caso un evento"
ovos-skill-alerts.openvoiceos,"missed_alerts.intent","io mi è sfuggito per caso un promemoria"
ovos-skill-alerts.openvoiceos,"missed_alerts.intent","io mi è sfuggito per caso un sveglia"
ovos-skill-alerts.openvoiceos,"missed_alerts.intent","io mi è sfuggito per caso un sveglie"
ovos-skill-alerts.openvoiceos,"missed_alerts.intent","io mi è sfuggito per caso un timer"
ovos-skill-alerts.openvoiceos,"missed_alerts.intent","io mi è sfuggito per caso una allarme"
ovos-skill-alerts.openvoiceos,"missed_alerts.intent","io mi è sfuggito per caso una allarmi"
ovos-skill-alerts.openvoiceos,"missed_alerts.intent","io mi è sfuggito per caso una eventi"
ovos-skill-alerts.openvoiceos,"missed_alerts.intent","io mi è sfuggito per caso una evento"
ovos-skill-alerts.openvoiceos,"missed_alerts.intent","io mi è sfuggito per caso una promemoria"
ovos-skill-alerts.openvoiceos,"missed_alerts.intent","io mi è sfuggito per caso una sveglia"
ovos-skill-alerts.openvoiceos,"missed_alerts.intent","io mi è sfuggito per caso una sveglie"
ovos-skill-alerts.openvoiceos,"missed_alerts.intent","io mi è sfuggito per caso una timer"
ovos-skill-alerts.openvoiceos,"missed_alerts.intent","mi sono perso  degli allarme"
ovos-skill-alerts.openvoiceos,"missed_alerts.intent","mi sono perso  degli allarmi"
ovos-skill-alerts.openvoiceos,"missed_alerts.intent","mi sono perso  degli eventi"
ovos-skill-alerts.openvoiceos,"missed_alerts.intent","mi sono perso  degli evento"
ovos-skill-alerts.openvoiceos,"missed_alerts.intent","mi sono perso  degli promemoria"
ovos-skill-alerts.openvoiceos,"missed_alerts.intent","mi sono perso  degli sveglia"
ovos-skill-alerts.openvoiceos,"missed_alerts.intent","mi sono perso  degli sveglie"
ovos-skill-alerts.openvoiceos,"missed_alerts.intent","mi sono perso  degli timer"
ovos-skill-alerts.openvoiceos,"missed_alerts.intent","mi sono perso  delle allarme"
ovos-skill-alerts.openvoiceos,"missed_alerts.intent","mi sono perso  delle allarmi"
ovos-skill-alerts.openvoiceos,"missed_alerts.intent","mi sono perso  delle eventi"
ovos-skill-alerts.openvoiceos,"missed_alerts.intent","mi sono perso  delle evento"
ovos-skill-alerts.openvoiceos,"missed_alerts.intent","mi sono perso  delle promemoria"
ovos-skill-alerts.openvoiceos,"missed_alerts.intent","mi sono perso  delle sveglia"
ovos-skill-alerts.openvoiceos,"missed_alerts.intent","mi sono perso  delle sveglie"
ovos-skill-alerts.openvoiceos,"missed_alerts.intent","mi sono perso  delle timer"
ovos-skill-alerts.openvoiceos,"missed_alerts.intent","mi sono perso  qualche allarme"
ovos-skill-alerts.openvoiceos,"missed_alerts.intent","mi sono perso  qualche allarmi"
ovos-skill-alerts.openvoiceos,"missed_alerts.intent","mi sono perso  qualche eventi"
ovos-skill-alerts.openvoiceos,"missed_alerts.intent","mi sono perso  qualche evento"
ovos-skill-alerts.openvoiceos,"missed_alerts.intent","mi sono perso  qualche promemoria"
ovos-skill-alerts.openvoiceos,"missed_alerts.intent","mi sono perso  qualche sveglia"
ovos-skill-alerts.openvoiceos,"missed_alerts.intent","mi sono perso  qualche sveglie"
ovos-skill-alerts.openvoiceos,"missed_alerts.intent","mi sono perso  qualche timer"
ovos-skill-alerts.openvoiceos,"missed_alerts.intent","mi sono perso  un allarme"
ovos-skill-alerts.openvoiceos,"missed_alerts.intent","mi sono perso  un allarmi"
ovos-skill-alerts.openvoiceos,"missed_alerts.intent","mi sono perso  un eventi"
ovos-skill-alerts.openvoiceos,"missed_alerts.intent","mi sono perso  un evento"
ovos-skill-alerts.openvoiceos,"missed_alerts.intent","mi sono perso  un promemoria"
ovos-skill-alerts.openvoiceos,"missed_alerts.intent","mi sono perso  un sveglia"
ovos-skill-alerts.openvoiceos,"missed_alerts.intent","mi sono perso  un sveglie"
ovos-skill-alerts.openvoiceos,"missed_alerts.intent","mi sono perso  un timer"
ovos-skill-alerts.openvoiceos,"missed_alerts.intent","mi sono perso  una allarme"
ovos-skill-alerts.openvoiceos,"missed_alerts.intent","mi sono perso  una allarmi"
ovos-skill-alerts.openvoiceos,"missed_alerts.intent","mi sono perso  una eventi"
ovos-skill-alerts.openvoiceos,"missed_alerts.intent","mi sono perso  una evento"
ovos-skill-alerts.openvoiceos,"missed_alerts.intent","mi sono perso  una promemoria"
ovos-skill-alerts.openvoiceos,"missed_alerts.intent","mi sono perso  una sveglia"
ovos-skill-alerts.openvoiceos,"missed_alerts.intent","mi sono perso  una sveglie"
ovos-skill-alerts.openvoiceos,"missed_alerts.intent","mi sono perso  una timer"
ovos-skill-alerts.openvoiceos,"missed_alerts.intent","mi sono perso per caso degli allarme"
ovos-skill-alerts.openvoiceos,"missed_alerts.intent","mi sono perso per caso degli allarmi"
ovos-skill-alerts.openvoiceos,"missed_alerts.intent","mi sono perso per caso degli eventi"
ovos-skill-alerts.openvoiceos,"missed_alerts.intent","mi sono perso per caso degli evento"
ovos-skill-alerts.openvoiceos,"missed_alerts.intent","mi sono perso per caso degli promemoria"
ovos-skill-alerts.openvoiceos,"missed_alerts.intent","mi sono perso per caso degli sveglia"
ovos-skill-alerts.openvoiceos,"missed_alerts.intent","mi sono perso per caso degli sveglie"
ovos-skill-alerts.openvoiceos,"missed_alerts.intent","mi sono perso per caso degli timer"
ovos-skill-alerts.openvoiceos,"missed_alerts.intent","mi sono perso per caso delle allarme"
ovos-skill-alerts.openvoiceos,"missed_alerts.intent","mi sono perso per caso delle allarmi"
ovos-skill-alerts.openvoiceos,"missed_alerts.intent","mi sono perso per caso delle eventi"
ovos-skill-alerts.openvoiceos,"missed_alerts.intent","mi sono perso per caso delle evento"
ovos-skill-alerts.openvoiceos,"missed_alerts.intent","mi sono perso per caso delle promemoria"
ovos-skill-alerts.openvoiceos,"missed_alerts.intent","mi sono perso per caso delle sveglia"
ovos-skill-alerts.openvoiceos,"missed_alerts.intent","mi sono perso per caso delle sveglie"
ovos-skill-alerts.openvoiceos,"missed_alerts.intent","mi sono perso per caso delle timer"
ovos-skill-alerts.openvoiceos,"missed_alerts.intent","mi sono perso per caso qualche allarme"
ovos-skill-alerts.openvoiceos,"missed_alerts.intent","mi sono perso per caso qualche allarmi"
ovos-skill-alerts.openvoiceos,"missed_alerts.intent","mi sono perso per caso qualche eventi"
ovos-skill-alerts.openvoiceos,"missed_alerts.intent","mi sono perso per caso qualche evento"
ovos-skill-alerts.openvoiceos,"missed_alerts.intent","mi sono perso per caso qualche promemoria"
ovos-skill-alerts.openvoiceos,"missed_alerts.intent","mi sono perso per caso qualche sveglia"
ovos-skill-alerts.openvoiceos,"missed_alerts.intent","mi sono perso per caso qualche sveglie"
ovos-skill-alerts.openvoiceos,"missed_alerts.intent","mi sono perso per caso qualche timer"
ovos-skill-alerts.openvoiceos,"missed_alerts.intent","mi sono perso per caso un allarme"
ovos-skill-alerts.openvoiceos,"missed_alerts.intent","mi sono perso per caso un allarmi"
ovos-skill-alerts.openvoiceos,"missed_alerts.intent","mi sono perso per caso un eventi"
ovos-skill-alerts.openvoiceos,"missed_alerts.intent","mi sono perso per caso un evento"
ovos-skill-alerts.openvoiceos,"missed_alerts.intent","mi sono perso per caso un promemoria"
ovos-skill-alerts.openvoiceos,"missed_alerts.intent","mi sono perso per caso un sveglia"
ovos-skill-alerts.openvoiceos,"missed_alerts.intent","mi sono perso per caso un sveglie"
ovos-skill-alerts.openvoiceos,"missed_alerts.intent","mi sono perso per caso un timer"
ovos-skill-alerts.openvoiceos,"missed_alerts.intent","mi sono perso per caso una allarme"
ovos-skill-alerts.openvoiceos,"missed_alerts.intent","mi sono perso per caso una allarmi"
ovos-skill-alerts.openvoiceos,"missed_alerts.intent","mi sono perso per caso una eventi"
ovos-skill-alerts.openvoiceos,"missed_alerts.intent","mi sono perso per caso una evento"
ovos-skill-alerts.openvoiceos,"missed_alerts.intent","mi sono perso per caso una promemoria"
ovos-skill-alerts.openvoiceos,"missed_alerts.intent","mi sono perso per caso una sveglia"
ovos-skill-alerts.openvoiceos,"missed_alerts.intent","mi sono perso per caso una sveglie"
ovos-skill-alerts.openvoiceos,"missed_alerts.intent","mi sono perso per caso una timer"
ovos-skill-alerts.openvoiceos,"missed_alerts.intent","mi è sfuggito  degli allarme"
ovos-skill-alerts.openvoiceos,"missed_alerts.intent","mi è sfuggito  degli allarmi"
ovos-skill-alerts.openvoiceos,"missed_alerts.intent","mi è sfuggito  degli eventi"
ovos-skill-alerts.openvoiceos,"missed_alerts.intent","mi è sfuggito  degli evento"
ovos-skill-alerts.openvoiceos,"missed_alerts.intent","mi è sfuggito  degli promemoria"
ovos-skill-alerts.openvoiceos,"missed_alerts.intent","mi è sfuggito  degli sveglia"
ovos-skill-alerts.openvoiceos,"missed_alerts.intent","mi è sfuggito  degli sveglie"
ovos-skill-alerts.openvoiceos,"missed_alerts.intent","mi è sfuggito  degli timer"
ovos-skill-alerts.openvoiceos,"missed_alerts.intent","mi è sfuggito  delle allarme"
ovos-skill-alerts.openvoiceos,"missed_alerts.intent","mi è sfuggito  delle allarmi"
ovos-skill-alerts.openvoiceos,"missed_alerts.intent","mi è sfuggito  delle eventi"
ovos-skill-alerts.openvoiceos,"missed_alerts.intent","mi è sfuggito  delle evento"
ovos-skill-alerts.openvoiceos,"missed_alerts.intent","mi è sfuggito  delle promemoria"
ovos-skill-alerts.openvoiceos,"missed_alerts.intent","mi è sfuggito  delle sveglia"
ovos-skill-alerts.openvoiceos,"missed_alerts.intent","mi è sfuggito  delle sveglie"
ovos-skill-alerts.openvoiceos,"missed_alerts.intent","mi è sfuggito  delle timer"
ovos-skill-alerts.openvoiceos,"missed_alerts.intent","mi è sfuggito  qualche allarme"
ovos-skill-alerts.openvoiceos,"missed_alerts.intent","mi è sfuggito  qualche allarmi"
ovos-skill-alerts.openvoiceos,"missed_alerts.intent","mi è sfuggito  qualche eventi"
ovos-skill-alerts.openvoiceos,"missed_alerts.intent","mi è sfuggito  qualche evento"
ovos-skill-alerts.openvoiceos,"missed_alerts.intent","mi è sfuggito  qualche promemoria"
ovos-skill-alerts.openvoiceos,"missed_alerts.intent","mi è sfuggito  qualche sveglia"
ovos-skill-alerts.openvoiceos,"missed_alerts.intent","mi è sfuggito  qualche sveglie"
ovos-skill-alerts.openvoiceos,"missed_alerts.intent","mi è sfuggito  qualche timer"
ovos-skill-alerts.openvoiceos,"missed_alerts.intent","mi è sfuggito  un allarme"
ovos-skill-alerts.openvoiceos,"missed_alerts.intent","mi è sfuggito  un allarmi"
ovos-skill-alerts.openvoiceos,"missed_alerts.intent","mi è sfuggito  un eventi"
ovos-skill-alerts.openvoiceos,"missed_alerts.intent","mi è sfuggito  un evento"
ovos-skill-alerts.openvoiceos,"missed_alerts.intent","mi è sfuggito  un promemoria"
ovos-skill-alerts.openvoiceos,"missed_alerts.intent","mi è sfuggito  un sveglia"
ovos-skill-alerts.openvoiceos,"missed_alerts.intent","mi è sfuggito  un sveglie"
ovos-skill-alerts.openvoiceos,"missed_alerts.intent","mi è sfuggito  un timer"
ovos-skill-alerts.openvoiceos,"missed_alerts.intent","mi è sfuggito  una allarme"
ovos-skill-alerts.openvoiceos,"missed_alerts.intent","mi è sfuggito  una allarmi"
ovos-skill-alerts.openvoiceos,"missed_alerts.intent","mi è sfuggito  una eventi"
ovos-skill-alerts.openvoiceos,"missed_alerts.intent","mi è sfuggito  una evento"
ovos-skill-alerts.openvoiceos,"missed_alerts.intent","mi è sfuggito  una promemoria"
ovos-skill-alerts.openvoiceos,"missed_alerts.intent","mi è sfuggito  una sveglia"
ovos-skill-alerts.openvoiceos,"missed_alerts.intent","mi è sfuggito  una sveglie"
ovos-skill-alerts.openvoiceos,"missed_alerts.intent","mi è sfuggito  una timer"
ovos-skill-alerts.openvoiceos,"missed_alerts.intent","mi è sfuggito per caso degli allarme"
ovos-skill-alerts.openvoiceos,"missed_alerts.intent","mi è sfuggito per caso degli allarmi"
ovos-skill-alerts.openvoiceos,"missed_alerts.intent","mi è sfuggito per caso degli eventi"
ovos-skill-alerts.openvoiceos,"missed_alerts.intent","mi è sfuggito per caso degli evento"
ovos-skill-alerts.openvoiceos,"missed_alerts.intent","mi è sfuggito per caso degli promemoria"
ovos-skill-alerts.openvoiceos,"missed_alerts.intent","mi è sfuggito per caso degli sveglia"
ovos-skill-alerts.openvoiceos,"missed_alerts.intent","mi è sfuggito per caso degli sveglie"
ovos-skill-alerts.openvoiceos,"missed_alerts.intent","mi è sfuggito per caso degli timer"
ovos-skill-alerts.openvoiceos,"missed_alerts.intent","mi è sfuggito per caso delle allarme"
ovos-skill-alerts.openvoiceos,"missed_alerts.intent","mi è sfuggito per caso delle allarmi"
ovos-skill-alerts.openvoiceos,"missed_alerts.intent","mi è sfuggito per caso delle eventi"
ovos-skill-alerts.openvoiceos,"missed_alerts.intent","mi è sfuggito per caso delle evento"
ovos-skill-alerts.openvoiceos,"missed_alerts.intent","mi è sfuggito per caso delle promemoria"
ovos-skill-alerts.openvoiceos,"missed_alerts.intent","mi è sfuggito per caso delle sveglia"
ovos-skill-alerts.openvoiceos,"missed_alerts.intent","mi è sfuggito per caso delle sveglie"
ovos-skill-alerts.openvoiceos,"missed_alerts.intent","mi è sfuggito per caso delle timer"
ovos-skill-alerts.openvoiceos,"missed_alerts.intent","mi è sfuggito per caso qualche allarme"
ovos-skill-alerts.openvoiceos,"missed_alerts.intent","mi è sfuggito per caso qualche allarmi"
ovos-skill-alerts.openvoiceos,"missed_alerts.intent","mi è sfuggito per caso qualche eventi"
ovos-skill-alerts.openvoiceos,"missed_alerts.intent","mi è sfuggito per caso qualche evento"
ovos-skill-alerts.openvoiceos,"missed_alerts.intent","mi è sfuggito per caso qualche promemoria"
ovos-skill-alerts.openvoiceos,"missed_alerts.intent","mi è sfuggito per caso qualche sveglia"
ovos-skill-alerts.openvoiceos,"missed_alerts.intent","mi è sfuggito per caso qualche sveglie"
ovos-skill-alerts.openvoiceos,"missed_alerts.intent","mi è sfuggito per caso qualche timer"
ovos-skill-alerts.openvoiceos,"missed_alerts.intent","mi è sfuggito per caso un allarme"
ovos-skill-alerts.openvoiceos,"missed_alerts.intent","mi è sfuggito per caso un allarmi"
ovos-skill-alerts.openvoiceos,"missed_alerts.intent","mi è sfuggito per caso un eventi"
ovos-skill-alerts.openvoiceos,"missed_alerts.intent","mi è sfuggito per caso un evento"
ovos-skill-alerts.openvoiceos,"missed_alerts.intent","mi è sfuggito per caso un promemoria"
ovos-skill-alerts.openvoiceos,"missed_alerts.intent","mi è sfuggito per caso un sveglia"
ovos-skill-alerts.openvoiceos,"missed_alerts.intent","mi è sfuggito per caso un sveglie"
ovos-skill-alerts.openvoiceos,"missed_alerts.intent","mi è sfuggito per caso un timer"
ovos-skill-alerts.openvoiceos,"missed_alerts.intent","mi è sfuggito per caso una allarme"
ovos-skill-alerts.openvoiceos,"missed_alerts.intent","mi è sfuggito per caso una allarmi"
ovos-skill-alerts.openvoiceos,"missed_alerts.intent","mi è sfuggito per caso una eventi"
ovos-skill-alerts.openvoiceos,"missed_alerts.intent","mi è sfuggito per caso una evento"
ovos-skill-alerts.openvoiceos,"missed_alerts.intent","mi è sfuggito per caso una promemoria"
ovos-skill-alerts.openvoiceos,"missed_alerts.intent","mi è sfuggito per caso una sveglia"
ovos-skill-alerts.openvoiceos,"missed_alerts.intent","mi è sfuggito per caso una sveglie"
ovos-skill-alerts.openvoiceos,"missed_alerts.intent","mi è sfuggito per caso una timer"
ovos-skill-alerts.openvoiceos,"missed_alerts.intent","per caso  mi sono perso  degli allarme"
ovos-skill-alerts.openvoiceos,"missed_alerts.intent","per caso  mi sono perso  degli allarmi"
ovos-skill-alerts.openvoiceos,"missed_alerts.intent","per caso  mi sono perso  degli eventi"
ovos-skill-alerts.openvoiceos,"missed_alerts.intent","per caso  mi sono perso  degli evento"
ovos-skill-alerts.openvoiceos,"missed_alerts.intent","per caso  mi sono perso  degli promemoria"
ovos-skill-alerts.openvoiceos,"missed_alerts.intent","per caso  mi sono perso  degli sveglia"
ovos-skill-alerts.openvoiceos,"missed_alerts.intent","per caso  mi sono perso  degli sveglie"
ovos-skill-alerts.openvoiceos,"missed_alerts.intent","per caso  mi sono perso  degli timer"
ovos-skill-alerts.openvoiceos,"missed_alerts.intent","per caso  mi sono perso  delle allarme"
ovos-skill-alerts.openvoiceos,"missed_alerts.intent","per caso  mi sono perso  delle allarmi"
ovos-skill-alerts.openvoiceos,"missed_alerts.intent","per caso  mi sono perso  delle eventi"
ovos-skill-alerts.openvoiceos,"missed_alerts.intent","per caso  mi sono perso  delle evento"
ovos-skill-alerts.openvoiceos,"missed_alerts.intent","per caso  mi sono perso  delle promemoria"
ovos-skill-alerts.openvoiceos,"missed_alerts.intent","per caso  mi sono perso  delle sveglia"
ovos-skill-alerts.openvoiceos,"missed_alerts.intent","per caso  mi sono perso  delle sveglie"
ovos-skill-alerts.openvoiceos,"missed_alerts.intent","per caso  mi sono perso  delle timer"
ovos-skill-alerts.openvoiceos,"missed_alerts.intent","per caso  mi sono perso  qualche allarme"
ovos-skill-alerts.openvoiceos,"missed_alerts.intent","per caso  mi sono perso  qualche allarmi"
ovos-skill-alerts.openvoiceos,"missed_alerts.intent","per caso  mi sono perso  qualche eventi"
ovos-skill-alerts.openvoiceos,"missed_alerts.intent","per caso  mi sono perso  qualche evento"
ovos-skill-alerts.openvoiceos,"missed_alerts.intent","per caso  mi sono perso  qualche promemoria"
ovos-skill-alerts.openvoiceos,"missed_alerts.intent","per caso  mi sono perso  qualche sveglia"
ovos-skill-alerts.openvoiceos,"missed_alerts.intent","per caso  mi sono perso  qualche sveglie"
ovos-skill-alerts.openvoiceos,"missed_alerts.intent","per caso  mi sono perso  qualche timer"
ovos-skill-alerts.openvoiceos,"missed_alerts.intent","per caso  mi sono perso  un allarme"
ovos-skill-alerts.openvoiceos,"missed_alerts.intent","per caso  mi sono perso  un allarmi"
ovos-skill-alerts.openvoiceos,"missed_alerts.intent","per caso  mi sono perso  un eventi"
ovos-skill-alerts.openvoiceos,"missed_alerts.intent","per caso  mi sono perso  un evento"
ovos-skill-alerts.openvoiceos,"missed_alerts.intent","per caso  mi sono perso  un promemoria"
ovos-skill-alerts.openvoiceos,"missed_alerts.intent","per caso  mi sono perso  un sveglia"
ovos-skill-alerts.openvoiceos,"missed_alerts.intent","per caso  mi sono perso  un sveglie"
ovos-skill-alerts.openvoiceos,"missed_alerts.intent","per caso  mi sono perso  un timer"
ovos-skill-alerts.openvoiceos,"missed_alerts.intent","per caso  mi sono perso  una allarme"
ovos-skill-alerts.openvoiceos,"missed_alerts.intent","per caso  mi sono perso  una allarmi"
ovos-skill-alerts.openvoiceos,"missed_alerts.intent","per caso  mi sono perso  una eventi"
ovos-skill-alerts.openvoiceos,"missed_alerts.intent","per caso  mi sono perso  una evento"
ovos-skill-alerts.openvoiceos,"missed_alerts.intent","per caso  mi sono perso  una promemoria"
ovos-skill-alerts.openvoiceos,"missed_alerts.intent","per caso  mi sono perso  una sveglia"
ovos-skill-alerts.openvoiceos,"missed_alerts.intent","per caso  mi sono perso  una sveglie"
ovos-skill-alerts.openvoiceos,"missed_alerts.intent","per caso  mi sono perso  una timer"
ovos-skill-alerts.openvoiceos,"missed_alerts.intent","per caso  mi sono perso per caso degli allarme"
ovos-skill-alerts.openvoiceos,"missed_alerts.intent","per caso  mi sono perso per caso degli allarmi"
ovos-skill-alerts.openvoiceos,"missed_alerts.intent","per caso  mi sono perso per caso degli eventi"
ovos-skill-alerts.openvoiceos,"missed_alerts.intent","per caso  mi sono perso per caso degli evento"
ovos-skill-alerts.openvoiceos,"missed_alerts.intent","per caso  mi sono perso per caso degli promemoria"
ovos-skill-alerts.openvoiceos,"missed_alerts.intent","per caso  mi sono perso per caso degli sveglia"
ovos-skill-alerts.openvoiceos,"missed_alerts.intent","per caso  mi sono perso per caso degli sveglie"
ovos-skill-alerts.openvoiceos,"missed_alerts.intent","per caso  mi sono perso per caso degli timer"
ovos-skill-alerts.openvoiceos,"missed_alerts.intent","per caso  mi sono perso per caso delle allarme"
ovos-skill-alerts.openvoiceos,"missed_alerts.intent","per caso  mi sono perso per caso delle allarmi"
ovos-skill-alerts.openvoiceos,"missed_alerts.intent","per caso  mi sono perso per caso delle eventi"
ovos-skill-alerts.openvoiceos,"missed_alerts.intent","per caso  mi sono perso per caso delle evento"
ovos-skill-alerts.openvoiceos,"missed_alerts.intent","per caso  mi sono perso per caso delle promemoria"
ovos-skill-alerts.openvoiceos,"missed_alerts.intent","per caso  mi sono perso per caso delle sveglia"
ovos-skill-alerts.openvoiceos,"missed_alerts.intent","per caso  mi sono perso per caso delle sveglie"
ovos-skill-alerts.openvoiceos,"missed_alerts.intent","per caso  mi sono perso per caso delle timer"
ovos-skill-alerts.openvoiceos,"missed_alerts.intent","per caso  mi sono perso per caso qualche allarme"
ovos-skill-alerts.openvoiceos,"missed_alerts.intent","per caso  mi sono perso per caso qualche allarmi"
ovos-skill-alerts.openvoiceos,"missed_alerts.intent","per caso  mi sono perso per caso qualche eventi"
ovos-skill-alerts.openvoiceos,"missed_alerts.intent","per caso  mi sono perso per caso qualche evento"
ovos-skill-alerts.openvoiceos,"missed_alerts.intent","per caso  mi sono perso per caso qualche promemoria"
ovos-skill-alerts.openvoiceos,"missed_alerts.intent","per caso  mi sono perso per caso qualche sveglia"
ovos-skill-alerts.openvoiceos,"missed_alerts.intent","per caso  mi sono perso per caso qualche sveglie"
ovos-skill-alerts.openvoiceos,"missed_alerts.intent","per caso  mi sono perso per caso qualche timer"
ovos-skill-alerts.openvoiceos,"missed_alerts.intent","per caso  mi sono perso per caso un allarme"
ovos-skill-alerts.openvoiceos,"missed_alerts.intent","per caso  mi sono perso per caso un allarmi"
ovos-skill-alerts.openvoiceos,"missed_alerts.intent","per caso  mi sono perso per caso un eventi"
ovos-skill-alerts.openvoiceos,"missed_alerts.intent","per caso  mi sono perso per caso un evento"
ovos-skill-alerts.openvoiceos,"missed_alerts.intent","per caso  mi sono perso per caso un promemoria"
ovos-skill-alerts.openvoiceos,"missed_alerts.intent","per caso  mi sono perso per caso un sveglia"
ovos-skill-alerts.openvoiceos,"missed_alerts.intent","per caso  mi sono perso per caso un sveglie"
ovos-skill-alerts.openvoiceos,"missed_alerts.intent","per caso  mi sono perso per caso un timer"
ovos-skill-alerts.openvoiceos,"missed_alerts.intent","per caso  mi sono perso per caso una allarme"
ovos-skill-alerts.openvoiceos,"missed_alerts.intent","per caso  mi sono perso per caso una allarmi"
ovos-skill-alerts.openvoiceos,"missed_alerts.intent","per caso  mi sono perso per caso una eventi"
ovos-skill-alerts.openvoiceos,"missed_alerts.intent","per caso  mi sono perso per caso una evento"
ovos-skill-alerts.openvoiceos,"missed_alerts.intent","per caso  mi sono perso per caso una promemoria"
ovos-skill-alerts.openvoiceos,"missed_alerts.intent","per caso  mi sono perso per caso una sveglia"
ovos-skill-alerts.openvoiceos,"missed_alerts.intent","per caso  mi sono perso per caso una sveglie"
ovos-skill-alerts.openvoiceos,"missed_alerts.intent","per caso  mi sono perso per caso una timer"
ovos-skill-alerts.openvoiceos,"missed_alerts.intent","per caso  mi è sfuggito  degli allarme"
ovos-skill-alerts.openvoiceos,"missed_alerts.intent","per caso  mi è sfuggito  degli allarmi"
ovos-skill-alerts.openvoiceos,"missed_alerts.intent","per caso  mi è sfuggito  degli eventi"
ovos-skill-alerts.openvoiceos,"missed_alerts.intent","per caso  mi è sfuggito  degli evento"
ovos-skill-alerts.openvoiceos,"missed_alerts.intent","per caso  mi è sfuggito  degli promemoria"
ovos-skill-alerts.openvoiceos,"missed_alerts.intent","per caso  mi è sfuggito  degli sveglia"
ovos-skill-alerts.openvoiceos,"missed_alerts.intent","per caso  mi è sfuggito  degli sveglie"
ovos-skill-alerts.openvoiceos,"missed_alerts.intent","per caso  mi è sfuggito  degli timer"
ovos-skill-alerts.openvoiceos,"missed_alerts.intent","per caso  mi è sfuggito  delle allarme"
ovos-skill-alerts.openvoiceos,"missed_alerts.intent","per caso  mi è sfuggito  delle allarmi"
ovos-skill-alerts.openvoiceos,"missed_alerts.intent","per caso  mi è sfuggito  delle eventi"
ovos-skill-alerts.openvoiceos,"missed_alerts.intent","per caso  mi è sfuggito  delle evento"
ovos-skill-alerts.openvoiceos,"missed_alerts.intent","per caso  mi è sfuggito  delle promemoria"
ovos-skill-alerts.openvoiceos,"missed_alerts.intent","per caso  mi è sfuggito  delle sveglia"
ovos-skill-alerts.openvoiceos,"missed_alerts.intent","per caso  mi è sfuggito  delle sveglie"
ovos-skill-alerts.openvoiceos,"missed_alerts.intent","per caso  mi è sfuggito  delle timer"
ovos-skill-alerts.openvoiceos,"missed_alerts.intent","per caso  mi è sfuggito  qualche allarme"
ovos-skill-alerts.openvoiceos,"missed_alerts.intent","per caso  mi è sfuggito  qualche allarmi"
ovos-skill-alerts.openvoiceos,"missed_alerts.intent","per caso  mi è sfuggito  qualche eventi"
ovos-skill-alerts.openvoiceos,"missed_alerts.intent","per caso  mi è sfuggito  qualche evento"
ovos-skill-alerts.openvoiceos,"missed_alerts.intent","per caso  mi è sfuggito  qualche promemoria"
ovos-skill-alerts.openvoiceos,"missed_alerts.intent","per caso  mi è sfuggito  qualche sveglia"
ovos-skill-alerts.openvoiceos,"missed_alerts.intent","per caso  mi è sfuggito  qualche sveglie"
ovos-skill-alerts.openvoiceos,"missed_alerts.intent","per caso  mi è sfuggito  qualche timer"
ovos-skill-alerts.openvoiceos,"missed_alerts.intent","per caso  mi è sfuggito  un allarme"
ovos-skill-alerts.openvoiceos,"missed_alerts.intent","per caso  mi è sfuggito  un allarmi"
ovos-skill-alerts.openvoiceos,"missed_alerts.intent","per caso  mi è sfuggito  un eventi"
ovos-skill-alerts.openvoiceos,"missed_alerts.intent","per caso  mi è sfuggito  un evento"
ovos-skill-alerts.openvoiceos,"missed_alerts.intent","per caso  mi è sfuggito  un promemoria"
ovos-skill-alerts.openvoiceos,"missed_alerts.intent","per caso  mi è sfuggito  un sveglia"
ovos-skill-alerts.openvoiceos,"missed_alerts.intent","per caso  mi è sfuggito  un sveglie"
ovos-skill-alerts.openvoiceos,"missed_alerts.intent","per caso  mi è sfuggito  un timer"
ovos-skill-alerts.openvoiceos,"missed_alerts.intent","per caso  mi è sfuggito  una allarme"
ovos-skill-alerts.openvoiceos,"missed_alerts.intent","per caso  mi è sfuggito  una allarmi"
ovos-skill-alerts.openvoiceos,"missed_alerts.intent","per caso  mi è sfuggito  una eventi"
ovos-skill-alerts.openvoiceos,"missed_alerts.intent","per caso  mi è sfuggito  una evento"
ovos-skill-alerts.openvoiceos,"missed_alerts.intent","per caso  mi è sfuggito  una promemoria"
ovos-skill-alerts.openvoiceos,"missed_alerts.intent","per caso  mi è sfuggito  una sveglia"
ovos-skill-alerts.openvoiceos,"missed_alerts.intent","per caso  mi è sfuggito  una sveglie"
ovos-skill-alerts.openvoiceos,"missed_alerts.intent","per caso  mi è sfuggito  una timer"
ovos-skill-alerts.openvoiceos,"missed_alerts.intent","per caso  mi è sfuggito per caso degli allarme"
ovos-skill-alerts.openvoiceos,"missed_alerts.intent","per caso  mi è sfuggito per caso degli allarmi"
ovos-skill-alerts.openvoiceos,"missed_alerts.intent","per caso  mi è sfuggito per caso degli eventi"
ovos-skill-alerts.openvoiceos,"missed_alerts.intent","per caso  mi è sfuggito per caso degli evento"
ovos-skill-alerts.openvoiceos,"missed_alerts.intent","per caso  mi è sfuggito per caso degli promemoria"
ovos-skill-alerts.openvoiceos,"missed_alerts.intent","per caso  mi è sfuggito per caso degli sveglia"
ovos-skill-alerts.openvoiceos,"missed_alerts.intent","per caso  mi è sfuggito per caso degli sveglie"
ovos-skill-alerts.openvoiceos,"missed_alerts.intent","per caso  mi è sfuggito per caso degli timer"
ovos-skill-alerts.openvoiceos,"missed_alerts.intent","per caso  mi è sfuggito per caso delle allarme"
ovos-skill-alerts.openvoiceos,"missed_alerts.intent","per caso  mi è sfuggito per caso delle allarmi"
ovos-skill-alerts.openvoiceos,"missed_alerts.intent","per caso  mi è sfuggito per caso delle eventi"
ovos-skill-alerts.openvoiceos,"missed_alerts.intent","per caso  mi è sfuggito per caso delle evento"
ovos-skill-alerts.openvoiceos,"missed_alerts.intent","per caso  mi è sfuggito per caso delle promemoria"
ovos-skill-alerts.openvoiceos,"missed_alerts.intent","per caso  mi è sfuggito per caso delle sveglia"
ovos-skill-alerts.openvoiceos,"missed_alerts.intent","per caso  mi è sfuggito per caso delle sveglie"
ovos-skill-alerts.openvoiceos,"missed_alerts.intent","per caso  mi è sfuggito per caso delle timer"
ovos-skill-alerts.openvoiceos,"missed_alerts.intent","per caso  mi è sfuggito per caso qualche allarme"
ovos-skill-alerts.openvoiceos,"missed_alerts.intent","per caso  mi è sfuggito per caso qualche allarmi"
ovos-skill-alerts.openvoiceos,"missed_alerts.intent","per caso  mi è sfuggito per caso qualche eventi"
ovos-skill-alerts.openvoiceos,"missed_alerts.intent","per caso  mi è sfuggito per caso qualche evento"
ovos-skill-alerts.openvoiceos,"missed_alerts.intent","per caso  mi è sfuggito per caso qualche promemoria"
ovos-skill-alerts.openvoiceos,"missed_alerts.intent","per caso  mi è sfuggito per caso qualche sveglia"
ovos-skill-alerts.openvoiceos,"missed_alerts.intent","per caso  mi è sfuggito per caso qualche sveglie"
ovos-skill-alerts.openvoiceos,"missed_alerts.intent","per caso  mi è sfuggito per caso qualche timer"
ovos-skill-alerts.openvoiceos,"missed_alerts.intent","per caso  mi è sfuggito per caso un allarme"
ovos-skill-alerts.openvoiceos,"missed_alerts.intent","per caso  mi è sfuggito per caso un allarmi"
ovos-skill-alerts.openvoiceos,"missed_alerts.intent","per caso  mi è sfuggito per caso un eventi"
ovos-skill-alerts.openvoiceos,"missed_alerts.intent","per caso  mi è sfuggito per caso un evento"
ovos-skill-alerts.openvoiceos,"missed_alerts.intent","per caso  mi è sfuggito per caso un promemoria"
ovos-skill-alerts.openvoiceos,"missed_alerts.intent","per caso  mi è sfuggito per caso un sveglia"
ovos-skill-alerts.openvoiceos,"missed_alerts.intent","per caso  mi è sfuggito per caso un sveglie"
ovos-skill-alerts.openvoiceos,"missed_alerts.intent","per caso  mi è sfuggito per caso un timer"
ovos-skill-alerts.openvoiceos,"missed_alerts.intent","per caso  mi è sfuggito per caso una allarme"
ovos-skill-alerts.openvoiceos,"missed_alerts.intent","per caso  mi è sfuggito per caso una allarmi"
ovos-skill-alerts.openvoiceos,"missed_alerts.intent","per caso  mi è sfuggito per caso una eventi"
ovos-skill-alerts.openvoiceos,"missed_alerts.intent","per caso  mi è sfuggito per caso una evento"
ovos-skill-alerts.openvoiceos,"missed_alerts.intent","per caso  mi è sfuggito per caso una promemoria"
ovos-skill-alerts.openvoiceos,"missed_alerts.intent","per caso  mi è sfuggito per caso una sveglia"
ovos-skill-alerts.openvoiceos,"missed_alerts.intent","per caso  mi è sfuggito per caso una sveglie"
ovos-skill-alerts.openvoiceos,"missed_alerts.intent","per caso  mi è sfuggito per caso una timer"
ovos-skill-alerts.openvoiceos,"missed_alerts.intent","per caso io mi sono perso  degli allarme"
ovos-skill-alerts.openvoiceos,"missed_alerts.intent","per caso io mi sono perso  degli allarmi"
ovos-skill-alerts.openvoiceos,"missed_alerts.intent","per caso io mi sono perso  degli eventi"
ovos-skill-alerts.openvoiceos,"missed_alerts.intent","per caso io mi sono perso  degli evento"
ovos-skill-alerts.openvoiceos,"missed_alerts.intent","per caso io mi sono perso  degli promemoria"
ovos-skill-alerts.openvoiceos,"missed_alerts.intent","per caso io mi sono perso  degli sveglia"
ovos-skill-alerts.openvoiceos,"missed_alerts.intent","per caso io mi sono perso  degli sveglie"
ovos-skill-alerts.openvoiceos,"missed_alerts.intent","per caso io mi sono perso  degli timer"
ovos-skill-alerts.openvoiceos,"missed_alerts.intent","per caso io mi sono perso  delle allarme"
ovos-skill-alerts.openvoiceos,"missed_alerts.intent","per caso io mi sono perso  delle allarmi"
ovos-skill-alerts.openvoiceos,"missed_alerts.intent","per caso io mi sono perso  delle eventi"
ovos-skill-alerts.openvoiceos,"missed_alerts.intent","per caso io mi sono perso  delle evento"
ovos-skill-alerts.openvoiceos,"missed_alerts.intent","per caso io mi sono perso  delle promemoria"
ovos-skill-alerts.openvoiceos,"missed_alerts.intent","per caso io mi sono perso  delle sveglia"
ovos-skill-alerts.openvoiceos,"missed_alerts.intent","per caso io mi sono perso  delle sveglie"
ovos-skill-alerts.openvoiceos,"missed_alerts.intent","per caso io mi sono perso  delle timer"
ovos-skill-alerts.openvoiceos,"missed_alerts.intent","per caso io mi sono perso  qualche allarme"
ovos-skill-alerts.openvoiceos,"missed_alerts.intent","per caso io mi sono perso  qualche allarmi"
ovos-skill-alerts.openvoiceos,"missed_alerts.intent","per caso io mi sono perso  qualche eventi"
ovos-skill-alerts.openvoiceos,"missed_alerts.intent","per caso io mi sono perso  qualche evento"
ovos-skill-alerts.openvoiceos,"missed_alerts.intent","per caso io mi sono perso  qualche promemoria"
ovos-skill-alerts.openvoiceos,"missed_alerts.intent","per caso io mi sono perso  qualche sveglia"
ovos-skill-alerts.openvoiceos,"missed_alerts.intent","per caso io mi sono perso  qualche sveglie"
ovos-skill-alerts.openvoiceos,"missed_alerts.intent","per caso io mi sono perso  qualche timer"
ovos-skill-alerts.openvoiceos,"missed_alerts.intent","per caso io mi sono perso  un allarme"
ovos-skill-alerts.openvoiceos,"missed_alerts.intent","per caso io mi sono perso  un allarmi"
ovos-skill-alerts.openvoiceos,"missed_alerts.intent","per caso io mi sono perso  un eventi"
ovos-skill-alerts.openvoiceos,"missed_alerts.intent","per caso io mi sono perso  un evento"
ovos-skill-alerts.openvoiceos,"missed_alerts.intent","per caso io mi sono perso  un promemoria"
ovos-skill-alerts.openvoiceos,"missed_alerts.intent","per caso io mi sono perso  un sveglia"
ovos-skill-alerts.openvoiceos,"missed_alerts.intent","per caso io mi sono perso  un sveglie"
ovos-skill-alerts.openvoiceos,"missed_alerts.intent","per caso io mi sono perso  un timer"
ovos-skill-alerts.openvoiceos,"missed_alerts.intent","per caso io mi sono perso  una allarme"
ovos-skill-alerts.openvoiceos,"missed_alerts.intent","per caso io mi sono perso  una allarmi"
ovos-skill-alerts.openvoiceos,"missed_alerts.intent","per caso io mi sono perso  una eventi"
ovos-skill-alerts.openvoiceos,"missed_alerts.intent","per caso io mi sono perso  una evento"
ovos-skill-alerts.openvoiceos,"missed_alerts.intent","per caso io mi sono perso  una promemoria"
ovos-skill-alerts.openvoiceos,"missed_alerts.intent","per caso io mi sono perso  una sveglia"
ovos-skill-alerts.openvoiceos,"missed_alerts.intent","per caso io mi sono perso  una sveglie"
ovos-skill-alerts.openvoiceos,"missed_alerts.intent","per caso io mi sono perso  una timer"
ovos-skill-alerts.openvoiceos,"missed_alerts.intent","per caso io mi sono perso per caso degli allarme"
ovos-skill-alerts.openvoiceos,"missed_alerts.intent","per caso io mi sono perso per caso degli allarmi"
ovos-skill-alerts.openvoiceos,"missed_alerts.intent","per caso io mi sono perso per caso degli eventi"
ovos-skill-alerts.openvoiceos,"missed_alerts.intent","per caso io mi sono perso per caso degli evento"
ovos-skill-alerts.openvoiceos,"missed_alerts.intent","per caso io mi sono perso per caso degli promemoria"
ovos-skill-alerts.openvoiceos,"missed_alerts.intent","per caso io mi sono perso per caso degli sveglia"
ovos-skill-alerts.openvoiceos,"missed_alerts.intent","per caso io mi sono perso per caso degli sveglie"
ovos-skill-alerts.openvoiceos,"missed_alerts.intent","per caso io mi sono perso per caso degli timer"
ovos-skill-alerts.openvoiceos,"missed_alerts.intent","per caso io mi sono perso per caso delle allarme"
ovos-skill-alerts.openvoiceos,"missed_alerts.intent","per caso io mi sono perso per caso delle allarmi"
ovos-skill-alerts.openvoiceos,"missed_alerts.intent","per caso io mi sono perso per caso delle eventi"
ovos-skill-alerts.openvoiceos,"missed_alerts.intent","per caso io mi sono perso per caso delle evento"
ovos-skill-alerts.openvoiceos,"missed_alerts.intent","per caso io mi sono perso per caso delle promemoria"
ovos-skill-alerts.openvoiceos,"missed_alerts.intent","per caso io mi sono perso per caso delle sveglia"
ovos-skill-alerts.openvoiceos,"missed_alerts.intent","per caso io mi sono perso per caso delle sveglie"
ovos-skill-alerts.openvoiceos,"missed_alerts.intent","per caso io mi sono perso per caso delle timer"
ovos-skill-alerts.openvoiceos,"missed_alerts.intent","per caso io mi sono perso per caso qualche allarme"
ovos-skill-alerts.openvoiceos,"missed_alerts.intent","per caso io mi sono perso per caso qualche allarmi"
ovos-skill-alerts.openvoiceos,"missed_alerts.intent","per caso io mi sono perso per caso qualche eventi"
ovos-skill-alerts.openvoiceos,"missed_alerts.intent","per caso io mi sono perso per caso qualche evento"
ovos-skill-alerts.openvoiceos,"missed_alerts.intent","per caso io mi sono perso per caso qualche promemoria"
ovos-skill-alerts.openvoiceos,"missed_alerts.intent","per caso io mi sono perso per caso qualche sveglia"
ovos-skill-alerts.openvoiceos,"missed_alerts.intent","per caso io mi sono perso per caso qualche sveglie"
ovos-skill-alerts.openvoiceos,"missed_alerts.intent","per caso io mi sono perso per caso qualche timer"
ovos-skill-alerts.openvoiceos,"missed_alerts.intent","per caso io mi sono perso per caso un allarme"
ovos-skill-alerts.openvoiceos,"missed_alerts.intent","per caso io mi sono perso per caso un allarmi"
ovos-skill-alerts.openvoiceos,"missed_alerts.intent","per caso io mi sono perso per caso un eventi"
ovos-skill-alerts.openvoiceos,"missed_alerts.intent","per caso io mi sono perso per caso un evento"
ovos-skill-alerts.openvoiceos,"missed_alerts.intent","per caso io mi sono perso per caso un promemoria"
ovos-skill-alerts.openvoiceos,"missed_alerts.intent","per caso io mi sono perso per caso un sveglia"
ovos-skill-alerts.openvoiceos,"missed_alerts.intent","per caso io mi sono perso per caso un sveglie"
ovos-skill-alerts.openvoiceos,"missed_alerts.intent","per caso io mi sono perso per caso un timer"
ovos-skill-alerts.openvoiceos,"missed_alerts.intent","per caso io mi sono perso per caso una allarme"
ovos-skill-alerts.openvoiceos,"missed_alerts.intent","per caso io mi sono perso per caso una allarmi"
ovos-skill-alerts.openvoiceos,"missed_alerts.intent","per caso io mi sono perso per caso una eventi"
ovos-skill-alerts.openvoiceos,"missed_alerts.intent","per caso io mi sono perso per caso una evento"
ovos-skill-alerts.openvoiceos,"missed_alerts.intent","per caso io mi sono perso per caso una promemoria"
ovos-skill-alerts.openvoiceos,"missed_alerts.intent","per caso io mi sono perso per caso una sveglia"
ovos-skill-alerts.openvoiceos,"missed_alerts.intent","per caso io mi sono perso per caso una sveglie"
ovos-skill-alerts.openvoiceos,"missed_alerts.intent","per caso io mi sono perso per caso una timer"
ovos-skill-alerts.openvoiceos,"missed_alerts.intent","per caso io mi è sfuggito  degli allarme"
ovos-skill-alerts.openvoiceos,"missed_alerts.intent","per caso io mi è sfuggito  degli allarmi"
ovos-skill-alerts.openvoiceos,"missed_alerts.intent","per caso io mi è sfuggito  degli eventi"
ovos-skill-alerts.openvoiceos,"missed_alerts.intent","per caso io mi è sfuggito  degli evento"
ovos-skill-alerts.openvoiceos,"missed_alerts.intent","per caso io mi è sfuggito  degli promemoria"
ovos-skill-alerts.openvoiceos,"missed_alerts.intent","per caso io mi è sfuggito  degli sveglia"
ovos-skill-alerts.openvoiceos,"missed_alerts.intent","per caso io mi è sfuggito  degli sveglie"
ovos-skill-alerts.openvoiceos,"missed_alerts.intent","per caso io mi è sfuggito  degli timer"
ovos-skill-alerts.openvoiceos,"missed_alerts.intent","per caso io mi è sfuggito  delle allarme"
ovos-skill-alerts.openvoiceos,"missed_alerts.intent","per caso io mi è sfuggito  delle allarmi"
ovos-skill-alerts.openvoiceos,"missed_alerts.intent","per caso io mi è sfuggito  delle eventi"
ovos-skill-alerts.openvoiceos,"missed_alerts.intent","per caso io mi è sfuggito  delle evento"
ovos-skill-alerts.openvoiceos,"missed_alerts.intent","per caso io mi è sfuggito  delle promemoria"
ovos-skill-alerts.openvoiceos,"missed_alerts.intent","per caso io mi è sfuggito  delle sveglia"
ovos-skill-alerts.openvoiceos,"missed_alerts.intent","per caso io mi è sfuggito  delle sveglie"
ovos-skill-alerts.openvoiceos,"missed_alerts.intent","per caso io mi è sfuggito  delle timer"
ovos-skill-alerts.openvoiceos,"missed_alerts.intent","per caso io mi è sfuggito  qualche allarme"
ovos-skill-alerts.openvoiceos,"missed_alerts.intent","per caso io mi è sfuggito  qualche allarmi"
ovos-skill-alerts.openvoiceos,"missed_alerts.intent","per caso io mi è sfuggito  qualche eventi"
ovos-skill-alerts.openvoiceos,"missed_alerts.intent","per caso io mi è sfuggito  qualche evento"
ovos-skill-alerts.openvoiceos,"missed_alerts.intent","per caso io mi è sfuggito  qualche promemoria"
ovos-skill-alerts.openvoiceos,"missed_alerts.intent","per caso io mi è sfuggito  qualche sveglia"
ovos-skill-alerts.openvoiceos,"missed_alerts.intent","per caso io mi è sfuggito  qualche sveglie"
ovos-skill-alerts.openvoiceos,"missed_alerts.intent","per caso io mi è sfuggito  qualche timer"
ovos-skill-alerts.openvoiceos,"missed_alerts.intent","per caso io mi è sfuggito  un allarme"
ovos-skill-alerts.openvoiceos,"missed_alerts.intent","per caso io mi è sfuggito  un allarmi"
ovos-skill-alerts.openvoiceos,"missed_alerts.intent","per caso io mi è sfuggito  un eventi"
ovos-skill-alerts.openvoiceos,"missed_alerts.intent","per caso io mi è sfuggito  un evento"
ovos-skill-alerts.openvoiceos,"missed_alerts.intent","per caso io mi è sfuggito  un promemoria"
ovos-skill-alerts.openvoiceos,"missed_alerts.intent","per caso io mi è sfuggito  un sveglia"
ovos-skill-alerts.openvoiceos,"missed_alerts.intent","per caso io mi è sfuggito  un sveglie"
ovos-skill-alerts.openvoiceos,"missed_alerts.intent","per caso io mi è sfuggito  un timer"
ovos-skill-alerts.openvoiceos,"missed_alerts.intent","per caso io mi è sfuggito  una allarme"
ovos-skill-alerts.openvoiceos,"missed_alerts.intent","per caso io mi è sfuggito  una allarmi"
ovos-skill-alerts.openvoiceos,"missed_alerts.intent","per caso io mi è sfuggito  una eventi"
ovos-skill-alerts.openvoiceos,"missed_alerts.intent","per caso io mi è sfuggito  una evento"
ovos-skill-alerts.openvoiceos,"missed_alerts.intent","per caso io mi è sfuggito  una promemoria"
ovos-skill-alerts.openvoiceos,"missed_alerts.intent","per caso io mi è sfuggito  una sveglia"
ovos-skill-alerts.openvoiceos,"missed_alerts.intent","per caso io mi è sfuggito  una sveglie"
ovos-skill-alerts.openvoiceos,"missed_alerts.intent","per caso io mi è sfuggito  una timer"
ovos-skill-alerts.openvoiceos,"missed_alerts.intent","per caso io mi è sfuggito per caso degli allarme"
ovos-skill-alerts.openvoiceos,"missed_alerts.intent","per caso io mi è sfuggito per caso degli allarmi"
ovos-skill-alerts.openvoiceos,"missed_alerts.intent","per caso io mi è sfuggito per caso degli eventi"
ovos-skill-alerts.openvoiceos,"missed_alerts.intent","per caso io mi è sfuggito per caso degli evento"
ovos-skill-alerts.openvoiceos,"missed_alerts.intent","per caso io mi è sfuggito per caso degli promemoria"
ovos-skill-alerts.openvoiceos,"missed_alerts.intent","per caso io mi è sfuggito per caso degli sveglia"
ovos-skill-alerts.openvoiceos,"missed_alerts.intent","per caso io mi è sfuggito per caso degli sveglie"
ovos-skill-alerts.openvoiceos,"missed_alerts.intent","per caso io mi è sfuggito per caso degli timer"
ovos-skill-alerts.openvoiceos,"missed_alerts.intent","per caso io mi è sfuggito per caso delle allarme"
ovos-skill-alerts.openvoiceos,"missed_alerts.intent","per caso io mi è sfuggito per caso delle allarmi"
ovos-skill-alerts.openvoiceos,"missed_alerts.intent","per caso io mi è sfuggito per caso delle eventi"
ovos-skill-alerts.openvoiceos,"missed_alerts.intent","per caso io mi è sfuggito per caso delle evento"
ovos-skill-alerts.openvoiceos,"missed_alerts.intent","per caso io mi è sfuggito per caso delle promemoria"
ovos-skill-alerts.openvoiceos,"missed_alerts.intent","per caso io mi è sfuggito per caso delle sveglia"
ovos-skill-alerts.openvoiceos,"missed_alerts.intent","per caso io mi è sfuggito per caso delle sveglie"
ovos-skill-alerts.openvoiceos,"missed_alerts.intent","per caso io mi è sfuggito per caso delle timer"
ovos-skill-alerts.openvoiceos,"missed_alerts.intent","per caso io mi è sfuggito per caso qualche allarme"
ovos-skill-alerts.openvoiceos,"missed_alerts.intent","per caso io mi è sfuggito per caso qualche allarmi"
ovos-skill-alerts.openvoiceos,"missed_alerts.intent","per caso io mi è sfuggito per caso qualche eventi"
ovos-skill-alerts.openvoiceos,"missed_alerts.intent","per caso io mi è sfuggito per caso qualche evento"
ovos-skill-alerts.openvoiceos,"missed_alerts.intent","per caso io mi è sfuggito per caso qualche promemoria"
ovos-skill-alerts.openvoiceos,"missed_alerts.intent","per caso io mi è sfuggito per caso qualche sveglia"
ovos-skill-alerts.openvoiceos,"missed_alerts.intent","per caso io mi è sfuggito per caso qualche sveglie"
ovos-skill-alerts.openvoiceos,"missed_alerts.intent","per caso io mi è sfuggito per caso qualche timer"
ovos-skill-alerts.openvoiceos,"missed_alerts.intent","per caso io mi è sfuggito per caso un allarme"
ovos-skill-alerts.openvoiceos,"missed_alerts.intent","per caso io mi è sfuggito per caso un allarmi"
ovos-skill-alerts.openvoiceos,"missed_alerts.intent","per caso io mi è sfuggito per caso un eventi"
ovos-skill-alerts.openvoiceos,"missed_alerts.intent","per caso io mi è sfuggito per caso un evento"
ovos-skill-alerts.openvoiceos,"missed_alerts.intent","per caso io mi è sfuggito per caso un promemoria"
ovos-skill-alerts.openvoiceos,"missed_alerts.intent","per caso io mi è sfuggito per caso un sveglia"
ovos-skill-alerts.openvoiceos,"missed_alerts.intent","per caso io mi è sfuggito per caso un sveglie"
ovos-skill-alerts.openvoiceos,"missed_alerts.intent","per caso io mi è sfuggito per caso un timer"
ovos-skill-alerts.openvoiceos,"missed_alerts.intent","per caso io mi è sfuggito per caso una allarme"
ovos-skill-alerts.openvoiceos,"missed_alerts.intent","per caso io mi è sfuggito per caso una allarmi"
ovos-skill-alerts.openvoiceos,"missed_alerts.intent","per caso io mi è sfuggito per caso una eventi"
ovos-skill-alerts.openvoiceos,"missed_alerts.intent","per caso io mi è sfuggito per caso una evento"
ovos-skill-alerts.openvoiceos,"missed_alerts.intent","per caso io mi è sfuggito per caso una promemoria"
ovos-skill-alerts.openvoiceos,"missed_alerts.intent","per caso io mi è sfuggito per caso una sveglia"
ovos-skill-alerts.openvoiceos,"missed_alerts.intent","per caso io mi è sfuggito per caso una sveglie"
ovos-skill-alerts.openvoiceos,"missed_alerts.intent","per caso io mi è sfuggito per caso una timer"
ovos-skill-alerts.openvoiceos,"missed_alerts.intent","quale allarme  ho dimenticato"
ovos-skill-alerts.openvoiceos,"missed_alerts.intent","quale allarme  ho perso"
ovos-skill-alerts.openvoiceos,"missed_alerts.intent","quale allarme  ho sfuggito"
ovos-skill-alerts.openvoiceos,"missed_alerts.intent","quale allarme  mi sono dimenticato"
ovos-skill-alerts.openvoiceos,"missed_alerts.intent","quale allarme  mi sono perso"
ovos-skill-alerts.openvoiceos,"missed_alerts.intent","quale allarme  mi sono sfuggito"
ovos-skill-alerts.openvoiceos,"missed_alerts.intent","quale allarme  mi è dimenticato"
ovos-skill-alerts.openvoiceos,"missed_alerts.intent","quale allarme  mi è perso"
ovos-skill-alerts.openvoiceos,"missed_alerts.intent","quale allarme  mi è sfuggito"
ovos-skill-alerts.openvoiceos,"missed_alerts.intent","quale allarme io ho dimenticato"
ovos-skill-alerts.openvoiceos,"missed_alerts.intent","quale allarme io ho perso"
ovos-skill-alerts.openvoiceos,"missed_alerts.intent","quale allarme io ho sfuggito"
ovos-skill-alerts.openvoiceos,"missed_alerts.intent","quale allarme io mi sono dimenticato"
ovos-skill-alerts.openvoiceos,"missed_alerts.intent","quale allarme io mi sono perso"
ovos-skill-alerts.openvoiceos,"missed_alerts.intent","quale allarme io mi sono sfuggito"
ovos-skill-alerts.openvoiceos,"missed_alerts.intent","quale allarme io mi è dimenticato"
ovos-skill-alerts.openvoiceos,"missed_alerts.intent","quale allarme io mi è perso"
ovos-skill-alerts.openvoiceos,"missed_alerts.intent","quale allarme io mi è sfuggito"
ovos-skill-alerts.openvoiceos,"missed_alerts.intent","quale allarmi  ho dimenticato"
ovos-skill-alerts.openvoiceos,"missed_alerts.intent","quale allarmi  ho perso"
ovos-skill-alerts.openvoiceos,"missed_alerts.intent","quale allarmi  ho sfuggito"
ovos-skill-alerts.openvoiceos,"missed_alerts.intent","quale allarmi  mi sono dimenticato"
ovos-skill-alerts.openvoiceos,"missed_alerts.intent","quale allarmi  mi sono perso"
ovos-skill-alerts.openvoiceos,"missed_alerts.intent","quale allarmi  mi sono sfuggito"
ovos-skill-alerts.openvoiceos,"missed_alerts.intent","quale allarmi  mi è dimenticato"
ovos-skill-alerts.openvoiceos,"missed_alerts.intent","quale allarmi  mi è perso"
ovos-skill-alerts.openvoiceos,"missed_alerts.intent","quale allarmi  mi è sfuggito"
ovos-skill-alerts.openvoiceos,"missed_alerts.intent","quale allarmi io ho dimenticato"
ovos-skill-alerts.openvoiceos,"missed_alerts.intent","quale allarmi io ho perso"
ovos-skill-alerts.openvoiceos,"missed_alerts.intent","quale allarmi io ho sfuggito"
ovos-skill-alerts.openvoiceos,"missed_alerts.intent","quale allarmi io mi sono dimenticato"
ovos-skill-alerts.openvoiceos,"missed_alerts.intent","quale allarmi io mi sono perso"
ovos-skill-alerts.openvoiceos,"missed_alerts.intent","quale allarmi io mi sono sfuggito"
ovos-skill-alerts.openvoiceos,"missed_alerts.intent","quale allarmi io mi è dimenticato"
ovos-skill-alerts.openvoiceos,"missed_alerts.intent","quale allarmi io mi è perso"
ovos-skill-alerts.openvoiceos,"missed_alerts.intent","quale allarmi io mi è sfuggito"
ovos-skill-alerts.openvoiceos,"missed_alerts.intent","quale eventi  ho dimenticato"
ovos-skill-alerts.openvoiceos,"missed_alerts.intent","quale eventi  ho perso"
ovos-skill-alerts.openvoiceos,"missed_alerts.intent","quale eventi  ho sfuggito"
ovos-skill-alerts.openvoiceos,"missed_alerts.intent","quale eventi  mi sono dimenticato"
ovos-skill-alerts.openvoiceos,"missed_alerts.intent","quale eventi  mi sono perso"
ovos-skill-alerts.openvoiceos,"missed_alerts.intent","quale eventi  mi sono sfuggito"
ovos-skill-alerts.openvoiceos,"missed_alerts.intent","quale eventi  mi è dimenticato"
ovos-skill-alerts.openvoiceos,"missed_alerts.intent","quale eventi  mi è perso"
ovos-skill-alerts.openvoiceos,"missed_alerts.intent","quale eventi  mi è sfuggito"
ovos-skill-alerts.openvoiceos,"missed_alerts.intent","quale eventi io ho dimenticato"
ovos-skill-alerts.openvoiceos,"missed_alerts.intent","quale eventi io ho perso"
ovos-skill-alerts.openvoiceos,"missed_alerts.intent","quale eventi io ho sfuggito"
ovos-skill-alerts.openvoiceos,"missed_alerts.intent","quale eventi io mi sono dimenticato"
ovos-skill-alerts.openvoiceos,"missed_alerts.intent","quale eventi io mi sono perso"
ovos-skill-alerts.openvoiceos,"missed_alerts.intent","quale eventi io mi sono sfuggito"
ovos-skill-alerts.openvoiceos,"missed_alerts.intent","quale eventi io mi è dimenticato"
ovos-skill-alerts.openvoiceos,"missed_alerts.intent","quale eventi io mi è perso"
ovos-skill-alerts.openvoiceos,"missed_alerts.intent","quale eventi io mi è sfuggito"
ovos-skill-alerts.openvoiceos,"missed_alerts.intent","quale evento  ho dimenticato"
ovos-skill-alerts.openvoiceos,"missed_alerts.intent","quale evento  ho perso"
ovos-skill-alerts.openvoiceos,"missed_alerts.intent","quale evento  ho sfuggito"
ovos-skill-alerts.openvoiceos,"missed_alerts.intent","quale evento  mi sono dimenticato"
ovos-skill-alerts.openvoiceos,"missed_alerts.intent","quale evento  mi sono perso"
ovos-skill-alerts.openvoiceos,"missed_alerts.intent","quale evento  mi sono sfuggito"
ovos-skill-alerts.openvoiceos,"missed_alerts.intent","quale evento  mi è dimenticato"
ovos-skill-alerts.openvoiceos,"missed_alerts.intent","quale evento  mi è perso"
ovos-skill-alerts.openvoiceos,"missed_alerts.intent","quale evento  mi è sfuggito"
ovos-skill-alerts.openvoiceos,"missed_alerts.intent","quale evento io ho dimenticato"
ovos-skill-alerts.openvoiceos,"missed_alerts.intent","quale evento io ho perso"
ovos-skill-alerts.openvoiceos,"missed_alerts.intent","quale evento io ho sfuggito"
ovos-skill-alerts.openvoiceos,"missed_alerts.intent","quale evento io mi sono dimenticato"
ovos-skill-alerts.openvoiceos,"missed_alerts.intent","quale evento io mi sono perso"
ovos-skill-alerts.openvoiceos,"missed_alerts.intent","quale evento io mi sono sfuggito"
ovos-skill-alerts.openvoiceos,"missed_alerts.intent","quale evento io mi è dimenticato"
ovos-skill-alerts.openvoiceos,"missed_alerts.intent","quale evento io mi è perso"
ovos-skill-alerts.openvoiceos,"missed_alerts.intent","quale evento io mi è sfuggito"
ovos-skill-alerts.openvoiceos,"missed_alerts.intent","quale promemoria  ho dimenticato"
ovos-skill-alerts.openvoiceos,"missed_alerts.intent","quale promemoria  ho perso"
ovos-skill-alerts.openvoiceos,"missed_alerts.intent","quale promemoria  ho sfuggito"
ovos-skill-alerts.openvoiceos,"missed_alerts.intent","quale promemoria  mi sono dimenticato"
ovos-skill-alerts.openvoiceos,"missed_alerts.intent","quale promemoria  mi sono perso"
ovos-skill-alerts.openvoiceos,"missed_alerts.intent","quale promemoria  mi sono sfuggito"
ovos-skill-alerts.openvoiceos,"missed_alerts.intent","quale promemoria  mi è dimenticato"
ovos-skill-alerts.openvoiceos,"missed_alerts.intent","quale promemoria  mi è perso"
ovos-skill-alerts.openvoiceos,"missed_alerts.intent","quale promemoria  mi è sfuggito"
ovos-skill-alerts.openvoiceos,"missed_alerts.intent","quale promemoria io ho dimenticato"
ovos-skill-alerts.openvoiceos,"missed_alerts.intent","quale promemoria io ho perso"
ovos-skill-alerts.openvoiceos,"missed_alerts.intent","quale promemoria io ho sfuggito"
ovos-skill-alerts.openvoiceos,"missed_alerts.intent","quale promemoria io mi sono dimenticato"
ovos-skill-alerts.openvoiceos,"missed_alerts.intent","quale promemoria io mi sono perso"
ovos-skill-alerts.openvoiceos,"missed_alerts.intent","quale promemoria io mi sono sfuggito"
ovos-skill-alerts.openvoiceos,"missed_alerts.intent","quale promemoria io mi è dimenticato"
ovos-skill-alerts.openvoiceos,"missed_alerts.intent","quale promemoria io mi è perso"
ovos-skill-alerts.openvoiceos,"missed_alerts.intent","quale promemoria io mi è sfuggito"
ovos-skill-alerts.openvoiceos,"missed_alerts.intent","quale sveglia  ho dimenticato"
ovos-skill-alerts.openvoiceos,"missed_alerts.intent","quale sveglia  ho perso"
ovos-skill-alerts.openvoiceos,"missed_alerts.intent","quale sveglia  ho sfuggito"
ovos-skill-alerts.openvoiceos,"missed_alerts.intent","quale sveglia  mi sono dimenticato"
ovos-skill-alerts.openvoiceos,"missed_alerts.intent","quale sveglia  mi sono perso"
ovos-skill-alerts.openvoiceos,"missed_alerts.intent","quale sveglia  mi sono sfuggito"
ovos-skill-alerts.openvoiceos,"missed_alerts.intent","quale sveglia  mi è dimenticato"
ovos-skill-alerts.openvoiceos,"missed_alerts.intent","quale sveglia  mi è perso"
ovos-skill-alerts.openvoiceos,"missed_alerts.intent","quale sveglia  mi è sfuggito"
ovos-skill-alerts.openvoiceos,"missed_alerts.intent","quale sveglia io ho dimenticato"
ovos-skill-alerts.openvoiceos,"missed_alerts.intent","quale sveglia io ho perso"
ovos-skill-alerts.openvoiceos,"missed_alerts.intent","quale sveglia io ho sfuggito"
ovos-skill-alerts.openvoiceos,"missed_alerts.intent","quale sveglia io mi sono dimenticato"
ovos-skill-alerts.openvoiceos,"missed_alerts.intent","quale sveglia io mi sono perso"
ovos-skill-alerts.openvoiceos,"missed_alerts.intent","quale sveglia io mi sono sfuggito"
ovos-skill-alerts.openvoiceos,"missed_alerts.intent","quale sveglia io mi è dimenticato"
ovos-skill-alerts.openvoiceos,"missed_alerts.intent","quale sveglia io mi è perso"
ovos-skill-alerts.openvoiceos,"missed_alerts.intent","quale sveglia io mi è sfuggito"
ovos-skill-alerts.openvoiceos,"missed_alerts.intent","quale sveglie  ho dimenticato"
ovos-skill-alerts.openvoiceos,"missed_alerts.intent","quale sveglie  ho perso"
ovos-skill-alerts.openvoiceos,"missed_alerts.intent","quale sveglie  ho sfuggito"
ovos-skill-alerts.openvoiceos,"missed_alerts.intent","quale sveglie  mi sono dimenticato"
ovos-skill-alerts.openvoiceos,"missed_alerts.intent","quale sveglie  mi sono perso"
ovos-skill-alerts.openvoiceos,"missed_alerts.intent","quale sveglie  mi sono sfuggito"
ovos-skill-alerts.openvoiceos,"missed_alerts.intent","quale sveglie  mi è dimenticato"
ovos-skill-alerts.openvoiceos,"missed_alerts.intent","quale sveglie  mi è perso"
ovos-skill-alerts.openvoiceos,"missed_alerts.intent","quale sveglie  mi è sfuggito"
ovos-skill-alerts.openvoiceos,"missed_alerts.intent","quale sveglie io ho dimenticato"
ovos-skill-alerts.openvoiceos,"missed_alerts.intent","quale sveglie io ho perso"
ovos-skill-alerts.openvoiceos,"missed_alerts.intent","quale sveglie io ho sfuggito"
ovos-skill-alerts.openvoiceos,"missed_alerts.intent","quale sveglie io mi sono dimenticato"
ovos-skill-alerts.openvoiceos,"missed_alerts.intent","quale sveglie io mi sono perso"
ovos-skill-alerts.openvoiceos,"missed_alerts.intent","quale sveglie io mi sono sfuggito"
ovos-skill-alerts.openvoiceos,"missed_alerts.intent","quale sveglie io mi è dimenticato"
ovos-skill-alerts.openvoiceos,"missed_alerts.intent","quale sveglie io mi è perso"
ovos-skill-alerts.openvoiceos,"missed_alerts.intent","quale sveglie io mi è sfuggito"
ovos-skill-alerts.openvoiceos,"missed_alerts.intent","quale timer  ho dimenticato"
ovos-skill-alerts.openvoiceos,"missed_alerts.intent","quale timer  ho perso"
ovos-skill-alerts.openvoiceos,"missed_alerts.intent","quale timer  ho sfuggito"
ovos-skill-alerts.openvoiceos,"missed_alerts.intent","quale timer  mi sono dimenticato"
ovos-skill-alerts.openvoiceos,"missed_alerts.intent","quale timer  mi sono perso"
ovos-skill-alerts.openvoiceos,"missed_alerts.intent","quale timer  mi sono sfuggito"
ovos-skill-alerts.openvoiceos,"missed_alerts.intent","quale timer  mi è dimenticato"
ovos-skill-alerts.openvoiceos,"missed_alerts.intent","quale timer  mi è perso"
ovos-skill-alerts.openvoiceos,"missed_alerts.intent","quale timer  mi è sfuggito"
ovos-skill-alerts.openvoiceos,"missed_alerts.intent","quale timer io ho dimenticato"
ovos-skill-alerts.openvoiceos,"missed_alerts.intent","quale timer io ho perso"
ovos-skill-alerts.openvoiceos,"missed_alerts.intent","quale timer io ho sfuggito"
ovos-skill-alerts.openvoiceos,"missed_alerts.intent","quale timer io mi sono dimenticato"
ovos-skill-alerts.openvoiceos,"missed_alerts.intent","quale timer io mi sono perso"
ovos-skill-alerts.openvoiceos,"missed_alerts.intent","quale timer io mi sono sfuggito"
ovos-skill-alerts.openvoiceos,"missed_alerts.intent","quale timer io mi è dimenticato"
ovos-skill-alerts.openvoiceos,"missed_alerts.intent","quale timer io mi è perso"
ovos-skill-alerts.openvoiceos,"missed_alerts.intent","quale timer io mi è sfuggito"
ovos-skill-alerts.openvoiceos,"missed_alerts.intent","quali allarme  ho dimenticato"
ovos-skill-alerts.openvoiceos,"missed_alerts.intent","quali allarme  ho perso"
ovos-skill-alerts.openvoiceos,"missed_alerts.intent","quali allarme  ho sfuggito"
ovos-skill-alerts.openvoiceos,"missed_alerts.intent","quali allarme  mi sono dimenticato"
ovos-skill-alerts.openvoiceos,"missed_alerts.intent","quali allarme  mi sono perso"
ovos-skill-alerts.openvoiceos,"missed_alerts.intent","quali allarme  mi sono sfuggito"
ovos-skill-alerts.openvoiceos,"missed_alerts.intent","quali allarme  mi è dimenticato"
ovos-skill-alerts.openvoiceos,"missed_alerts.intent","quali allarme  mi è perso"
ovos-skill-alerts.openvoiceos,"missed_alerts.intent","quali allarme  mi è sfuggito"
ovos-skill-alerts.openvoiceos,"missed_alerts.intent","quali allarme io ho dimenticato"
ovos-skill-alerts.openvoiceos,"missed_alerts.intent","quali allarme io ho perso"
ovos-skill-alerts.openvoiceos,"missed_alerts.intent","quali allarme io ho sfuggito"
ovos-skill-alerts.openvoiceos,"missed_alerts.intent","quali allarme io mi sono dimenticato"
ovos-skill-alerts.openvoiceos,"missed_alerts.intent","quali allarme io mi sono perso"
ovos-skill-alerts.openvoiceos,"missed_alerts.intent","quali allarme io mi sono sfuggito"
ovos-skill-alerts.openvoiceos,"missed_alerts.intent","quali allarme io mi è dimenticato"
ovos-skill-alerts.openvoiceos,"missed_alerts.intent","quali allarme io mi è perso"
ovos-skill-alerts.openvoiceos,"missed_alerts.intent","quali allarme io mi è sfuggito"
ovos-skill-alerts.openvoiceos,"missed_alerts.intent","quali allarmi  ho dimenticato"
ovos-skill-alerts.openvoiceos,"missed_alerts.intent","quali allarmi  ho perso"
ovos-skill-alerts.openvoiceos,"missed_alerts.intent","quali allarmi  ho sfuggito"
ovos-skill-alerts.openvoiceos,"missed_alerts.intent","quali allarmi  mi sono dimenticato"
ovos-skill-alerts.openvoiceos,"missed_alerts.intent","quali allarmi  mi sono perso"
ovos-skill-alerts.openvoiceos,"missed_alerts.intent","quali allarmi  mi sono sfuggito"
ovos-skill-alerts.openvoiceos,"missed_alerts.intent","quali allarmi  mi è dimenticato"
ovos-skill-alerts.openvoiceos,"missed_alerts.intent","quali allarmi  mi è perso"
ovos-skill-alerts.openvoiceos,"missed_alerts.intent","quali allarmi  mi è sfuggito"
ovos-skill-alerts.openvoiceos,"missed_alerts.intent","quali allarmi io ho dimenticato"
ovos-skill-alerts.openvoiceos,"missed_alerts.intent","quali allarmi io ho perso"
ovos-skill-alerts.openvoiceos,"missed_alerts.intent","quali allarmi io ho sfuggito"
ovos-skill-alerts.openvoiceos,"missed_alerts.intent","quali allarmi io mi sono dimenticato"
ovos-skill-alerts.openvoiceos,"missed_alerts.intent","quali allarmi io mi sono perso"
ovos-skill-alerts.openvoiceos,"missed_alerts.intent","quali allarmi io mi sono sfuggito"
ovos-skill-alerts.openvoiceos,"missed_alerts.intent","quali allarmi io mi è dimenticato"
ovos-skill-alerts.openvoiceos,"missed_alerts.intent","quali allarmi io mi è perso"
ovos-skill-alerts.openvoiceos,"missed_alerts.intent","quali allarmi io mi è sfuggito"
ovos-skill-alerts.openvoiceos,"missed_alerts.intent","quali eventi  ho dimenticato"
ovos-skill-alerts.openvoiceos,"missed_alerts.intent","quali eventi  ho perso"
ovos-skill-alerts.openvoiceos,"missed_alerts.intent","quali eventi  ho sfuggito"
ovos-skill-alerts.openvoiceos,"missed_alerts.intent","quali eventi  mi sono dimenticato"
ovos-skill-alerts.openvoiceos,"missed_alerts.intent","quali eventi  mi sono perso"
ovos-skill-alerts.openvoiceos,"missed_alerts.intent","quali eventi  mi sono sfuggito"
ovos-skill-alerts.openvoiceos,"missed_alerts.intent","quali eventi  mi è dimenticato"
ovos-skill-alerts.openvoiceos,"missed_alerts.intent","quali eventi  mi è perso"
ovos-skill-alerts.openvoiceos,"missed_alerts.intent","quali eventi  mi è sfuggito"
ovos-skill-alerts.openvoiceos,"missed_alerts.intent","quali eventi io ho dimenticato"
ovos-skill-alerts.openvoiceos,"missed_alerts.intent","quali eventi io ho perso"
ovos-skill-alerts.openvoiceos,"missed_alerts.intent","quali eventi io ho sfuggito"
ovos-skill-alerts.openvoiceos,"missed_alerts.intent","quali eventi io mi sono dimenticato"
ovos-skill-alerts.openvoiceos,"missed_alerts.intent","quali eventi io mi sono perso"
ovos-skill-alerts.openvoiceos,"missed_alerts.intent","quali eventi io mi sono sfuggito"
ovos-skill-alerts.openvoiceos,"missed_alerts.intent","quali eventi io mi è dimenticato"
ovos-skill-alerts.openvoiceos,"missed_alerts.intent","quali eventi io mi è perso"
ovos-skill-alerts.openvoiceos,"missed_alerts.intent","quali eventi io mi è sfuggito"
ovos-skill-alerts.openvoiceos,"missed_alerts.intent","quali evento  ho dimenticato"
ovos-skill-alerts.openvoiceos,"missed_alerts.intent","quali evento  ho perso"
ovos-skill-alerts.openvoiceos,"missed_alerts.intent","quali evento  ho sfuggito"
ovos-skill-alerts.openvoiceos,"missed_alerts.intent","quali evento  mi sono dimenticato"
ovos-skill-alerts.openvoiceos,"missed_alerts.intent","quali evento  mi sono perso"
ovos-skill-alerts.openvoiceos,"missed_alerts.intent","quali evento  mi sono sfuggito"
ovos-skill-alerts.openvoiceos,"missed_alerts.intent","quali evento  mi è dimenticato"
ovos-skill-alerts.openvoiceos,"missed_alerts.intent","quali evento  mi è perso"
ovos-skill-alerts.openvoiceos,"missed_alerts.intent","quali evento  mi è sfuggito"
ovos-skill-alerts.openvoiceos,"missed_alerts.intent","quali evento io ho dimenticato"
ovos-skill-alerts.openvoiceos,"missed_alerts.intent","quali evento io ho perso"
ovos-skill-alerts.openvoiceos,"missed_alerts.intent","quali evento io ho sfuggito"
ovos-skill-alerts.openvoiceos,"missed_alerts.intent","quali evento io mi sono dimenticato"
ovos-skill-alerts.openvoiceos,"missed_alerts.intent","quali evento io mi sono perso"
ovos-skill-alerts.openvoiceos,"missed_alerts.intent","quali evento io mi sono sfuggito"
ovos-skill-alerts.openvoiceos,"missed_alerts.intent","quali evento io mi è dimenticato"
ovos-skill-alerts.openvoiceos,"missed_alerts.intent","quali evento io mi è perso"
ovos-skill-alerts.openvoiceos,"missed_alerts.intent","quali evento io mi è sfuggito"
ovos-skill-alerts.openvoiceos,"missed_alerts.intent","quali promemoria  ho dimenticato"
ovos-skill-alerts.openvoiceos,"missed_alerts.intent","quali promemoria  ho perso"
ovos-skill-alerts.openvoiceos,"missed_alerts.intent","quali promemoria  ho sfuggito"
ovos-skill-alerts.openvoiceos,"missed_alerts.intent","quali promemoria  mi sono dimenticato"
ovos-skill-alerts.openvoiceos,"missed_alerts.intent","quali promemoria  mi sono perso"
ovos-skill-alerts.openvoiceos,"missed_alerts.intent","quali promemoria  mi sono sfuggito"
ovos-skill-alerts.openvoiceos,"missed_alerts.intent","quali promemoria  mi è dimenticato"
ovos-skill-alerts.openvoiceos,"missed_alerts.intent","quali promemoria  mi è perso"
ovos-skill-alerts.openvoiceos,"missed_alerts.intent","quali promemoria  mi è sfuggito"
ovos-skill-alerts.openvoiceos,"missed_alerts.intent","quali promemoria io ho dimenticato"
ovos-skill-alerts.openvoiceos,"missed_alerts.intent","quali promemoria io ho perso"
ovos-skill-alerts.openvoiceos,"missed_alerts.intent","quali promemoria io ho sfuggito"
ovos-skill-alerts.openvoiceos,"missed_alerts.intent","quali promemoria io mi sono dimenticato"
ovos-skill-alerts.openvoiceos,"missed_alerts.intent","quali promemoria io mi sono perso"
ovos-skill-alerts.openvoiceos,"missed_alerts.intent","quali promemoria io mi sono sfuggito"
ovos-skill-alerts.openvoiceos,"missed_alerts.intent","quali promemoria io mi è dimenticato"
ovos-skill-alerts.openvoiceos,"missed_alerts.intent","quali promemoria io mi è perso"
ovos-skill-alerts.openvoiceos,"missed_alerts.intent","quali promemoria io mi è sfuggito"
ovos-skill-alerts.openvoiceos,"missed_alerts.intent","quali sveglia  ho dimenticato"
ovos-skill-alerts.openvoiceos,"missed_alerts.intent","quali sveglia  ho perso"
ovos-skill-alerts.openvoiceos,"missed_alerts.intent","quali sveglia  ho sfuggito"
ovos-skill-alerts.openvoiceos,"missed_alerts.intent","quali sveglia  mi sono dimenticato"
ovos-skill-alerts.openvoiceos,"missed_alerts.intent","quali sveglia  mi sono perso"
ovos-skill-alerts.openvoiceos,"missed_alerts.intent","quali sveglia  mi sono sfuggito"
ovos-skill-alerts.openvoiceos,"missed_alerts.intent","quali sveglia  mi è dimenticato"
ovos-skill-alerts.openvoiceos,"missed_alerts.intent","quali sveglia  mi è perso"
ovos-skill-alerts.openvoiceos,"missed_alerts.intent","quali sveglia  mi è sfuggito"
ovos-skill-alerts.openvoiceos,"missed_alerts.intent","quali sveglia io ho dimenticato"
ovos-skill-alerts.openvoiceos,"missed_alerts.intent","quali sveglia io ho perso"
ovos-skill-alerts.openvoiceos,"missed_alerts.intent","quali sveglia io ho sfuggito"
ovos-skill-alerts.openvoiceos,"missed_alerts.intent","quali sveglia io mi sono dimenticato"
ovos-skill-alerts.openvoiceos,"missed_alerts.intent","quali sveglia io mi sono perso"
ovos-skill-alerts.openvoiceos,"missed_alerts.intent","quali sveglia io mi sono sfuggito"
ovos-skill-alerts.openvoiceos,"missed_alerts.intent","quali sveglia io mi è dimenticato"
ovos-skill-alerts.openvoiceos,"missed_alerts.intent","quali sveglia io mi è perso"
ovos-skill-alerts.openvoiceos,"missed_alerts.intent","quali sveglia io mi è sfuggito"
ovos-skill-alerts.openvoiceos,"missed_alerts.intent","quali sveglie  ho dimenticato"
ovos-skill-alerts.openvoiceos,"missed_alerts.intent","quali sveglie  ho perso"
ovos-skill-alerts.openvoiceos,"missed_alerts.intent","quali sveglie  ho sfuggito"
ovos-skill-alerts.openvoiceos,"missed_alerts.intent","quali sveglie  mi sono dimenticato"
ovos-skill-alerts.openvoiceos,"missed_alerts.intent","quali sveglie  mi sono perso"
ovos-skill-alerts.openvoiceos,"missed_alerts.intent","quali sveglie  mi sono sfuggito"
ovos-skill-alerts.openvoiceos,"missed_alerts.intent","quali sveglie  mi è dimenticato"
ovos-skill-alerts.openvoiceos,"missed_alerts.intent","quali sveglie  mi è perso"
ovos-skill-alerts.openvoiceos,"missed_alerts.intent","quali sveglie  mi è sfuggito"
ovos-skill-alerts.openvoiceos,"missed_alerts.intent","quali sveglie io ho dimenticato"
ovos-skill-alerts.openvoiceos,"missed_alerts.intent","quali sveglie io ho perso"
ovos-skill-alerts.openvoiceos,"missed_alerts.intent","quali sveglie io ho sfuggito"
ovos-skill-alerts.openvoiceos,"missed_alerts.intent","quali sveglie io mi sono dimenticato"
ovos-skill-alerts.openvoiceos,"missed_alerts.intent","quali sveglie io mi sono perso"
ovos-skill-alerts.openvoiceos,"missed_alerts.intent","quali sveglie io mi sono sfuggito"
ovos-skill-alerts.openvoiceos,"missed_alerts.intent","quali sveglie io mi è dimenticato"
ovos-skill-alerts.openvoiceos,"missed_alerts.intent","quali sveglie io mi è perso"
ovos-skill-alerts.openvoiceos,"missed_alerts.intent","quali sveglie io mi è sfuggito"
ovos-skill-alerts.openvoiceos,"missed_alerts.intent","quali timer  ho dimenticato"
ovos-skill-alerts.openvoiceos,"missed_alerts.intent","quali timer  ho perso"
ovos-skill-alerts.openvoiceos,"missed_alerts.intent","quali timer  ho sfuggito"
ovos-skill-alerts.openvoiceos,"missed_alerts.intent","quali timer  mi sono dimenticato"
ovos-skill-alerts.openvoiceos,"missed_alerts.intent","quali timer  mi sono perso"
ovos-skill-alerts.openvoiceos,"missed_alerts.intent","quali timer  mi sono sfuggito"
ovos-skill-alerts.openvoiceos,"missed_alerts.intent","quali timer  mi è dimenticato"
ovos-skill-alerts.openvoiceos,"missed_alerts.intent","quali timer  mi è perso"
ovos-skill-alerts.openvoiceos,"missed_alerts.intent","quali timer  mi è sfuggito"
ovos-skill-alerts.openvoiceos,"missed_alerts.intent","quali timer io ho dimenticato"
ovos-skill-alerts.openvoiceos,"missed_alerts.intent","quali timer io ho perso"
ovos-skill-alerts.openvoiceos,"missed_alerts.intent","quali timer io ho sfuggito"
ovos-skill-alerts.openvoiceos,"missed_alerts.intent","quali timer io mi sono dimenticato"
ovos-skill-alerts.openvoiceos,"missed_alerts.intent","quali timer io mi sono perso"
ovos-skill-alerts.openvoiceos,"missed_alerts.intent","quali timer io mi sono sfuggito"
ovos-skill-alerts.openvoiceos,"missed_alerts.intent","quali timer io mi è dimenticato"
ovos-skill-alerts.openvoiceos,"missed_alerts.intent","quali timer io mi è perso"
ovos-skill-alerts.openvoiceos,"missed_alerts.intent","quali timer io mi è sfuggito"
ovos-skill-diagnostics.openvoiceos,"query_primary_lang.intent","che lingua stai usando?"
ovos-skill-diagnostics.openvoiceos,"query_primary_lang.intent","in che lingua sei impostato?"
ovos-skill-diagnostics.openvoiceos,"query_primary_lang.intent","in che lingua stai parlando?"
ovos-skill-diagnostics.openvoiceos,"query_primary_lang.intent","lingua predefinita?"
ovos-skill-diagnostics.openvoiceos,"query_primary_lang.intent","lingua principale?"
ovos-skill-diagnostics.openvoiceos,"query_primary_lang.intent","qual è la lingua del tuo sistema?"
ovos-skill-diagnostics.openvoiceos,"query_primary_lang.intent","qual è la tua lingua primaria?"
ovos-skill-diagnostics.openvoiceos,"query_primary_lang.intent","qual è la tua lingua principale?"
ovos-skill-diagnostics.openvoiceos,"query_ovos_location.intent","dove sei"
ovos-skill-diagnostics.openvoiceos,"query_ovos_location.intent","dove ti trovi?"
ovos-skill-diagnostics.openvoiceos,"query_ovos_location.intent","qual è la tua posizione attuale?"
ovos-skill-diagnostics.openvoiceos,"query_ovos_location.intent","qual è la tua posizione?"
ovos-skill-diagnostics.openvoiceos,"query_ovos_location.intent","qual è la tua posizione?"
ovos-skill-diagnostics.openvoiceos,"query_langs.intent","che lingue puoi capire"
ovos-skill-diagnostics.openvoiceos,"query_langs.intent","che lingue puoi parlare"
ovos-skill-diagnostics.openvoiceos,"query_langs.intent","quali lingue puoi capire"
ovos-skill-diagnostics.openvoiceos,"query_langs.intent","quali lingue puoi parlare"
ovos-skill-diagnostics.openvoiceos,"query_langs.intent","dimmi tutte le tue lingue"
ovos-skill-diagnostics.openvoiceos,"query_langs.intent","elenca le lingue disponibili"
ovos-skill-diagnostics.openvoiceos,"query_langs.intent","elenca le lingue supportate"
ovos-skill-diagnostics.openvoiceos,"query_langs.intent","elenca le tue lingue disponibili"
ovos-skill-diagnostics.openvoiceos,"query_langs.intent","elenca le tue lingue supportate"
ovos-skill-diagnostics.openvoiceos,"query_langs.intent","lingue disponibili"
ovos-skill-diagnostics.openvoiceos,"query_langs.intent","quali lingue sono disponibili"
ovos-skill-diagnostics.openvoiceos,"query_langs.intent","quali lingue stai usando"
ovos-skill-diagnostics.openvoiceos,"query_langs.intent","quali sono le lingue del tuo sistema"
ovos-skill-diagnostics.openvoiceos,"query_memory_usage.intent","diagnostica della memoria"
ovos-skill-diagnostics.openvoiceos,"query_memory_usage.intent","dimmi lo stato della tua memoria"
ovos-skill-diagnostics.openvoiceos,"query_memory_usage.intent","qual è l'uso della tua memoria"
ovos-skill-diagnostics.openvoiceos,"query_memory_usage.intent","quanta memoria hai disponibile"
ovos-skill-diagnostics.openvoiceos,"query_memory_usage.intent","quanta ram stai usando"
ovos-skill-diagnostics.openvoiceos,"query_memory_usage.intent","uso attuale della memoria"
ovos-skill-diagnostics.openvoiceos,"query_extra_langs.intent","dimmi le tue lingue extra"
ovos-skill-diagnostics.openvoiceos,"query_extra_langs.intent","hai lingue secondarie"
ovos-skill-diagnostics.openvoiceos,"query_extra_langs.intent","quali altre lingue hai"
ovos-skill-diagnostics.openvoiceos,"query_extra_langs.intent","quali lingue extra stai usando"
ovos-skill-diagnostics.openvoiceos,"query_extra_langs.intent","quali sono le tue lingue aggiuntive"
ovos-skill-diagnostics.openvoiceos,"query_cpu_usage.intent","carico attuale della C P U?"
ovos-skill-diagnostics.openvoiceos,"query_cpu_usage.intent","carico della C P U?"
ovos-skill-diagnostics.openvoiceos,"query_cpu_usage.intent","qual è il carico attuale della C P U?"
ovos-skill-diagnostics.openvoiceos,"query_cpu_usage.intent","qual è il carico della C P U?"
ovos-skill-diagnostics.openvoiceos,"query_cpu_usage.intent","carico attuale della C P U?"
ovos-skill-diagnostics.openvoiceos,"query_cpu_usage.intent","carico della C P U?"
ovos-skill-diagnostics.openvoiceos,"query_cpu_usage.intent","qual è il carico attuale della C P U?"
ovos-skill-diagnostics.openvoiceos,"query_cpu_usage.intent","qual è il carico della C P U?"
ovos-skill-diagnostics.openvoiceos,"query_cpu_usage.intent","carico attuale della C P U?"
ovos-skill-diagnostics.openvoiceos,"query_cpu_usage.intent","carico della C P U?"
ovos-skill-diagnostics.openvoiceos,"query_cpu_usage.intent","qual è il carico attuale della C P U?"
ovos-skill-diagnostics.openvoiceos,"query_cpu_usage.intent","qual è il carico della C P U?"
ovos-skill-diagnostics.openvoiceos,"query_cpu_usage.intent","che percentuale di C P U stai usando?"
ovos-skill-diagnostics.openvoiceos,"query_cpu_usage.intent","diagnostico C P U"
ovos-skill-diagnostics.openvoiceos,"query_cpu_usage.intent","quanta C P U stai usando?"
ovos-skill-diagnostics.openvoiceos,"query_cpu_usage.intent","quanto processore stai usando?"
ovos-skill-diagnostics.openvoiceos,"query_kernel_version.intent","dimmi la tua versione del kernel"
ovos-skill-diagnostics.openvoiceos,"query_kernel_version.intent","qual è la tua versione del kernel"
ovos-skill-diagnostics.openvoiceos,"query_kernel_version.intent","quale kernel hai"
ovos-skill-diagnostics.openvoiceos,"query_kernel_version.intent","quale versione del kernel stai usando"
ovos-skill-diagnostics.openvoiceos,"query_user_lang.intent","che lingua stiamo parlando"
ovos-skill-diagnostics.openvoiceos,"query_user_lang.intent","che lingua stiamo usando"
ovos-skill-diagnostics.openvoiceos,"query_user_lang.intent","quale lingua stiamo parlando"
ovos-skill-diagnostics.openvoiceos,"query_user_lang.intent","quale lingua stiamo usando"
ovos-skill-diagnostics.openvoiceos,"query_user_lang.intent","che lingua sto parlando"
ovos-skill-diagnostics.openvoiceos,"query_user_lang.intent","che lingua sto usando"
ovos-skill-diagnostics.openvoiceos,"query_user_lang.intent","quale lingua sto parlando"
ovos-skill-diagnostics.openvoiceos,"query_user_lang.intent","quale lingua sto usando"
ovos-skill-diagnostics.openvoiceos,"query_user_location.intent","dimmi la mia posizione"
ovos-skill-diagnostics.openvoiceos,"query_user_location.intent","dove mi trovo"
ovos-skill-diagnostics.openvoiceos,"query_user_location.intent","qual è la mia posizione"
ovos-skill-diagnostics.openvoiceos,"query_user_location.intent","qual è la mia posizione attuale"
ovos-skill-diagnostics.openvoiceos,"query_gpu.intent","c'è una G P U nel tuo computer?"
ovos-skill-diagnostics.openvoiceos,"query_gpu.intent","c'è una G P U nel tuo sistema?"
ovos-skill-diagnostics.openvoiceos,"query_gpu.intent","hai una G P U?"
ovos-skill-diagnostics.openvoiceos,"query_gpu.intent","il tuo computer ha una G P U?"
ovos-skill-diagnostics.openvoiceos,"query_gpu.intent","il tuo sistema ha una G P U?"
ovos-skill-diagnostics.openvoiceos,"query_gpu.intent","stai usando una G P U?"
ovos-skill-iss-location.openvoiceos,"where_iss.intent","dicci  la posizione dell' I S S"
ovos-skill-iss-location.openvoiceos,"where_iss.intent","dicci  la posizione dell' ISS"
ovos-skill-iss-location.openvoiceos,"where_iss.intent","dicci  la posizione dell' S S I"
ovos-skill-iss-location.openvoiceos,"where_iss.intent","dicci  la posizione dell' SSI"
ovos-skill-iss-location.openvoiceos,"where_iss.intent","dicci  la posizione della I S S"
ovos-skill-iss-location.openvoiceos,"where_iss.intent","dicci  la posizione della ISS"
ovos-skill-iss-location.openvoiceos,"where_iss.intent","dicci  la posizione della S S I"
ovos-skill-iss-location.openvoiceos,"where_iss.intent","dicci  la posizione della SSI"
ovos-skill-iss-location.openvoiceos,"where_iss.intent","dicci  la posizione della stazione spaziale"
ovos-skill-iss-location.openvoiceos,"where_iss.intent","dicci  la posizione della stazione spaziale internazionale"
ovos-skill-iss-location.openvoiceos,"where_iss.intent","dicci qual è la posizione dell' I S S"
ovos-skill-iss-location.openvoiceos,"where_iss.intent","dicci qual è la posizione dell' ISS"
ovos-skill-iss-location.openvoiceos,"where_iss.intent","dicci qual è la posizione dell' S S I"
ovos-skill-iss-location.openvoiceos,"where_iss.intent","dicci qual è la posizione dell' SSI"
ovos-skill-iss-location.openvoiceos,"where_iss.intent","dicci qual è la posizione della I S S"
ovos-skill-iss-location.openvoiceos,"where_iss.intent","dicci qual è la posizione della ISS"
ovos-skill-iss-location.openvoiceos,"where_iss.intent","dicci qual è la posizione della S S I"
ovos-skill-iss-location.openvoiceos,"where_iss.intent","dicci qual è la posizione della SSI"
ovos-skill-iss-location.openvoiceos,"where_iss.intent","dicci qual è la posizione della stazione spaziale"
ovos-skill-iss-location.openvoiceos,"where_iss.intent","dicci qual è la posizione della stazione spaziale internazionale"
ovos-skill-iss-location.openvoiceos,"where_iss.intent","dicci quale è la posizione dell' I S S"
ovos-skill-iss-location.openvoiceos,"where_iss.intent","dicci quale è la posizione dell' ISS"
ovos-skill-iss-location.openvoiceos,"where_iss.intent","dicci quale è la posizione dell' S S I"
ovos-skill-iss-location.openvoiceos,"where_iss.intent","dicci quale è la posizione dell' SSI"
ovos-skill-iss-location.openvoiceos,"where_iss.intent","dicci quale è la posizione della I S S"
ovos-skill-iss-location.openvoiceos,"where_iss.intent","dicci quale è la posizione della ISS"
ovos-skill-iss-location.openvoiceos,"where_iss.intent","dicci quale è la posizione della S S I"
ovos-skill-iss-location.openvoiceos,"where_iss.intent","dicci quale è la posizione della SSI"
ovos-skill-iss-location.openvoiceos,"where_iss.intent","dicci quale è la posizione della stazione spaziale"
ovos-skill-iss-location.openvoiceos,"where_iss.intent","dicci quale è la posizione della stazione spaziale internazionale"
ovos-skill-iss-location.openvoiceos,"where_iss.intent","dimmi  la posizione dell' I S S"
ovos-skill-iss-location.openvoiceos,"where_iss.intent","dimmi  la posizione dell' ISS"
ovos-skill-iss-location.openvoiceos,"where_iss.intent","dimmi  la posizione dell' S S I"
ovos-skill-iss-location.openvoiceos,"where_iss.intent","dimmi  la posizione dell' SSI"
ovos-skill-iss-location.openvoiceos,"where_iss.intent","dimmi  la posizione della I S S"
ovos-skill-iss-location.openvoiceos,"where_iss.intent","dimmi  la posizione della ISS"
ovos-skill-iss-location.openvoiceos,"where_iss.intent","dimmi  la posizione della S S I"
ovos-skill-iss-location.openvoiceos,"where_iss.intent","dimmi  la posizione della SSI"
ovos-skill-iss-location.openvoiceos,"where_iss.intent","dimmi  la posizione della stazione spaziale"
ovos-skill-iss-location.openvoiceos,"where_iss.intent","dimmi  la posizione della stazione spaziale internazionale"
ovos-skill-iss-location.openvoiceos,"where_iss.intent","dimmi qual è la posizione dell' I S S"
ovos-skill-iss-location.openvoiceos,"where_iss.intent","dimmi qual è la posizione dell' ISS"
ovos-skill-iss-location.openvoiceos,"where_iss.intent","dimmi qual è la posizione dell' S S I"
ovos-skill-iss-location.openvoiceos,"where_iss.intent","dimmi qual è la posizione dell' SSI"
ovos-skill-iss-location.openvoiceos,"where_iss.intent","dimmi qual è la posizione della I S S"
ovos-skill-iss-location.openvoiceos,"where_iss.intent","dimmi qual è la posizione della ISS"
ovos-skill-iss-location.openvoiceos,"where_iss.intent","dimmi qual è la posizione della S S I"
ovos-skill-iss-location.openvoiceos,"where_iss.intent","dimmi qual è la posizione della SSI"
ovos-skill-iss-location.openvoiceos,"where_iss.intent","dimmi qual è la posizione della stazione spaziale"
ovos-skill-iss-location.openvoiceos,"where_iss.intent","dimmi qual è la posizione della stazione spaziale internazionale"
ovos-skill-iss-location.openvoiceos,"where_iss.intent","dimmi quale è la posizione dell' I S S"
ovos-skill-iss-location.openvoiceos,"where_iss.intent","dimmi quale è la posizione dell' ISS"
ovos-skill-iss-location.openvoiceos,"where_iss.intent","dimmi quale è la posizione dell' S S I"
ovos-skill-iss-location.openvoiceos,"where_iss.intent","dimmi quale è la posizione dell' SSI"
ovos-skill-iss-location.openvoiceos,"where_iss.intent","dimmi quale è la posizione della I S S"
ovos-skill-iss-location.openvoiceos,"where_iss.intent","dimmi quale è la posizione della ISS"
ovos-skill-iss-location.openvoiceos,"where_iss.intent","dimmi quale è la posizione della S S I"
ovos-skill-iss-location.openvoiceos,"where_iss.intent","dimmi quale è la posizione della SSI"
ovos-skill-iss-location.openvoiceos,"where_iss.intent","dimmi quale è la posizione della stazione spaziale"
ovos-skill-iss-location.openvoiceos,"where_iss.intent","dimmi quale è la posizione della stazione spaziale internazionale"
ovos-skill-iss-location.openvoiceos,"where_iss.intent","dov'è l' I S S"
ovos-skill-iss-location.openvoiceos,"where_iss.intent","dov'è l' ISS"
ovos-skill-iss-location.openvoiceos,"where_iss.intent","dov'è l' S S I"
ovos-skill-iss-location.openvoiceos,"where_iss.intent","dov'è l' SSI"
ovos-skill-iss-location.openvoiceos,"where_iss.intent","dov'è la I S S"
ovos-skill-iss-location.openvoiceos,"where_iss.intent","dov'è la ISS"
ovos-skill-iss-location.openvoiceos,"where_iss.intent","dov'è la S S I"
ovos-skill-iss-location.openvoiceos,"where_iss.intent","dov'è la SSI"
ovos-skill-iss-location.openvoiceos,"where_iss.intent","dov'è la stazione spaziale"
ovos-skill-iss-location.openvoiceos,"where_iss.intent","dov'è la stazione spaziale internazionale"
ovos-skill-iss-location.openvoiceos,"where_iss.intent","dove si trova l' I S S"
ovos-skill-iss-location.openvoiceos,"where_iss.intent","dove si trova l' ISS"
ovos-skill-iss-location.openvoiceos,"where_iss.intent","dove si trova l' S S I"
ovos-skill-iss-location.openvoiceos,"where_iss.intent","dove si trova l' SSI"
ovos-skill-iss-location.openvoiceos,"where_iss.intent","dove si trova la I S S"
ovos-skill-iss-location.openvoiceos,"where_iss.intent","dove si trova la ISS"
ovos-skill-iss-location.openvoiceos,"where_iss.intent","dove si trova la S S I"
ovos-skill-iss-location.openvoiceos,"where_iss.intent","dove si trova la SSI"
ovos-skill-iss-location.openvoiceos,"where_iss.intent","dove si trova la stazione spaziale"
ovos-skill-iss-location.openvoiceos,"where_iss.intent","dove si trova la stazione spaziale internazionale"
ovos-skill-iss-location.openvoiceos,"where_iss.intent","dove è l' I S S"
ovos-skill-iss-location.openvoiceos,"where_iss.intent","dove è l' ISS"
ovos-skill-iss-location.openvoiceos,"where_iss.intent","dove è l' S S I"
ovos-skill-iss-location.openvoiceos,"where_iss.intent","dove è l' SSI"
ovos-skill-iss-location.openvoiceos,"where_iss.intent","dove è la I S S"
ovos-skill-iss-location.openvoiceos,"where_iss.intent","dove è la ISS"
ovos-skill-iss-location.openvoiceos,"where_iss.intent","dove è la S S I"
ovos-skill-iss-location.openvoiceos,"where_iss.intent","dove è la SSI"
ovos-skill-iss-location.openvoiceos,"where_iss.intent","dove è la stazione spaziale"
ovos-skill-iss-location.openvoiceos,"where_iss.intent","dove è la stazione spaziale internazionale"
ovos-skill-iss-location.openvoiceos,"where_iss.intent","dì  la posizione dell' I S S"
ovos-skill-iss-location.openvoiceos,"where_iss.intent","dì  la posizione dell' ISS"
ovos-skill-iss-location.openvoiceos,"where_iss.intent","dì  la posizione dell' S S I"
ovos-skill-iss-location.openvoiceos,"where_iss.intent","dì  la posizione dell' SSI"
ovos-skill-iss-location.openvoiceos,"where_iss.intent","dì  la posizione della I S S"
ovos-skill-iss-location.openvoiceos,"where_iss.intent","dì  la posizione della ISS"
ovos-skill-iss-location.openvoiceos,"where_iss.intent","dì  la posizione della S S I"
ovos-skill-iss-location.openvoiceos,"where_iss.intent","dì  la posizione della SSI"
ovos-skill-iss-location.openvoiceos,"where_iss.intent","dì  la posizione della stazione spaziale"
ovos-skill-iss-location.openvoiceos,"where_iss.intent","dì  la posizione della stazione spaziale internazionale"
ovos-skill-iss-location.openvoiceos,"where_iss.intent","dì qual è la posizione dell' I S S"
ovos-skill-iss-location.openvoiceos,"where_iss.intent","dì qual è la posizione dell' ISS"
ovos-skill-iss-location.openvoiceos,"where_iss.intent","dì qual è la posizione dell' S S I"
ovos-skill-iss-location.openvoiceos,"where_iss.intent","dì qual è la posizione dell' SSI"
ovos-skill-iss-location.openvoiceos,"where_iss.intent","dì qual è la posizione della I S S"
ovos-skill-iss-location.openvoiceos,"where_iss.intent","dì qual è la posizione della ISS"
ovos-skill-iss-location.openvoiceos,"where_iss.intent","dì qual è la posizione della S S I"
ovos-skill-iss-location.openvoiceos,"where_iss.intent","dì qual è la posizione della SSI"
ovos-skill-iss-location.openvoiceos,"where_iss.intent","dì qual è la posizione della stazione spaziale"
ovos-skill-iss-location.openvoiceos,"where_iss.intent","dì qual è la posizione della stazione spaziale internazionale"
ovos-skill-iss-location.openvoiceos,"where_iss.intent","dì quale è la posizione dell' I S S"
ovos-skill-iss-location.openvoiceos,"where_iss.intent","dì quale è la posizione dell' ISS"
ovos-skill-iss-location.openvoiceos,"where_iss.intent","dì quale è la posizione dell' S S I"
ovos-skill-iss-location.openvoiceos,"where_iss.intent","dì quale è la posizione dell' SSI"
ovos-skill-iss-location.openvoiceos,"where_iss.intent","dì quale è la posizione della I S S"
ovos-skill-iss-location.openvoiceos,"where_iss.intent","dì quale è la posizione della ISS"
ovos-skill-iss-location.openvoiceos,"where_iss.intent","dì quale è la posizione della S S I"
ovos-skill-iss-location.openvoiceos,"where_iss.intent","dì quale è la posizione della SSI"
ovos-skill-iss-location.openvoiceos,"where_iss.intent","dì quale è la posizione della stazione spaziale"
ovos-skill-iss-location.openvoiceos,"where_iss.intent","dì quale è la posizione della stazione spaziale internazionale"
ovos-skill-iss-location.openvoiceos,"where_iss.intent","la posizione dell' I S S"
ovos-skill-iss-location.openvoiceos,"where_iss.intent","la posizione dell' ISS"
ovos-skill-iss-location.openvoiceos,"where_iss.intent","la posizione dell' S S I"
ovos-skill-iss-location.openvoiceos,"where_iss.intent","la posizione dell' SSI"
ovos-skill-iss-location.openvoiceos,"where_iss.intent","la posizione della I S S"
ovos-skill-iss-location.openvoiceos,"where_iss.intent","la posizione della ISS"
ovos-skill-iss-location.openvoiceos,"where_iss.intent","la posizione della S S I"
ovos-skill-iss-location.openvoiceos,"where_iss.intent","la posizione della SSI"
ovos-skill-iss-location.openvoiceos,"where_iss.intent","la posizione della stazione spaziale"
ovos-skill-iss-location.openvoiceos,"where_iss.intent","la posizione della stazione spaziale internazionale"
ovos-skill-iss-location.openvoiceos,"where_iss.intent","posizione dell' I S S"
ovos-skill-iss-location.openvoiceos,"where_iss.intent","posizione dell' ISS"
ovos-skill-iss-location.openvoiceos,"where_iss.intent","posizione dell' S S I"
ovos-skill-iss-location.openvoiceos,"where_iss.intent","posizione dell' SSI"
ovos-skill-iss-location.openvoiceos,"where_iss.intent","posizione della I S S"
ovos-skill-iss-location.openvoiceos,"where_iss.intent","posizione della ISS"
ovos-skill-iss-location.openvoiceos,"where_iss.intent","posizione della S S I"
ovos-skill-iss-location.openvoiceos,"where_iss.intent","posizione della SSI"
ovos-skill-iss-location.openvoiceos,"where_iss.intent","posizione della stazione spaziale"
ovos-skill-iss-location.openvoiceos,"where_iss.intent","posizione della stazione spaziale internazionale"
ovos-skill-iss-location.openvoiceos,"where_iss.intent","qual è la posizione dell' I S S"
ovos-skill-iss-location.openvoiceos,"where_iss.intent","qual è la posizione dell' ISS"
ovos-skill-iss-location.openvoiceos,"where_iss.intent","qual è la posizione dell' S S I"
ovos-skill-iss-location.openvoiceos,"where_iss.intent","qual è la posizione dell' SSI"
ovos-skill-iss-location.openvoiceos,"where_iss.intent","qual è la posizione della I S S"
ovos-skill-iss-location.openvoiceos,"where_iss.intent","qual è la posizione della ISS"
ovos-skill-iss-location.openvoiceos,"where_iss.intent","qual è la posizione della S S I"
ovos-skill-iss-location.openvoiceos,"where_iss.intent","qual è la posizione della SSI"
ovos-skill-iss-location.openvoiceos,"where_iss.intent","qual è la posizione della stazione spaziale"
ovos-skill-iss-location.openvoiceos,"where_iss.intent","qual è la posizione della stazione spaziale internazionale"
ovos-skill-iss-location.openvoiceos,"where_iss.intent","quale è la posizione dell' I S S"
ovos-skill-iss-location.openvoiceos,"where_iss.intent","quale è la posizione dell' ISS"
ovos-skill-iss-location.openvoiceos,"where_iss.intent","quale è la posizione dell' S S I"
ovos-skill-iss-location.openvoiceos,"where_iss.intent","quale è la posizione dell' SSI"
ovos-skill-iss-location.openvoiceos,"where_iss.intent","quale è la posizione della I S S"
ovos-skill-iss-location.openvoiceos,"where_iss.intent","quale è la posizione della ISS"
ovos-skill-iss-location.openvoiceos,"where_iss.intent","quale è la posizione della S S I"
ovos-skill-iss-location.openvoiceos,"where_iss.intent","quale è la posizione della SSI"
ovos-skill-iss-location.openvoiceos,"where_iss.intent","quale è la posizione della stazione spaziale"
ovos-skill-iss-location.openvoiceos,"where_iss.intent","quale è la posizione della stazione spaziale internazionale"
ovos-skill-iss-location.openvoiceos,"when_iss.intent","quand'è che l' I S S passa sopra"
ovos-skill-iss-location.openvoiceos,"when_iss.intent","quand'è che l' I S S passa sopra  me"
ovos-skill-iss-location.openvoiceos,"when_iss.intent","quand'è che l' I S S passa sopra  noi"
ovos-skill-iss-location.openvoiceos,"when_iss.intent","quand'è che l' I S S passa sopra  qui"
ovos-skill-iss-location.openvoiceos,"when_iss.intent","quand'è che l' I S S passa sopra di"
ovos-skill-iss-location.openvoiceos,"when_iss.intent","quand'è che l' I S S passa sopra di me"
ovos-skill-iss-location.openvoiceos,"when_iss.intent","quand'è che l' I S S passa sopra di noi"
ovos-skill-iss-location.openvoiceos,"when_iss.intent","quand'è che l' I S S passa sopra di qui"
ovos-skill-iss-location.openvoiceos,"when_iss.intent","quand'è che l' I S S passerà sopra"
ovos-skill-iss-location.openvoiceos,"when_iss.intent","quand'è che l' I S S passerà sopra  me"
ovos-skill-iss-location.openvoiceos,"when_iss.intent","quand'è che l' I S S passerà sopra  noi"
ovos-skill-iss-location.openvoiceos,"when_iss.intent","quand'è che l' I S S passerà sopra  qui"
ovos-skill-iss-location.openvoiceos,"when_iss.intent","quand'è che l' I S S passerà sopra di"
ovos-skill-iss-location.openvoiceos,"when_iss.intent","quand'è che l' I S S passerà sopra di me"
ovos-skill-iss-location.openvoiceos,"when_iss.intent","quand'è che l' I S S passerà sopra di noi"
ovos-skill-iss-location.openvoiceos,"when_iss.intent","quand'è che l' I S S passerà sopra di qui"
ovos-skill-iss-location.openvoiceos,"when_iss.intent","quand'è che l' I S S si trova sopra"
ovos-skill-iss-location.openvoiceos,"when_iss.intent","quand'è che l' I S S si trova sopra  me"
ovos-skill-iss-location.openvoiceos,"when_iss.intent","quand'è che l' I S S si trova sopra  noi"
ovos-skill-iss-location.openvoiceos,"when_iss.intent","quand'è che l' I S S si trova sopra  qui"
ovos-skill-iss-location.openvoiceos,"when_iss.intent","quand'è che l' I S S si trova sopra di"
ovos-skill-iss-location.openvoiceos,"when_iss.intent","quand'è che l' I S S si trova sopra di me"
ovos-skill-iss-location.openvoiceos,"when_iss.intent","quand'è che l' I S S si trova sopra di noi"
ovos-skill-iss-location.openvoiceos,"when_iss.intent","quand'è che l' I S S si trova sopra di qui"
ovos-skill-iss-location.openvoiceos,"when_iss.intent","quand'è che l' I S S si troverà sopra"
ovos-skill-iss-location.openvoiceos,"when_iss.intent","quand'è che l' I S S si troverà sopra  me"
ovos-skill-iss-location.openvoiceos,"when_iss.intent","quand'è che l' I S S si troverà sopra  noi"
ovos-skill-iss-location.openvoiceos,"when_iss.intent","quand'è che l' I S S si troverà sopra  qui"
ovos-skill-iss-location.openvoiceos,"when_iss.intent","quand'è che l' I S S si troverà sopra di"
ovos-skill-iss-location.openvoiceos,"when_iss.intent","quand'è che l' I S S si troverà sopra di me"
ovos-skill-iss-location.openvoiceos,"when_iss.intent","quand'è che l' I S S si troverà sopra di noi"
ovos-skill-iss-location.openvoiceos,"when_iss.intent","quand'è che l' I S S si troverà sopra di qui"
ovos-skill-iss-location.openvoiceos,"when_iss.intent","quand'è che l' ISS passa sopra"
ovos-skill-iss-location.openvoiceos,"when_iss.intent","quand'è che l' ISS passa sopra  me"
ovos-skill-iss-location.openvoiceos,"when_iss.intent","quand'è che l' ISS passa sopra  noi"
ovos-skill-iss-location.openvoiceos,"when_iss.intent","quand'è che l' ISS passa sopra  qui"
ovos-skill-iss-location.openvoiceos,"when_iss.intent","quand'è che l' ISS passa sopra di"
ovos-skill-iss-location.openvoiceos,"when_iss.intent","quand'è che l' ISS passa sopra di me"
ovos-skill-iss-location.openvoiceos,"when_iss.intent","quand'è che l' ISS passa sopra di noi"
ovos-skill-iss-location.openvoiceos,"when_iss.intent","quand'è che l' ISS passa sopra di qui"
ovos-skill-iss-location.openvoiceos,"when_iss.intent","quand'è che l' ISS passerà sopra"
ovos-skill-iss-location.openvoiceos,"when_iss.intent","quand'è che l' ISS passerà sopra  me"
ovos-skill-iss-location.openvoiceos,"when_iss.intent","quand'è che l' ISS passerà sopra  noi"
ovos-skill-iss-location.openvoiceos,"when_iss.intent","quand'è che l' ISS passerà sopra  qui"
ovos-skill-iss-location.openvoiceos,"when_iss.intent","quand'è che l' ISS passerà sopra di"
ovos-skill-iss-location.openvoiceos,"when_iss.intent","quand'è che l' ISS passerà sopra di me"
ovos-skill-iss-location.openvoiceos,"when_iss.intent","quand'è che l' ISS passerà sopra di noi"
ovos-skill-iss-location.openvoiceos,"when_iss.intent","quand'è che l' ISS passerà sopra di qui"
ovos-skill-iss-location.openvoiceos,"when_iss.intent","quand'è che l' ISS si trova sopra"
ovos-skill-iss-location.openvoiceos,"when_iss.intent","quand'è che l' ISS si trova sopra  me"
ovos-skill-iss-location.openvoiceos,"when_iss.intent","quand'è che l' ISS si trova sopra  noi"
ovos-skill-iss-location.openvoiceos,"when_iss.intent","quand'è che l' ISS si trova sopra  qui"
ovos-skill-iss-location.openvoiceos,"when_iss.intent","quand'è che l' ISS si trova sopra di"
ovos-skill-iss-location.openvoiceos,"when_iss.intent","quand'è che l' ISS si trova sopra di me"
ovos-skill-iss-location.openvoiceos,"when_iss.intent","quand'è che l' ISS si trova sopra di noi"
ovos-skill-iss-location.openvoiceos,"when_iss.intent","quand'è che l' ISS si trova sopra di qui"
ovos-skill-iss-location.openvoiceos,"when_iss.intent","quand'è che l' ISS si troverà sopra"
ovos-skill-iss-location.openvoiceos,"when_iss.intent","quand'è che l' ISS si troverà sopra  me"
ovos-skill-iss-location.openvoiceos,"when_iss.intent","quand'è che l' ISS si troverà sopra  noi"
ovos-skill-iss-location.openvoiceos,"when_iss.intent","quand'è che l' ISS si troverà sopra  qui"
ovos-skill-iss-location.openvoiceos,"when_iss.intent","quand'è che l' ISS si troverà sopra di"
ovos-skill-iss-location.openvoiceos,"when_iss.intent","quand'è che l' ISS si troverà sopra di me"
ovos-skill-iss-location.openvoiceos,"when_iss.intent","quand'è che l' ISS si troverà sopra di noi"
ovos-skill-iss-location.openvoiceos,"when_iss.intent","quand'è che l' ISS si troverà sopra di qui"
ovos-skill-iss-location.openvoiceos,"when_iss.intent","quand'è che l' S S I passa sopra"
ovos-skill-iss-location.openvoiceos,"when_iss.intent","quand'è che l' S S I passa sopra  me"
ovos-skill-iss-location.openvoiceos,"when_iss.intent","quand'è che l' S S I passa sopra  noi"
ovos-skill-iss-location.openvoiceos,"when_iss.intent","quand'è che l' S S I passa sopra  qui"
ovos-skill-iss-location.openvoiceos,"when_iss.intent","quand'è che l' S S I passa sopra di"
ovos-skill-iss-location.openvoiceos,"when_iss.intent","quand'è che l' S S I passa sopra di me"
ovos-skill-iss-location.openvoiceos,"when_iss.intent","quand'è che l' S S I passa sopra di noi"
ovos-skill-iss-location.openvoiceos,"when_iss.intent","quand'è che l' S S I passa sopra di qui"
ovos-skill-iss-location.openvoiceos,"when_iss.intent","quand'è che l' S S I passerà sopra"
ovos-skill-iss-location.openvoiceos,"when_iss.intent","quand'è che l' S S I passerà sopra  me"
ovos-skill-iss-location.openvoiceos,"when_iss.intent","quand'è che l' S S I passerà sopra  noi"
ovos-skill-iss-location.openvoiceos,"when_iss.intent","quand'è che l' S S I passerà sopra  qui"
ovos-skill-iss-location.openvoiceos,"when_iss.intent","quand'è che l' S S I passerà sopra di"
ovos-skill-iss-location.openvoiceos,"when_iss.intent","quand'è che l' S S I passerà sopra di me"
ovos-skill-iss-location.openvoiceos,"when_iss.intent","quand'è che l' S S I passerà sopra di noi"
ovos-skill-iss-location.openvoiceos,"when_iss.intent","quand'è che l' S S I passerà sopra di qui"
ovos-skill-iss-location.openvoiceos,"when_iss.intent","quand'è che l' S S I si trova sopra"
ovos-skill-iss-location.openvoiceos,"when_iss.intent","quand'è che l' S S I si trova sopra  me"
ovos-skill-iss-location.openvoiceos,"when_iss.intent","quand'è che l' S S I si trova sopra  noi"
ovos-skill-iss-location.openvoiceos,"when_iss.intent","quand'è che l' S S I si trova sopra  qui"
ovos-skill-iss-location.openvoiceos,"when_iss.intent","quand'è che l' S S I si trova sopra di"
ovos-skill-iss-location.openvoiceos,"when_iss.intent","quand'è che l' S S I si trova sopra di me"
ovos-skill-iss-location.openvoiceos,"when_iss.intent","quand'è che l' S S I si trova sopra di noi"
ovos-skill-iss-location.openvoiceos,"when_iss.intent","quand'è che l' S S I si trova sopra di qui"
ovos-skill-iss-location.openvoiceos,"when_iss.intent","quand'è che l' S S I si troverà sopra"
ovos-skill-iss-location.openvoiceos,"when_iss.intent","quand'è che l' S S I si troverà sopra  me"
ovos-skill-iss-location.openvoiceos,"when_iss.intent","quand'è che l' S S I si troverà sopra  noi"
ovos-skill-iss-location.openvoiceos,"when_iss.intent","quand'è che l' S S I si troverà sopra  qui"
ovos-skill-iss-location.openvoiceos,"when_iss.intent","quand'è che l' S S I si troverà sopra di"
ovos-skill-iss-location.openvoiceos,"when_iss.intent","quand'è che l' S S I si troverà sopra di me"
ovos-skill-iss-location.openvoiceos,"when_iss.intent","quand'è che l' S S I si troverà sopra di noi"
ovos-skill-iss-location.openvoiceos,"when_iss.intent","quand'è che l' S S I si troverà sopra di qui"
ovos-skill-iss-location.openvoiceos,"when_iss.intent","quand'è che l' SSI passa sopra"
ovos-skill-iss-location.openvoiceos,"when_iss.intent","quand'è che l' SSI passa sopra  me"
ovos-skill-iss-location.openvoiceos,"when_iss.intent","quand'è che l' SSI passa sopra  noi"
ovos-skill-iss-location.openvoiceos,"when_iss.intent","quand'è che l' SSI passa sopra  qui"
ovos-skill-iss-location.openvoiceos,"when_iss.intent","quand'è che l' SSI passa sopra di"
ovos-skill-iss-location.openvoiceos,"when_iss.intent","quand'è che l' SSI passa sopra di me"
ovos-skill-iss-location.openvoiceos,"when_iss.intent","quand'è che l' SSI passa sopra di noi"
ovos-skill-iss-location.openvoiceos,"when_iss.intent","quand'è che l' SSI passa sopra di qui"
ovos-skill-iss-location.openvoiceos,"when_iss.intent","quand'è che l' SSI passerà sopra"
ovos-skill-iss-location.openvoiceos,"when_iss.intent","quand'è che l' SSI passerà sopra  me"
ovos-skill-iss-location.openvoiceos,"when_iss.intent","quand'è che l' SSI passerà sopra  noi"
ovos-skill-iss-location.openvoiceos,"when_iss.intent","quand'è che l' SSI passerà sopra  qui"
ovos-skill-iss-location.openvoiceos,"when_iss.intent","quand'è che l' SSI passerà sopra di"
ovos-skill-iss-location.openvoiceos,"when_iss.intent","quand'è che l' SSI passerà sopra di me"
ovos-skill-iss-location.openvoiceos,"when_iss.intent","quand'è che l' SSI passerà sopra di noi"
ovos-skill-iss-location.openvoiceos,"when_iss.intent","quand'è che l' SSI passerà sopra di qui"
ovos-skill-iss-location.openvoiceos,"when_iss.intent","quand'è che l' SSI si trova sopra"
ovos-skill-iss-location.openvoiceos,"when_iss.intent","quand'è che l' SSI si trova sopra  me"
ovos-skill-iss-location.openvoiceos,"when_iss.intent","quand'è che l' SSI si trova sopra  noi"
ovos-skill-iss-location.openvoiceos,"when_iss.intent","quand'è che l' SSI si trova sopra  qui"
ovos-skill-iss-location.openvoiceos,"when_iss.intent","quand'è che l' SSI si trova sopra di"
ovos-skill-iss-location.openvoiceos,"when_iss.intent","quand'è che l' SSI si trova sopra di me"
ovos-skill-iss-location.openvoiceos,"when_iss.intent","quand'è che l' SSI si trova sopra di noi"
ovos-skill-iss-location.openvoiceos,"when_iss.intent","quand'è che l' SSI si trova sopra di qui"
ovos-skill-iss-location.openvoiceos,"when_iss.intent","quand'è che l' SSI si troverà sopra"
ovos-skill-iss-location.openvoiceos,"when_iss.intent","quand'è che l' SSI si troverà sopra  me"
ovos-skill-iss-location.openvoiceos,"when_iss.intent","quand'è che l' SSI si troverà sopra  noi"
ovos-skill-iss-location.openvoiceos,"when_iss.intent","quand'è che l' SSI si troverà sopra  qui"
ovos-skill-iss-location.openvoiceos,"when_iss.intent","quand'è che l' SSI si troverà sopra di"
ovos-skill-iss-location.openvoiceos,"when_iss.intent","quand'è che l' SSI si troverà sopra di me"
ovos-skill-iss-location.openvoiceos,"when_iss.intent","quand'è che l' SSI si troverà sopra di noi"
ovos-skill-iss-location.openvoiceos,"when_iss.intent","quand'è che l' SSI si troverà sopra di qui"
ovos-skill-iss-location.openvoiceos,"when_iss.intent","quand'è che la I S S passa sopra"
ovos-skill-iss-location.openvoiceos,"when_iss.intent","quand'è che la I S S passa sopra  me"
ovos-skill-iss-location.openvoiceos,"when_iss.intent","quand'è che la I S S passa sopra  noi"
ovos-skill-iss-location.openvoiceos,"when_iss.intent","quand'è che la I S S passa sopra  qui"
ovos-skill-iss-location.openvoiceos,"when_iss.intent","quand'è che la I S S passa sopra di"
ovos-skill-iss-location.openvoiceos,"when_iss.intent","quand'è che la I S S passa sopra di me"
ovos-skill-iss-location.openvoiceos,"when_iss.intent","quand'è che la I S S passa sopra di noi"
ovos-skill-iss-location.openvoiceos,"when_iss.intent","quand'è che la I S S passa sopra di qui"
ovos-skill-iss-location.openvoiceos,"when_iss.intent","quand'è che la I S S passerà sopra"
ovos-skill-iss-location.openvoiceos,"when_iss.intent","quand'è che la I S S passerà sopra  me"
ovos-skill-iss-location.openvoiceos,"when_iss.intent","quand'è che la I S S passerà sopra  noi"
ovos-skill-iss-location.openvoiceos,"when_iss.intent","quand'è che la I S S passerà sopra  qui"
ovos-skill-iss-location.openvoiceos,"when_iss.intent","quand'è che la I S S passerà sopra di"
ovos-skill-iss-location.openvoiceos,"when_iss.intent","quand'è che la I S S passerà sopra di me"
ovos-skill-iss-location.openvoiceos,"when_iss.intent","quand'è che la I S S passerà sopra di noi"
ovos-skill-iss-location.openvoiceos,"when_iss.intent","quand'è che la I S S passerà sopra di qui"
ovos-skill-iss-location.openvoiceos,"when_iss.intent","quand'è che la I S S si trova sopra"
ovos-skill-iss-location.openvoiceos,"when_iss.intent","quand'è che la I S S si trova sopra  me"
ovos-skill-iss-location.openvoiceos,"when_iss.intent","quand'è che la I S S si trova sopra  noi"
ovos-skill-iss-location.openvoiceos,"when_iss.intent","quand'è che la I S S si trova sopra  qui"
ovos-skill-iss-location.openvoiceos,"when_iss.intent","quand'è che la I S S si trova sopra di"
ovos-skill-iss-location.openvoiceos,"when_iss.intent","quand'è che la I S S si trova sopra di me"
ovos-skill-iss-location.openvoiceos,"when_iss.intent","quand'è che la I S S si trova sopra di noi"
ovos-skill-iss-location.openvoiceos,"when_iss.intent","quand'è che la I S S si trova sopra di qui"
ovos-skill-iss-location.openvoiceos,"when_iss.intent","quand'è che la I S S si troverà sopra"
ovos-skill-iss-location.openvoiceos,"when_iss.intent","quand'è che la I S S si troverà sopra  me"
ovos-skill-iss-location.openvoiceos,"when_iss.intent","quand'è che la I S S si troverà sopra  noi"
ovos-skill-iss-location.openvoiceos,"when_iss.intent","quand'è che la I S S si troverà sopra  qui"
ovos-skill-iss-location.openvoiceos,"when_iss.intent","quand'è che la I S S si troverà sopra di"
ovos-skill-iss-location.openvoiceos,"when_iss.intent","quand'è che la I S S si troverà sopra di me"
ovos-skill-iss-location.openvoiceos,"when_iss.intent","quand'è che la I S S si troverà sopra di noi"
ovos-skill-iss-location.openvoiceos,"when_iss.intent","quand'è che la I S S si troverà sopra di qui"
ovos-skill-iss-location.openvoiceos,"when_iss.intent","quand'è che la ISS passa sopra"
ovos-skill-iss-location.openvoiceos,"when_iss.intent","quand'è che la ISS passa sopra  me"
ovos-skill-iss-location.openvoiceos,"when_iss.intent","quand'è che la ISS passa sopra  noi"
ovos-skill-iss-location.openvoiceos,"when_iss.intent","quand'è che la ISS passa sopra  qui"
ovos-skill-iss-location.openvoiceos,"when_iss.intent","quand'è che la ISS passa sopra di"
ovos-skill-iss-location.openvoiceos,"when_iss.intent","quand'è che la ISS passa sopra di me"
ovos-skill-iss-location.openvoiceos,"when_iss.intent","quand'è che la ISS passa sopra di noi"
ovos-skill-iss-location.openvoiceos,"when_iss.intent","quand'è che la ISS passa sopra di qui"
ovos-skill-iss-location.openvoiceos,"when_iss.intent","quand'è che la ISS passerà sopra"
ovos-skill-iss-location.openvoiceos,"when_iss.intent","quand'è che la ISS passerà sopra  me"
ovos-skill-iss-location.openvoiceos,"when_iss.intent","quand'è che la ISS passerà sopra  noi"
ovos-skill-iss-location.openvoiceos,"when_iss.intent","quand'è che la ISS passerà sopra  qui"
ovos-skill-iss-location.openvoiceos,"when_iss.intent","quand'è che la ISS passerà sopra di"
ovos-skill-iss-location.openvoiceos,"when_iss.intent","quand'è che la ISS passerà sopra di me"
ovos-skill-iss-location.openvoiceos,"when_iss.intent","quand'è che la ISS passerà sopra di noi"
ovos-skill-iss-location.openvoiceos,"when_iss.intent","quand'è che la ISS passerà sopra di qui"
ovos-skill-iss-location.openvoiceos,"when_iss.intent","quand'è che la ISS si trova sopra"
ovos-skill-iss-location.openvoiceos,"when_iss.intent","quand'è che la ISS si trova sopra  me"
ovos-skill-iss-location.openvoiceos,"when_iss.intent","quand'è che la ISS si trova sopra  noi"
ovos-skill-iss-location.openvoiceos,"when_iss.intent","quand'è che la ISS si trova sopra  qui"
ovos-skill-iss-location.openvoiceos,"when_iss.intent","quand'è che la ISS si trova sopra di"
ovos-skill-iss-location.openvoiceos,"when_iss.intent","quand'è che la ISS si trova sopra di me"
ovos-skill-iss-location.openvoiceos,"when_iss.intent","quand'è che la ISS si trova sopra di noi"
ovos-skill-iss-location.openvoiceos,"when_iss.intent","quand'è che la ISS si trova sopra di qui"
ovos-skill-iss-location.openvoiceos,"when_iss.intent","quand'è che la ISS si troverà sopra"
ovos-skill-iss-location.openvoiceos,"when_iss.intent","quand'è che la ISS si troverà sopra  me"
ovos-skill-iss-location.openvoiceos,"when_iss.intent","quand'è che la ISS si troverà sopra  noi"
ovos-skill-iss-location.openvoiceos,"when_iss.intent","quand'è che la ISS si troverà sopra  qui"
ovos-skill-iss-location.openvoiceos,"when_iss.intent","quand'è che la ISS si troverà sopra di"
ovos-skill-iss-location.openvoiceos,"when_iss.intent","quand'è che la ISS si troverà sopra di me"
ovos-skill-iss-location.openvoiceos,"when_iss.intent","quand'è che la ISS si troverà sopra di noi"
ovos-skill-iss-location.openvoiceos,"when_iss.intent","quand'è che la ISS si troverà sopra di qui"
ovos-skill-iss-location.openvoiceos,"when_iss.intent","quand'è che la S S I passa sopra"
ovos-skill-iss-location.openvoiceos,"when_iss.intent","quand'è che la S S I passa sopra  me"
ovos-skill-iss-location.openvoiceos,"when_iss.intent","quand'è che la S S I passa sopra  noi"
ovos-skill-iss-location.openvoiceos,"when_iss.intent","quand'è che la S S I passa sopra  qui"
ovos-skill-iss-location.openvoiceos,"when_iss.intent","quand'è che la S S I passa sopra di"
ovos-skill-iss-location.openvoiceos,"when_iss.intent","quand'è che la S S I passa sopra di me"
ovos-skill-iss-location.openvoiceos,"when_iss.intent","quand'è che la S S I passa sopra di noi"
ovos-skill-iss-location.openvoiceos,"when_iss.intent","quand'è che la S S I passa sopra di qui"
ovos-skill-iss-location.openvoiceos,"when_iss.intent","quand'è che la S S I passerà sopra"
ovos-skill-iss-location.openvoiceos,"when_iss.intent","quand'è che la S S I passerà sopra  me"
ovos-skill-iss-location.openvoiceos,"when_iss.intent","quand'è che la S S I passerà sopra  noi"
ovos-skill-iss-location.openvoiceos,"when_iss.intent","quand'è che la S S I passerà sopra  qui"
ovos-skill-iss-location.openvoiceos,"when_iss.intent","quand'è che la S S I passerà sopra di"
ovos-skill-iss-location.openvoiceos,"when_iss.intent","quand'è che la S S I passerà sopra di me"
ovos-skill-iss-location.openvoiceos,"when_iss.intent","quand'è che la S S I passerà sopra di noi"
ovos-skill-iss-location.openvoiceos,"when_iss.intent","quand'è che la S S I passerà sopra di qui"
ovos-skill-iss-location.openvoiceos,"when_iss.intent","quand'è che la S S I si trova sopra"
ovos-skill-iss-location.openvoiceos,"when_iss.intent","quand'è che la S S I si trova sopra  me"
ovos-skill-iss-location.openvoiceos,"when_iss.intent","quand'è che la S S I si trova sopra  noi"
ovos-skill-iss-location.openvoiceos,"when_iss.intent","quand'è che la S S I si trova sopra  qui"
ovos-skill-iss-location.openvoiceos,"when_iss.intent","quand'è che la S S I si trova sopra di"
ovos-skill-iss-location.openvoiceos,"when_iss.intent","quand'è che la S S I si trova sopra di me"
ovos-skill-iss-location.openvoiceos,"when_iss.intent","quand'è che la S S I si trova sopra di noi"
ovos-skill-iss-location.openvoiceos,"when_iss.intent","quand'è che la S S I si trova sopra di qui"
ovos-skill-iss-location.openvoiceos,"when_iss.intent","quand'è che la S S I si troverà sopra"
ovos-skill-iss-location.openvoiceos,"when_iss.intent","quand'è che la S S I si troverà sopra  me"
ovos-skill-iss-location.openvoiceos,"when_iss.intent","quand'è che la S S I si troverà sopra  noi"
ovos-skill-iss-location.openvoiceos,"when_iss.intent","quand'è che la S S I si troverà sopra  qui"
ovos-skill-iss-location.openvoiceos,"when_iss.intent","quand'è che la S S I si troverà sopra di"
ovos-skill-iss-location.openvoiceos,"when_iss.intent","quand'è che la S S I si troverà sopra di me"
ovos-skill-iss-location.openvoiceos,"when_iss.intent","quand'è che la S S I si troverà sopra di noi"
ovos-skill-iss-location.openvoiceos,"when_iss.intent","quand'è che la S S I si troverà sopra di qui"
ovos-skill-iss-location.openvoiceos,"when_iss.intent","quand'è che la SSI passa sopra"
ovos-skill-iss-location.openvoiceos,"when_iss.intent","quand'è che la SSI passa sopra  me"
ovos-skill-iss-location.openvoiceos,"when_iss.intent","quand'è che la SSI passa sopra  noi"
ovos-skill-iss-location.openvoiceos,"when_iss.intent","quand'è che la SSI passa sopra  qui"
ovos-skill-iss-location.openvoiceos,"when_iss.intent","quand'è che la SSI passa sopra di"
ovos-skill-iss-location.openvoiceos,"when_iss.intent","quand'è che la SSI passa sopra di me"
ovos-skill-iss-location.openvoiceos,"when_iss.intent","quand'è che la SSI passa sopra di noi"
ovos-skill-iss-location.openvoiceos,"when_iss.intent","quand'è che la SSI passa sopra di qui"
ovos-skill-iss-location.openvoiceos,"when_iss.intent","quand'è che la SSI passerà sopra"
ovos-skill-iss-location.openvoiceos,"when_iss.intent","quand'è che la SSI passerà sopra  me"
ovos-skill-iss-location.openvoiceos,"when_iss.intent","quand'è che la SSI passerà sopra  noi"
ovos-skill-iss-location.openvoiceos,"when_iss.intent","quand'è che la SSI passerà sopra  qui"
ovos-skill-iss-location.openvoiceos,"when_iss.intent","quand'è che la SSI passerà sopra di"
ovos-skill-iss-location.openvoiceos,"when_iss.intent","quand'è che la SSI passerà sopra di me"
ovos-skill-iss-location.openvoiceos,"when_iss.intent","quand'è che la SSI passerà sopra di noi"
ovos-skill-iss-location.openvoiceos,"when_iss.intent","quand'è che la SSI passerà sopra di qui"
ovos-skill-iss-location.openvoiceos,"when_iss.intent","quand'è che la SSI si trova sopra"
ovos-skill-iss-location.openvoiceos,"when_iss.intent","quand'è che la SSI si trova sopra  me"
ovos-skill-iss-location.openvoiceos,"when_iss.intent","quand'è che la SSI si trova sopra  noi"
ovos-skill-iss-location.openvoiceos,"when_iss.intent","quand'è che la SSI si trova sopra  qui"
ovos-skill-iss-location.openvoiceos,"when_iss.intent","quand'è che la SSI si trova sopra di"
ovos-skill-iss-location.openvoiceos,"when_iss.intent","quand'è che la SSI si trova sopra di me"
ovos-skill-iss-location.openvoiceos,"when_iss.intent","quand'è che la SSI si trova sopra di noi"
ovos-skill-iss-location.openvoiceos,"when_iss.intent","quand'è che la SSI si trova sopra di qui"
ovos-skill-iss-location.openvoiceos,"when_iss.intent","quand'è che la SSI si troverà sopra"
ovos-skill-iss-location.openvoiceos,"when_iss.intent","quand'è che la SSI si troverà sopra  me"
ovos-skill-iss-location.openvoiceos,"when_iss.intent","quand'è che la SSI si troverà sopra  noi"
ovos-skill-iss-location.openvoiceos,"when_iss.intent","quand'è che la SSI si troverà sopra  qui"
ovos-skill-iss-location.openvoiceos,"when_iss.intent","quand'è che la SSI si troverà sopra di"
ovos-skill-iss-location.openvoiceos,"when_iss.intent","quand'è che la SSI si troverà sopra di me"
ovos-skill-iss-location.openvoiceos,"when_iss.intent","quand'è che la SSI si troverà sopra di noi"
ovos-skill-iss-location.openvoiceos,"when_iss.intent","quand'è che la SSI si troverà sopra di qui"
ovos-skill-iss-location.openvoiceos,"when_iss.intent","quand'è che la stazione spaziale  passa sopra"
ovos-skill-iss-location.openvoiceos,"when_iss.intent","quand'è che la stazione spaziale  passa sopra  me"
ovos-skill-iss-location.openvoiceos,"when_iss.intent","quand'è che la stazione spaziale  passa sopra  noi"
ovos-skill-iss-location.openvoiceos,"when_iss.intent","quand'è che la stazione spaziale  passa sopra  qui"
ovos-skill-iss-location.openvoiceos,"when_iss.intent","quand'è che la stazione spaziale  passa sopra di"
ovos-skill-iss-location.openvoiceos,"when_iss.intent","quand'è che la stazione spaziale  passa sopra di me"
ovos-skill-iss-location.openvoiceos,"when_iss.intent","quand'è che la stazione spaziale  passa sopra di noi"
ovos-skill-iss-location.openvoiceos,"when_iss.intent","quand'è che la stazione spaziale  passa sopra di qui"
ovos-skill-iss-location.openvoiceos,"when_iss.intent","quand'è che la stazione spaziale  passerà sopra"
ovos-skill-iss-location.openvoiceos,"when_iss.intent","quand'è che la stazione spaziale  passerà sopra  me"
ovos-skill-iss-location.openvoiceos,"when_iss.intent","quand'è che la stazione spaziale  passerà sopra  noi"
ovos-skill-iss-location.openvoiceos,"when_iss.intent","quand'è che la stazione spaziale  passerà sopra  qui"
ovos-skill-iss-location.openvoiceos,"when_iss.intent","quand'è che la stazione spaziale  passerà sopra di"
ovos-skill-iss-location.openvoiceos,"when_iss.intent","quand'è che la stazione spaziale  passerà sopra di me"
ovos-skill-iss-location.openvoiceos,"when_iss.intent","quand'è che la stazione spaziale  passerà sopra di noi"
ovos-skill-iss-location.openvoiceos,"when_iss.intent","quand'è che la stazione spaziale  passerà sopra di qui"
ovos-skill-iss-location.openvoiceos,"when_iss.intent","quand'è che la stazione spaziale  si trova sopra"
ovos-skill-iss-location.openvoiceos,"when_iss.intent","quand'è che la stazione spaziale  si trova sopra  me"
ovos-skill-iss-location.openvoiceos,"when_iss.intent","quand'è che la stazione spaziale  si trova sopra  noi"
ovos-skill-iss-location.openvoiceos,"when_iss.intent","quand'è che la stazione spaziale  si trova sopra  qui"
ovos-skill-iss-location.openvoiceos,"when_iss.intent","quand'è che la stazione spaziale  si trova sopra di"
ovos-skill-iss-location.openvoiceos,"when_iss.intent","quand'è che la stazione spaziale  si trova sopra di me"
ovos-skill-iss-location.openvoiceos,"when_iss.intent","quand'è che la stazione spaziale  si trova sopra di noi"
ovos-skill-iss-location.openvoiceos,"when_iss.intent","quand'è che la stazione spaziale  si trova sopra di qui"
ovos-skill-iss-location.openvoiceos,"when_iss.intent","quand'è che la stazione spaziale  si troverà sopra"
ovos-skill-iss-location.openvoiceos,"when_iss.intent","quand'è che la stazione spaziale  si troverà sopra  me"
ovos-skill-iss-location.openvoiceos,"when_iss.intent","quand'è che la stazione spaziale  si troverà sopra  noi"
ovos-skill-iss-location.openvoiceos,"when_iss.intent","quand'è che la stazione spaziale  si troverà sopra  qui"
ovos-skill-iss-location.openvoiceos,"when_iss.intent","quand'è che la stazione spaziale  si troverà sopra di"
ovos-skill-iss-location.openvoiceos,"when_iss.intent","quand'è che la stazione spaziale  si troverà sopra di me"
ovos-skill-iss-location.openvoiceos,"when_iss.intent","quand'è che la stazione spaziale  si troverà sopra di noi"
ovos-skill-iss-location.openvoiceos,"when_iss.intent","quand'è che la stazione spaziale  si troverà sopra di qui"
ovos-skill-iss-location.openvoiceos,"when_iss.intent","quand'è che la stazione spaziale internazionale passa sopra"
ovos-skill-iss-location.openvoiceos,"when_iss.intent","quand'è che la stazione spaziale internazionale passa sopra  me"
ovos-skill-iss-location.openvoiceos,"when_iss.intent","quand'è che la stazione spaziale internazionale passa sopra  noi"
ovos-skill-iss-location.openvoiceos,"when_iss.intent","quand'è che la stazione spaziale internazionale passa sopra  qui"
ovos-skill-iss-location.openvoiceos,"when_iss.intent","quand'è che la stazione spaziale internazionale passa sopra di"
ovos-skill-iss-location.openvoiceos,"when_iss.intent","quand'è che la stazione spaziale internazionale passa sopra di me"
ovos-skill-iss-location.openvoiceos,"when_iss.intent","quand'è che la stazione spaziale internazionale passa sopra di noi"
ovos-skill-iss-location.openvoiceos,"when_iss.intent","quand'è che la stazione spaziale internazionale passa sopra di qui"
ovos-skill-iss-location.openvoiceos,"when_iss.intent","quand'è che la stazione spaziale internazionale passerà sopra"
ovos-skill-iss-location.openvoiceos,"when_iss.intent","quand'è che la stazione spaziale internazionale passerà sopra  me"
ovos-skill-iss-location.openvoiceos,"when_iss.intent","quand'è che la stazione spaziale internazionale passerà sopra  noi"
ovos-skill-iss-location.openvoiceos,"when_iss.intent","quand'è che la stazione spaziale internazionale passerà sopra  qui"
ovos-skill-iss-location.openvoiceos,"when_iss.intent","quand'è che la stazione spaziale internazionale passerà sopra di"
ovos-skill-iss-location.openvoiceos,"when_iss.intent","quand'è che la stazione spaziale internazionale passerà sopra di me"
ovos-skill-iss-location.openvoiceos,"when_iss.intent","quand'è che la stazione spaziale internazionale passerà sopra di noi"
ovos-skill-iss-location.openvoiceos,"when_iss.intent","quand'è che la stazione spaziale internazionale passerà sopra di qui"
ovos-skill-iss-location.openvoiceos,"when_iss.intent","quand'è che la stazione spaziale internazionale si trova sopra"
ovos-skill-iss-location.openvoiceos,"when_iss.intent","quand'è che la stazione spaziale internazionale si trova sopra  me"
ovos-skill-iss-location.openvoiceos,"when_iss.intent","quand'è che la stazione spaziale internazionale si trova sopra  noi"
ovos-skill-iss-location.openvoiceos,"when_iss.intent","quand'è che la stazione spaziale internazionale si trova sopra  qui"
ovos-skill-iss-location.openvoiceos,"when_iss.intent","quand'è che la stazione spaziale internazionale si trova sopra di"
ovos-skill-iss-location.openvoiceos,"when_iss.intent","quand'è che la stazione spaziale internazionale si trova sopra di me"
ovos-skill-iss-location.openvoiceos,"when_iss.intent","quand'è che la stazione spaziale internazionale si trova sopra di noi"
ovos-skill-iss-location.openvoiceos,"when_iss.intent","quand'è che la stazione spaziale internazionale si trova sopra di qui"
ovos-skill-iss-location.openvoiceos,"when_iss.intent","quand'è che la stazione spaziale internazionale si troverà sopra"
ovos-skill-iss-location.openvoiceos,"when_iss.intent","quand'è che la stazione spaziale internazionale si troverà sopra  me"
ovos-skill-iss-location.openvoiceos,"when_iss.intent","quand'è che la stazione spaziale internazionale si troverà sopra  noi"
ovos-skill-iss-location.openvoiceos,"when_iss.intent","quand'è che la stazione spaziale internazionale si troverà sopra  qui"
ovos-skill-iss-location.openvoiceos,"when_iss.intent","quand'è che la stazione spaziale internazionale si troverà sopra di"
ovos-skill-iss-location.openvoiceos,"when_iss.intent","quand'è che la stazione spaziale internazionale si troverà sopra di me"
ovos-skill-iss-location.openvoiceos,"when_iss.intent","quand'è che la stazione spaziale internazionale si troverà sopra di noi"
ovos-skill-iss-location.openvoiceos,"when_iss.intent","quand'è che la stazione spaziale internazionale si troverà sopra di qui"
ovos-skill-iss-location.openvoiceos,"when_iss.intent","quando l' I S S passa sopra"
ovos-skill-iss-location.openvoiceos,"when_iss.intent","quando l' I S S passa sopra  me"
ovos-skill-iss-location.openvoiceos,"when_iss.intent","quando l' I S S passa sopra  noi"
ovos-skill-iss-location.openvoiceos,"when_iss.intent","quando l' I S S passa sopra  qui"
ovos-skill-iss-location.openvoiceos,"when_iss.intent","quando l' I S S passa sopra di"
ovos-skill-iss-location.openvoiceos,"when_iss.intent","quando l' I S S passa sopra di me"
ovos-skill-iss-location.openvoiceos,"when_iss.intent","quando l' I S S passa sopra di noi"
ovos-skill-iss-location.openvoiceos,"when_iss.intent","quando l' I S S passa sopra di qui"
ovos-skill-iss-location.openvoiceos,"when_iss.intent","quando l' I S S passerà sopra"
ovos-skill-iss-location.openvoiceos,"when_iss.intent","quando l' I S S passerà sopra  me"
ovos-skill-iss-location.openvoiceos,"when_iss.intent","quando l' I S S passerà sopra  noi"
ovos-skill-iss-location.openvoiceos,"when_iss.intent","quando l' I S S passerà sopra  qui"
ovos-skill-iss-location.openvoiceos,"when_iss.intent","quando l' I S S passerà sopra di"
ovos-skill-iss-location.openvoiceos,"when_iss.intent","quando l' I S S passerà sopra di me"
ovos-skill-iss-location.openvoiceos,"when_iss.intent","quando l' I S S passerà sopra di noi"
ovos-skill-iss-location.openvoiceos,"when_iss.intent","quando l' I S S passerà sopra di qui"
ovos-skill-iss-location.openvoiceos,"when_iss.intent","quando l' I S S si trova sopra"
ovos-skill-iss-location.openvoiceos,"when_iss.intent","quando l' I S S si trova sopra  me"
ovos-skill-iss-location.openvoiceos,"when_iss.intent","quando l' I S S si trova sopra  noi"
ovos-skill-iss-location.openvoiceos,"when_iss.intent","quando l' I S S si trova sopra  qui"
ovos-skill-iss-location.openvoiceos,"when_iss.intent","quando l' I S S si trova sopra di"
ovos-skill-iss-location.openvoiceos,"when_iss.intent","quando l' I S S si trova sopra di me"
ovos-skill-iss-location.openvoiceos,"when_iss.intent","quando l' I S S si trova sopra di noi"
ovos-skill-iss-location.openvoiceos,"when_iss.intent","quando l' I S S si trova sopra di qui"
ovos-skill-iss-location.openvoiceos,"when_iss.intent","quando l' I S S si troverà sopra"
ovos-skill-iss-location.openvoiceos,"when_iss.intent","quando l' I S S si troverà sopra  me"
ovos-skill-iss-location.openvoiceos,"when_iss.intent","quando l' I S S si troverà sopra  noi"
ovos-skill-iss-location.openvoiceos,"when_iss.intent","quando l' I S S si troverà sopra  qui"
ovos-skill-iss-location.openvoiceos,"when_iss.intent","quando l' I S S si troverà sopra di"
ovos-skill-iss-location.openvoiceos,"when_iss.intent","quando l' I S S si troverà sopra di me"
ovos-skill-iss-location.openvoiceos,"when_iss.intent","quando l' I S S si troverà sopra di noi"
ovos-skill-iss-location.openvoiceos,"when_iss.intent","quando l' I S S si troverà sopra di qui"
ovos-skill-iss-location.openvoiceos,"when_iss.intent","quando l' ISS passa sopra"
ovos-skill-iss-location.openvoiceos,"when_iss.intent","quando l' ISS passa sopra  me"
ovos-skill-iss-location.openvoiceos,"when_iss.intent","quando l' ISS passa sopra  noi"
ovos-skill-iss-location.openvoiceos,"when_iss.intent","quando l' ISS passa sopra  qui"
ovos-skill-iss-location.openvoiceos,"when_iss.intent","quando l' ISS passa sopra di"
ovos-skill-iss-location.openvoiceos,"when_iss.intent","quando l' ISS passa sopra di me"
ovos-skill-iss-location.openvoiceos,"when_iss.intent","quando l' ISS passa sopra di noi"
ovos-skill-iss-location.openvoiceos,"when_iss.intent","quando l' ISS passa sopra di qui"
ovos-skill-iss-location.openvoiceos,"when_iss.intent","quando l' ISS passerà sopra"
ovos-skill-iss-location.openvoiceos,"when_iss.intent","quando l' ISS passerà sopra  me"
ovos-skill-iss-location.openvoiceos,"when_iss.intent","quando l' ISS passerà sopra  noi"
ovos-skill-iss-location.openvoiceos,"when_iss.intent","quando l' ISS passerà sopra  qui"
ovos-skill-iss-location.openvoiceos,"when_iss.intent","quando l' ISS passerà sopra di"
ovos-skill-iss-location.openvoiceos,"when_iss.intent","quando l' ISS passerà sopra di me"
ovos-skill-iss-location.openvoiceos,"when_iss.intent","quando l' ISS passerà sopra di noi"
ovos-skill-iss-location.openvoiceos,"when_iss.intent","quando l' ISS passerà sopra di qui"
ovos-skill-iss-location.openvoiceos,"when_iss.intent","quando l' ISS si trova sopra"
ovos-skill-iss-location.openvoiceos,"when_iss.intent","quando l' ISS si trova sopra  me"
ovos-skill-iss-location.openvoiceos,"when_iss.intent","quando l' ISS si trova sopra  noi"
ovos-skill-iss-location.openvoiceos,"when_iss.intent","quando l' ISS si trova sopra  qui"
ovos-skill-iss-location.openvoiceos,"when_iss.intent","quando l' ISS si trova sopra di"
ovos-skill-iss-location.openvoiceos,"when_iss.intent","quando l' ISS si trova sopra di me"
ovos-skill-iss-location.openvoiceos,"when_iss.intent","quando l' ISS si trova sopra di noi"
ovos-skill-iss-location.openvoiceos,"when_iss.intent","quando l' ISS si trova sopra di qui"
ovos-skill-iss-location.openvoiceos,"when_iss.intent","quando l' ISS si troverà sopra"
ovos-skill-iss-location.openvoiceos,"when_iss.intent","quando l' ISS si troverà sopra  me"
ovos-skill-iss-location.openvoiceos,"when_iss.intent","quando l' ISS si troverà sopra  noi"
ovos-skill-iss-location.openvoiceos,"when_iss.intent","quando l' ISS si troverà sopra  qui"
ovos-skill-iss-location.openvoiceos,"when_iss.intent","quando l' ISS si troverà sopra di"
ovos-skill-iss-location.openvoiceos,"when_iss.intent","quando l' ISS si troverà sopra di me"
ovos-skill-iss-location.openvoiceos,"when_iss.intent","quando l' ISS si troverà sopra di noi"
ovos-skill-iss-location.openvoiceos,"when_iss.intent","quando l' ISS si troverà sopra di qui"
ovos-skill-iss-location.openvoiceos,"when_iss.intent","quando l' S S I passa sopra"
ovos-skill-iss-location.openvoiceos,"when_iss.intent","quando l' S S I passa sopra  me"
ovos-skill-iss-location.openvoiceos,"when_iss.intent","quando l' S S I passa sopra  noi"
ovos-skill-iss-location.openvoiceos,"when_iss.intent","quando l' S S I passa sopra  qui"
ovos-skill-iss-location.openvoiceos,"when_iss.intent","quando l' S S I passa sopra di"
ovos-skill-iss-location.openvoiceos,"when_iss.intent","quando l' S S I passa sopra di me"
ovos-skill-iss-location.openvoiceos,"when_iss.intent","quando l' S S I passa sopra di noi"
ovos-skill-iss-location.openvoiceos,"when_iss.intent","quando l' S S I passa sopra di qui"
ovos-skill-iss-location.openvoiceos,"when_iss.intent","quando l' S S I passerà sopra"
ovos-skill-iss-location.openvoiceos,"when_iss.intent","quando l' S S I passerà sopra  me"
ovos-skill-iss-location.openvoiceos,"when_iss.intent","quando l' S S I passerà sopra  noi"
ovos-skill-iss-location.openvoiceos,"when_iss.intent","quando l' S S I passerà sopra  qui"
ovos-skill-iss-location.openvoiceos,"when_iss.intent","quando l' S S I passerà sopra di"
ovos-skill-iss-location.openvoiceos,"when_iss.intent","quando l' S S I passerà sopra di me"
ovos-skill-iss-location.openvoiceos,"when_iss.intent","quando l' S S I passerà sopra di noi"
ovos-skill-iss-location.openvoiceos,"when_iss.intent","quando l' S S I passerà sopra di qui"
ovos-skill-iss-location.openvoiceos,"when_iss.intent","quando l' S S I si trova sopra"
ovos-skill-iss-location.openvoiceos,"when_iss.intent","quando l' S S I si trova sopra  me"
ovos-skill-iss-location.openvoiceos,"when_iss.intent","quando l' S S I si trova sopra  noi"
ovos-skill-iss-location.openvoiceos,"when_iss.intent","quando l' S S I si trova sopra  qui"
ovos-skill-iss-location.openvoiceos,"when_iss.intent","quando l' S S I si trova sopra di"
ovos-skill-iss-location.openvoiceos,"when_iss.intent","quando l' S S I si trova sopra di me"
ovos-skill-iss-location.openvoiceos,"when_iss.intent","quando l' S S I si trova sopra di noi"
ovos-skill-iss-location.openvoiceos,"when_iss.intent","quando l' S S I si trova sopra di qui"
ovos-skill-iss-location.openvoiceos,"when_iss.intent","quando l' S S I si troverà sopra"
ovos-skill-iss-location.openvoiceos,"when_iss.intent","quando l' S S I si troverà sopra  me"
ovos-skill-iss-location.openvoiceos,"when_iss.intent","quando l' S S I si troverà sopra  noi"
ovos-skill-iss-location.openvoiceos,"when_iss.intent","quando l' S S I si troverà sopra  qui"
ovos-skill-iss-location.openvoiceos,"when_iss.intent","quando l' S S I si troverà sopra di"
ovos-skill-iss-location.openvoiceos,"when_iss.intent","quando l' S S I si troverà sopra di me"
ovos-skill-iss-location.openvoiceos,"when_iss.intent","quando l' S S I si troverà sopra di noi"
ovos-skill-iss-location.openvoiceos,"when_iss.intent","quando l' S S I si troverà sopra di qui"
ovos-skill-iss-location.openvoiceos,"when_iss.intent","quando l' SSI passa sopra"
ovos-skill-iss-location.openvoiceos,"when_iss.intent","quando l' SSI passa sopra  me"
ovos-skill-iss-location.openvoiceos,"when_iss.intent","quando l' SSI passa sopra  noi"
ovos-skill-iss-location.openvoiceos,"when_iss.intent","quando l' SSI passa sopra  qui"
ovos-skill-iss-location.openvoiceos,"when_iss.intent","quando l' SSI passa sopra di"
ovos-skill-iss-location.openvoiceos,"when_iss.intent","quando l' SSI passa sopra di me"
ovos-skill-iss-location.openvoiceos,"when_iss.intent","quando l' SSI passa sopra di noi"
ovos-skill-iss-location.openvoiceos,"when_iss.intent","quando l' SSI passa sopra di qui"
ovos-skill-iss-location.openvoiceos,"when_iss.intent","quando l' SSI passerà sopra"
ovos-skill-iss-location.openvoiceos,"when_iss.intent","quando l' SSI passerà sopra  me"
ovos-skill-iss-location.openvoiceos,"when_iss.intent","quando l' SSI passerà sopra  noi"
ovos-skill-iss-location.openvoiceos,"when_iss.intent","quando l' SSI passerà sopra  qui"
ovos-skill-iss-location.openvoiceos,"when_iss.intent","quando l' SSI passerà sopra di"
ovos-skill-iss-location.openvoiceos,"when_iss.intent","quando l' SSI passerà sopra di me"
ovos-skill-iss-location.openvoiceos,"when_iss.intent","quando l' SSI passerà sopra di noi"
ovos-skill-iss-location.openvoiceos,"when_iss.intent","quando l' SSI passerà sopra di qui"
ovos-skill-iss-location.openvoiceos,"when_iss.intent","quando l' SSI si trova sopra"
ovos-skill-iss-location.openvoiceos,"when_iss.intent","quando l' SSI si trova sopra  me"
ovos-skill-iss-location.openvoiceos,"when_iss.intent","quando l' SSI si trova sopra  noi"
ovos-skill-iss-location.openvoiceos,"when_iss.intent","quando l' SSI si trova sopra  qui"
ovos-skill-iss-location.openvoiceos,"when_iss.intent","quando l' SSI si trova sopra di"
ovos-skill-iss-location.openvoiceos,"when_iss.intent","quando l' SSI si trova sopra di me"
ovos-skill-iss-location.openvoiceos,"when_iss.intent","quando l' SSI si trova sopra di noi"
ovos-skill-iss-location.openvoiceos,"when_iss.intent","quando l' SSI si trova sopra di qui"
ovos-skill-iss-location.openvoiceos,"when_iss.intent","quando l' SSI si troverà sopra"
ovos-skill-iss-location.openvoiceos,"when_iss.intent","quando l' SSI si troverà sopra  me"
ovos-skill-iss-location.openvoiceos,"when_iss.intent","quando l' SSI si troverà sopra  noi"
ovos-skill-iss-location.openvoiceos,"when_iss.intent","quando l' SSI si troverà sopra  qui"
ovos-skill-iss-location.openvoiceos,"when_iss.intent","quando l' SSI si troverà sopra di"
ovos-skill-iss-location.openvoiceos,"when_iss.intent","quando l' SSI si troverà sopra di me"
ovos-skill-iss-location.openvoiceos,"when_iss.intent","quando l' SSI si troverà sopra di noi"
ovos-skill-iss-location.openvoiceos,"when_iss.intent","quando l' SSI si troverà sopra di qui"
ovos-skill-iss-location.openvoiceos,"when_iss.intent","quando la I S S passa sopra"
ovos-skill-iss-location.openvoiceos,"when_iss.intent","quando la I S S passa sopra  me"
ovos-skill-iss-location.openvoiceos,"when_iss.intent","quando la I S S passa sopra  noi"
ovos-skill-iss-location.openvoiceos,"when_iss.intent","quando la I S S passa sopra  qui"
ovos-skill-iss-location.openvoiceos,"when_iss.intent","quando la I S S passa sopra di"
ovos-skill-iss-location.openvoiceos,"when_iss.intent","quando la I S S passa sopra di me"
ovos-skill-iss-location.openvoiceos,"when_iss.intent","quando la I S S passa sopra di noi"
ovos-skill-iss-location.openvoiceos,"when_iss.intent","quando la I S S passa sopra di qui"
ovos-skill-iss-location.openvoiceos,"when_iss.intent","quando la I S S passerà sopra"
ovos-skill-iss-location.openvoiceos,"when_iss.intent","quando la I S S passerà sopra  me"
ovos-skill-iss-location.openvoiceos,"when_iss.intent","quando la I S S passerà sopra  noi"
ovos-skill-iss-location.openvoiceos,"when_iss.intent","quando la I S S passerà sopra  qui"
ovos-skill-iss-location.openvoiceos,"when_iss.intent","quando la I S S passerà sopra di"
ovos-skill-iss-location.openvoiceos,"when_iss.intent","quando la I S S passerà sopra di me"
ovos-skill-iss-location.openvoiceos,"when_iss.intent","quando la I S S passerà sopra di noi"
ovos-skill-iss-location.openvoiceos,"when_iss.intent","quando la I S S passerà sopra di qui"
ovos-skill-iss-location.openvoiceos,"when_iss.intent","quando la I S S si trova sopra"
ovos-skill-iss-location.openvoiceos,"when_iss.intent","quando la I S S si trova sopra  me"
ovos-skill-iss-location.openvoiceos,"when_iss.intent","quando la I S S si trova sopra  noi"
ovos-skill-iss-location.openvoiceos,"when_iss.intent","quando la I S S si trova sopra  qui"
ovos-skill-iss-location.openvoiceos,"when_iss.intent","quando la I S S si trova sopra di"
ovos-skill-iss-location.openvoiceos,"when_iss.intent","quando la I S S si trova sopra di me"
ovos-skill-iss-location.openvoiceos,"when_iss.intent","quando la I S S si trova sopra di noi"
ovos-skill-iss-location.openvoiceos,"when_iss.intent","quando la I S S si trova sopra di qui"
ovos-skill-iss-location.openvoiceos,"when_iss.intent","quando la I S S si troverà sopra"
ovos-skill-iss-location.openvoiceos,"when_iss.intent","quando la I S S si troverà sopra  me"
ovos-skill-iss-location.openvoiceos,"when_iss.intent","quando la I S S si troverà sopra  noi"
ovos-skill-iss-location.openvoiceos,"when_iss.intent","quando la I S S si troverà sopra  qui"
ovos-skill-iss-location.openvoiceos,"when_iss.intent","quando la I S S si troverà sopra di"
ovos-skill-iss-location.openvoiceos,"when_iss.intent","quando la I S S si troverà sopra di me"
ovos-skill-iss-location.openvoiceos,"when_iss.intent","quando la I S S si troverà sopra di noi"
ovos-skill-iss-location.openvoiceos,"when_iss.intent","quando la I S S si troverà sopra di qui"
ovos-skill-iss-location.openvoiceos,"when_iss.intent","quando la ISS passa sopra"
ovos-skill-iss-location.openvoiceos,"when_iss.intent","quando la ISS passa sopra  me"
ovos-skill-iss-location.openvoiceos,"when_iss.intent","quando la ISS passa sopra  noi"
ovos-skill-iss-location.openvoiceos,"when_iss.intent","quando la ISS passa sopra  qui"
ovos-skill-iss-location.openvoiceos,"when_iss.intent","quando la ISS passa sopra di"
ovos-skill-iss-location.openvoiceos,"when_iss.intent","quando la ISS passa sopra di me"
ovos-skill-iss-location.openvoiceos,"when_iss.intent","quando la ISS passa sopra di noi"
ovos-skill-iss-location.openvoiceos,"when_iss.intent","quando la ISS passa sopra di qui"
ovos-skill-iss-location.openvoiceos,"when_iss.intent","quando la ISS passerà sopra"
ovos-skill-iss-location.openvoiceos,"when_iss.intent","quando la ISS passerà sopra  me"
ovos-skill-iss-location.openvoiceos,"when_iss.intent","quando la ISS passerà sopra  noi"
ovos-skill-iss-location.openvoiceos,"when_iss.intent","quando la ISS passerà sopra  qui"
ovos-skill-iss-location.openvoiceos,"when_iss.intent","quando la ISS passerà sopra di"
ovos-skill-iss-location.openvoiceos,"when_iss.intent","quando la ISS passerà sopra di me"
ovos-skill-iss-location.openvoiceos,"when_iss.intent","quando la ISS passerà sopra di noi"
ovos-skill-iss-location.openvoiceos,"when_iss.intent","quando la ISS passerà sopra di qui"
ovos-skill-iss-location.openvoiceos,"when_iss.intent","quando la ISS si trova sopra"
ovos-skill-iss-location.openvoiceos,"when_iss.intent","quando la ISS si trova sopra  me"
ovos-skill-iss-location.openvoiceos,"when_iss.intent","quando la ISS si trova sopra  noi"
ovos-skill-iss-location.openvoiceos,"when_iss.intent","quando la ISS si trova sopra  qui"
ovos-skill-iss-location.openvoiceos,"when_iss.intent","quando la ISS si trova sopra di"
ovos-skill-iss-location.openvoiceos,"when_iss.intent","quando la ISS si trova sopra di me"
ovos-skill-iss-location.openvoiceos,"when_iss.intent","quando la ISS si trova sopra di noi"
ovos-skill-iss-location.openvoiceos,"when_iss.intent","quando la ISS si trova sopra di qui"
ovos-skill-iss-location.openvoiceos,"when_iss.intent","quando la ISS si troverà sopra"
ovos-skill-iss-location.openvoiceos,"when_iss.intent","quando la ISS si troverà sopra  me"
ovos-skill-iss-location.openvoiceos,"when_iss.intent","quando la ISS si troverà sopra  noi"
ovos-skill-iss-location.openvoiceos,"when_iss.intent","quando la ISS si troverà sopra  qui"
ovos-skill-iss-location.openvoiceos,"when_iss.intent","quando la ISS si troverà sopra di"
ovos-skill-iss-location.openvoiceos,"when_iss.intent","quando la ISS si troverà sopra di me"
ovos-skill-iss-location.openvoiceos,"when_iss.intent","quando la ISS si troverà sopra di noi"
ovos-skill-iss-location.openvoiceos,"when_iss.intent","quando la ISS si troverà sopra di qui"
ovos-skill-iss-location.openvoiceos,"when_iss.intent","quando la S S I passa sopra"
ovos-skill-iss-location.openvoiceos,"when_iss.intent","quando la S S I passa sopra  me"
ovos-skill-iss-location.openvoiceos,"when_iss.intent","quando la S S I passa sopra  noi"
ovos-skill-iss-location.openvoiceos,"when_iss.intent","quando la S S I passa sopra  qui"
ovos-skill-iss-location.openvoiceos,"when_iss.intent","quando la S S I passa sopra di"
ovos-skill-iss-location.openvoiceos,"when_iss.intent","quando la S S I passa sopra di me"
ovos-skill-iss-location.openvoiceos,"when_iss.intent","quando la S S I passa sopra di noi"
ovos-skill-iss-location.openvoiceos,"when_iss.intent","quando la S S I passa sopra di qui"
ovos-skill-iss-location.openvoiceos,"when_iss.intent","quando la S S I passerà sopra"
ovos-skill-iss-location.openvoiceos,"when_iss.intent","quando la S S I passerà sopra  me"
ovos-skill-iss-location.openvoiceos,"when_iss.intent","quando la S S I passerà sopra  noi"
ovos-skill-iss-location.openvoiceos,"when_iss.intent","quando la S S I passerà sopra  qui"
ovos-skill-iss-location.openvoiceos,"when_iss.intent","quando la S S I passerà sopra di"
ovos-skill-iss-location.openvoiceos,"when_iss.intent","quando la S S I passerà sopra di me"
ovos-skill-iss-location.openvoiceos,"when_iss.intent","quando la S S I passerà sopra di noi"
ovos-skill-iss-location.openvoiceos,"when_iss.intent","quando la S S I passerà sopra di qui"
ovos-skill-iss-location.openvoiceos,"when_iss.intent","quando la S S I si trova sopra"
ovos-skill-iss-location.openvoiceos,"when_iss.intent","quando la S S I si trova sopra  me"
ovos-skill-iss-location.openvoiceos,"when_iss.intent","quando la S S I si trova sopra  noi"
ovos-skill-iss-location.openvoiceos,"when_iss.intent","quando la S S I si trova sopra  qui"
ovos-skill-iss-location.openvoiceos,"when_iss.intent","quando la S S I si trova sopra di"
ovos-skill-iss-location.openvoiceos,"when_iss.intent","quando la S S I si trova sopra di me"
ovos-skill-iss-location.openvoiceos,"when_iss.intent","quando la S S I si trova sopra di noi"
ovos-skill-iss-location.openvoiceos,"when_iss.intent","quando la S S I si trova sopra di qui"
ovos-skill-iss-location.openvoiceos,"when_iss.intent","quando la S S I si troverà sopra"
ovos-skill-iss-location.openvoiceos,"when_iss.intent","quando la S S I si troverà sopra  me"
ovos-skill-iss-location.openvoiceos,"when_iss.intent","quando la S S I si troverà sopra  noi"
ovos-skill-iss-location.openvoiceos,"when_iss.intent","quando la S S I si troverà sopra  qui"
ovos-skill-iss-location.openvoiceos,"when_iss.intent","quando la S S I si troverà sopra di"
ovos-skill-iss-location.openvoiceos,"when_iss.intent","quando la S S I si troverà sopra di me"
ovos-skill-iss-location.openvoiceos,"when_iss.intent","quando la S S I si troverà sopra di noi"
ovos-skill-iss-location.openvoiceos,"when_iss.intent","quando la S S I si troverà sopra di qui"
ovos-skill-iss-location.openvoiceos,"when_iss.intent","quando la SSI passa sopra"
ovos-skill-iss-location.openvoiceos,"when_iss.intent","quando la SSI passa sopra  me"
ovos-skill-iss-location.openvoiceos,"when_iss.intent","quando la SSI passa sopra  noi"
ovos-skill-iss-location.openvoiceos,"when_iss.intent","quando la SSI passa sopra  qui"
ovos-skill-iss-location.openvoiceos,"when_iss.intent","quando la SSI passa sopra di"
ovos-skill-iss-location.openvoiceos,"when_iss.intent","quando la SSI passa sopra di me"
ovos-skill-iss-location.openvoiceos,"when_iss.intent","quando la SSI passa sopra di noi"
ovos-skill-iss-location.openvoiceos,"when_iss.intent","quando la SSI passa sopra di qui"
ovos-skill-iss-location.openvoiceos,"when_iss.intent","quando la SSI passerà sopra"
ovos-skill-iss-location.openvoiceos,"when_iss.intent","quando la SSI passerà sopra  me"
ovos-skill-iss-location.openvoiceos,"when_iss.intent","quando la SSI passerà sopra  noi"
ovos-skill-iss-location.openvoiceos,"when_iss.intent","quando la SSI passerà sopra  qui"
ovos-skill-iss-location.openvoiceos,"when_iss.intent","quando la SSI passerà sopra di"
ovos-skill-iss-location.openvoiceos,"when_iss.intent","quando la SSI passerà sopra di me"
ovos-skill-iss-location.openvoiceos,"when_iss.intent","quando la SSI passerà sopra di noi"
ovos-skill-iss-location.openvoiceos,"when_iss.intent","quando la SSI passerà sopra di qui"
ovos-skill-iss-location.openvoiceos,"when_iss.intent","quando la SSI si trova sopra"
ovos-skill-iss-location.openvoiceos,"when_iss.intent","quando la SSI si trova sopra  me"
ovos-skill-iss-location.openvoiceos,"when_iss.intent","quando la SSI si trova sopra  noi"
ovos-skill-iss-location.openvoiceos,"when_iss.intent","quando la SSI si trova sopra  qui"
ovos-skill-iss-location.openvoiceos,"when_iss.intent","quando la SSI si trova sopra di"
ovos-skill-iss-location.openvoiceos,"when_iss.intent","quando la SSI si trova sopra di me"
ovos-skill-iss-location.openvoiceos,"when_iss.intent","quando la SSI si trova sopra di noi"
ovos-skill-iss-location.openvoiceos,"when_iss.intent","quando la SSI si trova sopra di qui"
ovos-skill-iss-location.openvoiceos,"when_iss.intent","quando la SSI si troverà sopra"
ovos-skill-iss-location.openvoiceos,"when_iss.intent","quando la SSI si troverà sopra  me"
ovos-skill-iss-location.openvoiceos,"when_iss.intent","quando la SSI si troverà sopra  noi"
ovos-skill-iss-location.openvoiceos,"when_iss.intent","quando la SSI si troverà sopra  qui"
ovos-skill-iss-location.openvoiceos,"when_iss.intent","quando la SSI si troverà sopra di"
ovos-skill-iss-location.openvoiceos,"when_iss.intent","quando la SSI si troverà sopra di me"
ovos-skill-iss-location.openvoiceos,"when_iss.intent","quando la SSI si troverà sopra di noi"
ovos-skill-iss-location.openvoiceos,"when_iss.intent","quando la SSI si troverà sopra di qui"
ovos-skill-iss-location.openvoiceos,"when_iss.intent","quando la stazione spaziale  passa sopra"
ovos-skill-iss-location.openvoiceos,"when_iss.intent","quando la stazione spaziale  passa sopra  me"
ovos-skill-iss-location.openvoiceos,"when_iss.intent","quando la stazione spaziale  passa sopra  noi"
ovos-skill-iss-location.openvoiceos,"when_iss.intent","quando la stazione spaziale  passa sopra  qui"
ovos-skill-iss-location.openvoiceos,"when_iss.intent","quando la stazione spaziale  passa sopra di"
ovos-skill-iss-location.openvoiceos,"when_iss.intent","quando la stazione spaziale  passa sopra di me"
ovos-skill-iss-location.openvoiceos,"when_iss.intent","quando la stazione spaziale  passa sopra di noi"
ovos-skill-iss-location.openvoiceos,"when_iss.intent","quando la stazione spaziale  passa sopra di qui"
ovos-skill-iss-location.openvoiceos,"when_iss.intent","quando la stazione spaziale  passerà sopra"
ovos-skill-iss-location.openvoiceos,"when_iss.intent","quando la stazione spaziale  passerà sopra  me"
ovos-skill-iss-location.openvoiceos,"when_iss.intent","quando la stazione spaziale  passerà sopra  noi"
ovos-skill-iss-location.openvoiceos,"when_iss.intent","quando la stazione spaziale  passerà sopra  qui"
ovos-skill-iss-location.openvoiceos,"when_iss.intent","quando la stazione spaziale  passerà sopra di"
ovos-skill-iss-location.openvoiceos,"when_iss.intent","quando la stazione spaziale  passerà sopra di me"
ovos-skill-iss-location.openvoiceos,"when_iss.intent","quando la stazione spaziale  passerà sopra di noi"
ovos-skill-iss-location.openvoiceos,"when_iss.intent","quando la stazione spaziale  passerà sopra di qui"
ovos-skill-iss-location.openvoiceos,"when_iss.intent","quando la stazione spaziale  si trova sopra"
ovos-skill-iss-location.openvoiceos,"when_iss.intent","quando la stazione spaziale  si trova sopra  me"
ovos-skill-iss-location.openvoiceos,"when_iss.intent","quando la stazione spaziale  si trova sopra  noi"
ovos-skill-iss-location.openvoiceos,"when_iss.intent","quando la stazione spaziale  si trova sopra  qui"
ovos-skill-iss-location.openvoiceos,"when_iss.intent","quando la stazione spaziale  si trova sopra di"
ovos-skill-iss-location.openvoiceos,"when_iss.intent","quando la stazione spaziale  si trova sopra di me"
ovos-skill-iss-location.openvoiceos,"when_iss.intent","quando la stazione spaziale  si trova sopra di noi"
ovos-skill-iss-location.openvoiceos,"when_iss.intent","quando la stazione spaziale  si trova sopra di qui"
ovos-skill-iss-location.openvoiceos,"when_iss.intent","quando la stazione spaziale  si troverà sopra"
ovos-skill-iss-location.openvoiceos,"when_iss.intent","quando la stazione spaziale  si troverà sopra  me"
ovos-skill-iss-location.openvoiceos,"when_iss.intent","quando la stazione spaziale  si troverà sopra  noi"
ovos-skill-iss-location.openvoiceos,"when_iss.intent","quando la stazione spaziale  si troverà sopra  qui"
ovos-skill-iss-location.openvoiceos,"when_iss.intent","quando la stazione spaziale  si troverà sopra di"
ovos-skill-iss-location.openvoiceos,"when_iss.intent","quando la stazione spaziale  si troverà sopra di me"
ovos-skill-iss-location.openvoiceos,"when_iss.intent","quando la stazione spaziale  si troverà sopra di noi"
ovos-skill-iss-location.openvoiceos,"when_iss.intent","quando la stazione spaziale  si troverà sopra di qui"
ovos-skill-iss-location.openvoiceos,"when_iss.intent","quando la stazione spaziale internazionale passa sopra"
ovos-skill-iss-location.openvoiceos,"when_iss.intent","quando la stazione spaziale internazionale passa sopra  me"
ovos-skill-iss-location.openvoiceos,"when_iss.intent","quando la stazione spaziale internazionale passa sopra  noi"
ovos-skill-iss-location.openvoiceos,"when_iss.intent","quando la stazione spaziale internazionale passa sopra  qui"
ovos-skill-iss-location.openvoiceos,"when_iss.intent","quando la stazione spaziale internazionale passa sopra di"
ovos-skill-iss-location.openvoiceos,"when_iss.intent","quando la stazione spaziale internazionale passa sopra di me"
ovos-skill-iss-location.openvoiceos,"when_iss.intent","quando la stazione spaziale internazionale passa sopra di noi"
ovos-skill-iss-location.openvoiceos,"when_iss.intent","quando la stazione spaziale internazionale passa sopra di qui"
ovos-skill-iss-location.openvoiceos,"when_iss.intent","quando la stazione spaziale internazionale passerà sopra"
ovos-skill-iss-location.openvoiceos,"when_iss.intent","quando la stazione spaziale internazionale passerà sopra  me"
ovos-skill-iss-location.openvoiceos,"when_iss.intent","quando la stazione spaziale internazionale passerà sopra  noi"
ovos-skill-iss-location.openvoiceos,"when_iss.intent","quando la stazione spaziale internazionale passerà sopra  qui"
ovos-skill-iss-location.openvoiceos,"when_iss.intent","quando la stazione spaziale internazionale passerà sopra di"
ovos-skill-iss-location.openvoiceos,"when_iss.intent","quando la stazione spaziale internazionale passerà sopra di me"
ovos-skill-iss-location.openvoiceos,"when_iss.intent","quando la stazione spaziale internazionale passerà sopra di noi"
ovos-skill-iss-location.openvoiceos,"when_iss.intent","quando la stazione spaziale internazionale passerà sopra di qui"
ovos-skill-iss-location.openvoiceos,"when_iss.intent","quando la stazione spaziale internazionale si trova sopra"
ovos-skill-iss-location.openvoiceos,"when_iss.intent","quando la stazione spaziale internazionale si trova sopra  me"
ovos-skill-iss-location.openvoiceos,"when_iss.intent","quando la stazione spaziale internazionale si trova sopra  noi"
ovos-skill-iss-location.openvoiceos,"when_iss.intent","quando la stazione spaziale internazionale si trova sopra  qui"
ovos-skill-iss-location.openvoiceos,"when_iss.intent","quando la stazione spaziale internazionale si trova sopra di"
ovos-skill-iss-location.openvoiceos,"when_iss.intent","quando la stazione spaziale internazionale si trova sopra di me"
ovos-skill-iss-location.openvoiceos,"when_iss.intent","quando la stazione spaziale internazionale si trova sopra di noi"
ovos-skill-iss-location.openvoiceos,"when_iss.intent","quando la stazione spaziale internazionale si trova sopra di qui"
ovos-skill-iss-location.openvoiceos,"when_iss.intent","quando la stazione spaziale internazionale si troverà sopra"
ovos-skill-iss-location.openvoiceos,"when_iss.intent","quando la stazione spaziale internazionale si troverà sopra  me"
ovos-skill-iss-location.openvoiceos,"when_iss.intent","quando la stazione spaziale internazionale si troverà sopra  noi"
ovos-skill-iss-location.openvoiceos,"when_iss.intent","quando la stazione spaziale internazionale si troverà sopra  qui"
ovos-skill-iss-location.openvoiceos,"when_iss.intent","quando la stazione spaziale internazionale si troverà sopra di"
ovos-skill-iss-location.openvoiceos,"when_iss.intent","quando la stazione spaziale internazionale si troverà sopra di me"
ovos-skill-iss-location.openvoiceos,"when_iss.intent","quando la stazione spaziale internazionale si troverà sopra di noi"
ovos-skill-iss-location.openvoiceos,"when_iss.intent","quando la stazione spaziale internazionale si troverà sopra di qui"
ovos-skill-iss-location.openvoiceos,"about.intent","cos'è  dell' I S S"
ovos-skill-iss-location.openvoiceos,"about.intent","cos'è  dell' ISS"
ovos-skill-iss-location.openvoiceos,"about.intent","cos'è  dell' S S I"
ovos-skill-iss-location.openvoiceos,"about.intent","cos'è  dell' SSI"
ovos-skill-iss-location.openvoiceos,"about.intent","cos'è  dell' stazione spaziale"
ovos-skill-iss-location.openvoiceos,"about.intent","cos'è  dell' stazione spaziale internazionale"
ovos-skill-iss-location.openvoiceos,"about.intent","cos'è  della I S S"
ovos-skill-iss-location.openvoiceos,"about.intent","cos'è  della ISS"
ovos-skill-iss-location.openvoiceos,"about.intent","cos'è  della S S I"
ovos-skill-iss-location.openvoiceos,"about.intent","cos'è  della SSI"
ovos-skill-iss-location.openvoiceos,"about.intent","cos'è  della stazione spaziale"
ovos-skill-iss-location.openvoiceos,"about.intent","cos'è  della stazione spaziale internazionale"
ovos-skill-iss-location.openvoiceos,"about.intent","cos'è  di I S S"
ovos-skill-iss-location.openvoiceos,"about.intent","cos'è  di ISS"
ovos-skill-iss-location.openvoiceos,"about.intent","cos'è  di S S I"
ovos-skill-iss-location.openvoiceos,"about.intent","cos'è  di SSI"
ovos-skill-iss-location.openvoiceos,"about.intent","cos'è  di stazione spaziale"
ovos-skill-iss-location.openvoiceos,"about.intent","cos'è  di stazione spaziale internazionale"
ovos-skill-iss-location.openvoiceos,"about.intent","cos'è  l' I S S"
ovos-skill-iss-location.openvoiceos,"about.intent","cos'è  l' ISS"
ovos-skill-iss-location.openvoiceos,"about.intent","cos'è  l' S S I"
ovos-skill-iss-location.openvoiceos,"about.intent","cos'è  l' SSI"
ovos-skill-iss-location.openvoiceos,"about.intent","cos'è  l' stazione spaziale"
ovos-skill-iss-location.openvoiceos,"about.intent","cos'è  l' stazione spaziale internazionale"
ovos-skill-iss-location.openvoiceos,"about.intent","cos'è  la I S S"
ovos-skill-iss-location.openvoiceos,"about.intent","cos'è  la ISS"
ovos-skill-iss-location.openvoiceos,"about.intent","cos'è  la S S I"
ovos-skill-iss-location.openvoiceos,"about.intent","cos'è  la SSI"
ovos-skill-iss-location.openvoiceos,"about.intent","cos'è  la stazione spaziale"
ovos-skill-iss-location.openvoiceos,"about.intent","cos'è  la stazione spaziale internazionale"
ovos-skill-iss-location.openvoiceos,"about.intent","cos'è  su I S S"
ovos-skill-iss-location.openvoiceos,"about.intent","cos'è  su ISS"
ovos-skill-iss-location.openvoiceos,"about.intent","cos'è  su S S I"
ovos-skill-iss-location.openvoiceos,"about.intent","cos'è  su SSI"
ovos-skill-iss-location.openvoiceos,"about.intent","cos'è  su stazione spaziale"
ovos-skill-iss-location.openvoiceos,"about.intent","cos'è  su stazione spaziale internazionale"
ovos-skill-iss-location.openvoiceos,"about.intent","cos'è  sull' I S S"
ovos-skill-iss-location.openvoiceos,"about.intent","cos'è  sull' ISS"
ovos-skill-iss-location.openvoiceos,"about.intent","cos'è  sull' S S I"
ovos-skill-iss-location.openvoiceos,"about.intent","cos'è  sull' SSI"
ovos-skill-iss-location.openvoiceos,"about.intent","cos'è  sull' stazione spaziale"
ovos-skill-iss-location.openvoiceos,"about.intent","cos'è  sull' stazione spaziale internazionale"
ovos-skill-iss-location.openvoiceos,"about.intent","cos'è  sulla I S S"
ovos-skill-iss-location.openvoiceos,"about.intent","cos'è  sulla ISS"
ovos-skill-iss-location.openvoiceos,"about.intent","cos'è  sulla S S I"
ovos-skill-iss-location.openvoiceos,"about.intent","cos'è  sulla SSI"
ovos-skill-iss-location.openvoiceos,"about.intent","cos'è  sulla stazione spaziale"
ovos-skill-iss-location.openvoiceos,"about.intent","cos'è  sulla stazione spaziale internazionale"
ovos-skill-iss-location.openvoiceos,"about.intent","cos'è info dell' I S S"
ovos-skill-iss-location.openvoiceos,"about.intent","cos'è info dell' ISS"
ovos-skill-iss-location.openvoiceos,"about.intent","cos'è info dell' S S I"
ovos-skill-iss-location.openvoiceos,"about.intent","cos'è info dell' SSI"
ovos-skill-iss-location.openvoiceos,"about.intent","cos'è info dell' stazione spaziale"
ovos-skill-iss-location.openvoiceos,"about.intent","cos'è info dell' stazione spaziale internazionale"
ovos-skill-iss-location.openvoiceos,"about.intent","cos'è info della I S S"
ovos-skill-iss-location.openvoiceos,"about.intent","cos'è info della ISS"
ovos-skill-iss-location.openvoiceos,"about.intent","cos'è info della S S I"
ovos-skill-iss-location.openvoiceos,"about.intent","cos'è info della SSI"
ovos-skill-iss-location.openvoiceos,"about.intent","cos'è info della stazione spaziale"
ovos-skill-iss-location.openvoiceos,"about.intent","cos'è info della stazione spaziale internazionale"
ovos-skill-iss-location.openvoiceos,"about.intent","cos'è info di I S S"
ovos-skill-iss-location.openvoiceos,"about.intent","cos'è info di ISS"
ovos-skill-iss-location.openvoiceos,"about.intent","cos'è info di S S I"
ovos-skill-iss-location.openvoiceos,"about.intent","cos'è info di SSI"
ovos-skill-iss-location.openvoiceos,"about.intent","cos'è info di stazione spaziale"
ovos-skill-iss-location.openvoiceos,"about.intent","cos'è info di stazione spaziale internazionale"
ovos-skill-iss-location.openvoiceos,"about.intent","cos'è info l' I S S"
ovos-skill-iss-location.openvoiceos,"about.intent","cos'è info l' ISS"
ovos-skill-iss-location.openvoiceos,"about.intent","cos'è info l' S S I"
ovos-skill-iss-location.openvoiceos,"about.intent","cos'è info l' SSI"
ovos-skill-iss-location.openvoiceos,"about.intent","cos'è info l' stazione spaziale"
ovos-skill-iss-location.openvoiceos,"about.intent","cos'è info l' stazione spaziale internazionale"
ovos-skill-iss-location.openvoiceos,"about.intent","cos'è info la I S S"
ovos-skill-iss-location.openvoiceos,"about.intent","cos'è info la ISS"
ovos-skill-iss-location.openvoiceos,"about.intent","cos'è info la S S I"
ovos-skill-iss-location.openvoiceos,"about.intent","cos'è info la SSI"
ovos-skill-iss-location.openvoiceos,"about.intent","cos'è info la stazione spaziale"
ovos-skill-iss-location.openvoiceos,"about.intent","cos'è info la stazione spaziale internazionale"
ovos-skill-iss-location.openvoiceos,"about.intent","cos'è info su I S S"
ovos-skill-iss-location.openvoiceos,"about.intent","cos'è info su ISS"
ovos-skill-iss-location.openvoiceos,"about.intent","cos'è info su S S I"
ovos-skill-iss-location.openvoiceos,"about.intent","cos'è info su SSI"
ovos-skill-iss-location.openvoiceos,"about.intent","cos'è info su stazione spaziale"
ovos-skill-iss-location.openvoiceos,"about.intent","cos'è info su stazione spaziale internazionale"
ovos-skill-iss-location.openvoiceos,"about.intent","cos'è info sull' I S S"
ovos-skill-iss-location.openvoiceos,"about.intent","cos'è info sull' ISS"
ovos-skill-iss-location.openvoiceos,"about.intent","cos'è info sull' S S I"
ovos-skill-iss-location.openvoiceos,"about.intent","cos'è info sull' SSI"
ovos-skill-iss-location.openvoiceos,"about.intent","cos'è info sull' stazione spaziale"
ovos-skill-iss-location.openvoiceos,"about.intent","cos'è info sull' stazione spaziale internazionale"
ovos-skill-iss-location.openvoiceos,"about.intent","cos'è info sulla I S S"
ovos-skill-iss-location.openvoiceos,"about.intent","cos'è info sulla ISS"
ovos-skill-iss-location.openvoiceos,"about.intent","cos'è info sulla S S I"
ovos-skill-iss-location.openvoiceos,"about.intent","cos'è info sulla SSI"
ovos-skill-iss-location.openvoiceos,"about.intent","cos'è info sulla stazione spaziale"
ovos-skill-iss-location.openvoiceos,"about.intent","cos'è info sulla stazione spaziale internazionale"
ovos-skill-iss-location.openvoiceos,"about.intent","cos'è informazioni dell' I S S"
ovos-skill-iss-location.openvoiceos,"about.intent","cos'è informazioni dell' ISS"
ovos-skill-iss-location.openvoiceos,"about.intent","cos'è informazioni dell' S S I"
ovos-skill-iss-location.openvoiceos,"about.intent","cos'è informazioni dell' SSI"
ovos-skill-iss-location.openvoiceos,"about.intent","cos'è informazioni dell' stazione spaziale"
ovos-skill-iss-location.openvoiceos,"about.intent","cos'è informazioni dell' stazione spaziale internazionale"
ovos-skill-iss-location.openvoiceos,"about.intent","cos'è informazioni della I S S"
ovos-skill-iss-location.openvoiceos,"about.intent","cos'è informazioni della ISS"
ovos-skill-iss-location.openvoiceos,"about.intent","cos'è informazioni della S S I"
ovos-skill-iss-location.openvoiceos,"about.intent","cos'è informazioni della SSI"
ovos-skill-iss-location.openvoiceos,"about.intent","cos'è informazioni della stazione spaziale"
ovos-skill-iss-location.openvoiceos,"about.intent","cos'è informazioni della stazione spaziale internazionale"
ovos-skill-iss-location.openvoiceos,"about.intent","cos'è informazioni di I S S"
ovos-skill-iss-location.openvoiceos,"about.intent","cos'è informazioni di ISS"
ovos-skill-iss-location.openvoiceos,"about.intent","cos'è informazioni di S S I"
ovos-skill-iss-location.openvoiceos,"about.intent","cos'è informazioni di SSI"
ovos-skill-iss-location.openvoiceos,"about.intent","cos'è informazioni di stazione spaziale"
ovos-skill-iss-location.openvoiceos,"about.intent","cos'è informazioni di stazione spaziale internazionale"
ovos-skill-iss-location.openvoiceos,"about.intent","cos'è informazioni l' I S S"
ovos-skill-iss-location.openvoiceos,"about.intent","cos'è informazioni l' ISS"
ovos-skill-iss-location.openvoiceos,"about.intent","cos'è informazioni l' S S I"
ovos-skill-iss-location.openvoiceos,"about.intent","cos'è informazioni l' SSI"
ovos-skill-iss-location.openvoiceos,"about.intent","cos'è informazioni l' stazione spaziale"
ovos-skill-iss-location.openvoiceos,"about.intent","cos'è informazioni l' stazione spaziale internazionale"
ovos-skill-iss-location.openvoiceos,"about.intent","cos'è informazioni la I S S"
ovos-skill-iss-location.openvoiceos,"about.intent","cos'è informazioni la ISS"
ovos-skill-iss-location.openvoiceos,"about.intent","cos'è informazioni la S S I"
ovos-skill-iss-location.openvoiceos,"about.intent","cos'è informazioni la SSI"
ovos-skill-iss-location.openvoiceos,"about.intent","cos'è informazioni la stazione spaziale"
ovos-skill-iss-location.openvoiceos,"about.intent","cos'è informazioni la stazione spaziale internazionale"
ovos-skill-iss-location.openvoiceos,"about.intent","cos'è informazioni su I S S"
ovos-skill-iss-location.openvoiceos,"about.intent","cos'è informazioni su ISS"
ovos-skill-iss-location.openvoiceos,"about.intent","cos'è informazioni su S S I"
ovos-skill-iss-location.openvoiceos,"about.intent","cos'è informazioni su SSI"
ovos-skill-iss-location.openvoiceos,"about.intent","cos'è informazioni su stazione spaziale"
ovos-skill-iss-location.openvoiceos,"about.intent","cos'è informazioni su stazione spaziale internazionale"
ovos-skill-iss-location.openvoiceos,"about.intent","cos'è informazioni sull' I S S"
ovos-skill-iss-location.openvoiceos,"about.intent","cos'è informazioni sull' ISS"
ovos-skill-iss-location.openvoiceos,"about.intent","cos'è informazioni sull' S S I"
ovos-skill-iss-location.openvoiceos,"about.intent","cos'è informazioni sull' SSI"
ovos-skill-iss-location.openvoiceos,"about.intent","cos'è informazioni sull' stazione spaziale"
ovos-skill-iss-location.openvoiceos,"about.intent","cos'è informazioni sull' stazione spaziale internazionale"
ovos-skill-iss-location.openvoiceos,"about.intent","cos'è informazioni sulla I S S"
ovos-skill-iss-location.openvoiceos,"about.intent","cos'è informazioni sulla ISS"
ovos-skill-iss-location.openvoiceos,"about.intent","cos'è informazioni sulla S S I"
ovos-skill-iss-location.openvoiceos,"about.intent","cos'è informazioni sulla SSI"
ovos-skill-iss-location.openvoiceos,"about.intent","cos'è informazioni sulla stazione spaziale"
ovos-skill-iss-location.openvoiceos,"about.intent","cos'è informazioni sulla stazione spaziale internazionale"
ovos-skill-iss-location.openvoiceos,"about.intent","cosa è  dell' I S S"
ovos-skill-iss-location.openvoiceos,"about.intent","cosa è  dell' ISS"
ovos-skill-iss-location.openvoiceos,"about.intent","cosa è  dell' S S I"
ovos-skill-iss-location.openvoiceos,"about.intent","cosa è  dell' SSI"
ovos-skill-iss-location.openvoiceos,"about.intent","cosa è  dell' stazione spaziale"
ovos-skill-iss-location.openvoiceos,"about.intent","cosa è  dell' stazione spaziale internazionale"
ovos-skill-iss-location.openvoiceos,"about.intent","cosa è  della I S S"
ovos-skill-iss-location.openvoiceos,"about.intent","cosa è  della ISS"
ovos-skill-iss-location.openvoiceos,"about.intent","cosa è  della S S I"
ovos-skill-iss-location.openvoiceos,"about.intent","cosa è  della SSI"
ovos-skill-iss-location.openvoiceos,"about.intent","cosa è  della stazione spaziale"
ovos-skill-iss-location.openvoiceos,"about.intent","cosa è  della stazione spaziale internazionale"
ovos-skill-iss-location.openvoiceos,"about.intent","cosa è  di I S S"
ovos-skill-iss-location.openvoiceos,"about.intent","cosa è  di ISS"
ovos-skill-iss-location.openvoiceos,"about.intent","cosa è  di S S I"
ovos-skill-iss-location.openvoiceos,"about.intent","cosa è  di SSI"
ovos-skill-iss-location.openvoiceos,"about.intent","cosa è  di stazione spaziale"
ovos-skill-iss-location.openvoiceos,"about.intent","cosa è  di stazione spaziale internazionale"
ovos-skill-iss-location.openvoiceos,"about.intent","cosa è  l' I S S"
ovos-skill-iss-location.openvoiceos,"about.intent","cosa è  l' ISS"
ovos-skill-iss-location.openvoiceos,"about.intent","cosa è  l' S S I"
ovos-skill-iss-location.openvoiceos,"about.intent","cosa è  l' SSI"
ovos-skill-iss-location.openvoiceos,"about.intent","cosa è  l' stazione spaziale"
ovos-skill-iss-location.openvoiceos,"about.intent","cosa è  l' stazione spaziale internazionale"
ovos-skill-iss-location.openvoiceos,"about.intent","cosa è  la I S S"
ovos-skill-iss-location.openvoiceos,"about.intent","cosa è  la ISS"
ovos-skill-iss-location.openvoiceos,"about.intent","cosa è  la S S I"
ovos-skill-iss-location.openvoiceos,"about.intent","cosa è  la SSI"
ovos-skill-iss-location.openvoiceos,"about.intent","cosa è  la stazione spaziale"
ovos-skill-iss-location.openvoiceos,"about.intent","cosa è  la stazione spaziale internazionale"
ovos-skill-iss-location.openvoiceos,"about.intent","cosa è  su I S S"
ovos-skill-iss-location.openvoiceos,"about.intent","cosa è  su ISS"
ovos-skill-iss-location.openvoiceos,"about.intent","cosa è  su S S I"
ovos-skill-iss-location.openvoiceos,"about.intent","cosa è  su SSI"
ovos-skill-iss-location.openvoiceos,"about.intent","cosa è  su stazione spaziale"
ovos-skill-iss-location.openvoiceos,"about.intent","cosa è  su stazione spaziale internazionale"
ovos-skill-iss-location.openvoiceos,"about.intent","cosa è  sull' I S S"
ovos-skill-iss-location.openvoiceos,"about.intent","cosa è  sull' ISS"
ovos-skill-iss-location.openvoiceos,"about.intent","cosa è  sull' S S I"
ovos-skill-iss-location.openvoiceos,"about.intent","cosa è  sull' SSI"
ovos-skill-iss-location.openvoiceos,"about.intent","cosa è  sull' stazione spaziale"
ovos-skill-iss-location.openvoiceos,"about.intent","cosa è  sull' stazione spaziale internazionale"
ovos-skill-iss-location.openvoiceos,"about.intent","cosa è  sulla I S S"
ovos-skill-iss-location.openvoiceos,"about.intent","cosa è  sulla ISS"
ovos-skill-iss-location.openvoiceos,"about.intent","cosa è  sulla S S I"
ovos-skill-iss-location.openvoiceos,"about.intent","cosa è  sulla SSI"
ovos-skill-iss-location.openvoiceos,"about.intent","cosa è  sulla stazione spaziale"
ovos-skill-iss-location.openvoiceos,"about.intent","cosa è  sulla stazione spaziale internazionale"
ovos-skill-iss-location.openvoiceos,"about.intent","cosa è info dell' I S S"
ovos-skill-iss-location.openvoiceos,"about.intent","cosa è info dell' ISS"
ovos-skill-iss-location.openvoiceos,"about.intent","cosa è info dell' S S I"
ovos-skill-iss-location.openvoiceos,"about.intent","cosa è info dell' SSI"
ovos-skill-iss-location.openvoiceos,"about.intent","cosa è info dell' stazione spaziale"
ovos-skill-iss-location.openvoiceos,"about.intent","cosa è info dell' stazione spaziale internazionale"
ovos-skill-iss-location.openvoiceos,"about.intent","cosa è info della I S S"
ovos-skill-iss-location.openvoiceos,"about.intent","cosa è info della ISS"
ovos-skill-iss-location.openvoiceos,"about.intent","cosa è info della S S I"
ovos-skill-iss-location.openvoiceos,"about.intent","cosa è info della SSI"
ovos-skill-iss-location.openvoiceos,"about.intent","cosa è info della stazione spaziale"
ovos-skill-iss-location.openvoiceos,"about.intent","cosa è info della stazione spaziale internazionale"
ovos-skill-iss-location.openvoiceos,"about.intent","cosa è info di I S S"
ovos-skill-iss-location.openvoiceos,"about.intent","cosa è info di ISS"
ovos-skill-iss-location.openvoiceos,"about.intent","cosa è info di S S I"
ovos-skill-iss-location.openvoiceos,"about.intent","cosa è info di SSI"
ovos-skill-iss-location.openvoiceos,"about.intent","cosa è info di stazione spaziale"
ovos-skill-iss-location.openvoiceos,"about.intent","cosa è info di stazione spaziale internazionale"
ovos-skill-iss-location.openvoiceos,"about.intent","cosa è info l' I S S"
ovos-skill-iss-location.openvoiceos,"about.intent","cosa è info l' ISS"
ovos-skill-iss-location.openvoiceos,"about.intent","cosa è info l' S S I"
ovos-skill-iss-location.openvoiceos,"about.intent","cosa è info l' SSI"
ovos-skill-iss-location.openvoiceos,"about.intent","cosa è info l' stazione spaziale"
ovos-skill-iss-location.openvoiceos,"about.intent","cosa è info l' stazione spaziale internazionale"
ovos-skill-iss-location.openvoiceos,"about.intent","cosa è info la I S S"
ovos-skill-iss-location.openvoiceos,"about.intent","cosa è info la ISS"
ovos-skill-iss-location.openvoiceos,"about.intent","cosa è info la S S I"
ovos-skill-iss-location.openvoiceos,"about.intent","cosa è info la SSI"
ovos-skill-iss-location.openvoiceos,"about.intent","cosa è info la stazione spaziale"
ovos-skill-iss-location.openvoiceos,"about.intent","cosa è info la stazione spaziale internazionale"
ovos-skill-iss-location.openvoiceos,"about.intent","cosa è info su I S S"
ovos-skill-iss-location.openvoiceos,"about.intent","cosa è info su ISS"
ovos-skill-iss-location.openvoiceos,"about.intent","cosa è info su S S I"
ovos-skill-iss-location.openvoiceos,"about.intent","cosa è info su SSI"
ovos-skill-iss-location.openvoiceos,"about.intent","cosa è info su stazione spaziale"
ovos-skill-iss-location.openvoiceos,"about.intent","cosa è info su stazione spaziale internazionale"
ovos-skill-iss-location.openvoiceos,"about.intent","cosa è info sull' I S S"
ovos-skill-iss-location.openvoiceos,"about.intent","cosa è info sull' ISS"
ovos-skill-iss-location.openvoiceos,"about.intent","cosa è info sull' S S I"
ovos-skill-iss-location.openvoiceos,"about.intent","cosa è info sull' SSI"
ovos-skill-iss-location.openvoiceos,"about.intent","cosa è info sull' stazione spaziale"
ovos-skill-iss-location.openvoiceos,"about.intent","cosa è info sull' stazione spaziale internazionale"
ovos-skill-iss-location.openvoiceos,"about.intent","cosa è info sulla I S S"
ovos-skill-iss-location.openvoiceos,"about.intent","cosa è info sulla ISS"
ovos-skill-iss-location.openvoiceos,"about.intent","cosa è info sulla S S I"
ovos-skill-iss-location.openvoiceos,"about.intent","cosa è info sulla SSI"
ovos-skill-iss-location.openvoiceos,"about.intent","cosa è info sulla stazione spaziale"
ovos-skill-iss-location.openvoiceos,"about.intent","cosa è info sulla stazione spaziale internazionale"
ovos-skill-iss-location.openvoiceos,"about.intent","cosa è informazioni dell' I S S"
ovos-skill-iss-location.openvoiceos,"about.intent","cosa è informazioni dell' ISS"
ovos-skill-iss-location.openvoiceos,"about.intent","cosa è informazioni dell' S S I"
ovos-skill-iss-location.openvoiceos,"about.intent","cosa è informazioni dell' SSI"
ovos-skill-iss-location.openvoiceos,"about.intent","cosa è informazioni dell' stazione spaziale"
ovos-skill-iss-location.openvoiceos,"about.intent","cosa è informazioni dell' stazione spaziale internazionale"
ovos-skill-iss-location.openvoiceos,"about.intent","cosa è informazioni della I S S"
ovos-skill-iss-location.openvoiceos,"about.intent","cosa è informazioni della ISS"
ovos-skill-iss-location.openvoiceos,"about.intent","cosa è informazioni della S S I"
ovos-skill-iss-location.openvoiceos,"about.intent","cosa è informazioni della SSI"
ovos-skill-iss-location.openvoiceos,"about.intent","cosa è informazioni della stazione spaziale"
ovos-skill-iss-location.openvoiceos,"about.intent","cosa è informazioni della stazione spaziale internazionale"
ovos-skill-iss-location.openvoiceos,"about.intent","cosa è informazioni di I S S"
ovos-skill-iss-location.openvoiceos,"about.intent","cosa è informazioni di ISS"
ovos-skill-iss-location.openvoiceos,"about.intent","cosa è informazioni di S S I"
ovos-skill-iss-location.openvoiceos,"about.intent","cosa è informazioni di SSI"
ovos-skill-iss-location.openvoiceos,"about.intent","cosa è informazioni di stazione spaziale"
ovos-skill-iss-location.openvoiceos,"about.intent","cosa è informazioni di stazione spaziale internazionale"
ovos-skill-iss-location.openvoiceos,"about.intent","cosa è informazioni l' I S S"
ovos-skill-iss-location.openvoiceos,"about.intent","cosa è informazioni l' ISS"
ovos-skill-iss-location.openvoiceos,"about.intent","cosa è informazioni l' S S I"
ovos-skill-iss-location.openvoiceos,"about.intent","cosa è informazioni l' SSI"
ovos-skill-iss-location.openvoiceos,"about.intent","cosa è informazioni l' stazione spaziale"
ovos-skill-iss-location.openvoiceos,"about.intent","cosa è informazioni l' stazione spaziale internazionale"
ovos-skill-iss-location.openvoiceos,"about.intent","cosa è informazioni la I S S"
ovos-skill-iss-location.openvoiceos,"about.intent","cosa è informazioni la ISS"
ovos-skill-iss-location.openvoiceos,"about.intent","cosa è informazioni la S S I"
ovos-skill-iss-location.openvoiceos,"about.intent","cosa è informazioni la SSI"
ovos-skill-iss-location.openvoiceos,"about.intent","cosa è informazioni la stazione spaziale"
ovos-skill-iss-location.openvoiceos,"about.intent","cosa è informazioni la stazione spaziale internazionale"
ovos-skill-iss-location.openvoiceos,"about.intent","cosa è informazioni su I S S"
ovos-skill-iss-location.openvoiceos,"about.intent","cosa è informazioni su ISS"
ovos-skill-iss-location.openvoiceos,"about.intent","cosa è informazioni su S S I"
ovos-skill-iss-location.openvoiceos,"about.intent","cosa è informazioni su SSI"
ovos-skill-iss-location.openvoiceos,"about.intent","cosa è informazioni su stazione spaziale"
ovos-skill-iss-location.openvoiceos,"about.intent","cosa è informazioni su stazione spaziale internazionale"
ovos-skill-iss-location.openvoiceos,"about.intent","cosa è informazioni sull' I S S"
ovos-skill-iss-location.openvoiceos,"about.intent","cosa è informazioni sull' ISS"
ovos-skill-iss-location.openvoiceos,"about.intent","cosa è informazioni sull' S S I"
ovos-skill-iss-location.openvoiceos,"about.intent","cosa è informazioni sull' SSI"
ovos-skill-iss-location.openvoiceos,"about.intent","cosa è informazioni sull' stazione spaziale"
ovos-skill-iss-location.openvoiceos,"about.intent","cosa è informazioni sull' stazione spaziale internazionale"
ovos-skill-iss-location.openvoiceos,"about.intent","cosa è informazioni sulla I S S"
ovos-skill-iss-location.openvoiceos,"about.intent","cosa è informazioni sulla ISS"
ovos-skill-iss-location.openvoiceos,"about.intent","cosa è informazioni sulla S S I"
ovos-skill-iss-location.openvoiceos,"about.intent","cosa è informazioni sulla SSI"
ovos-skill-iss-location.openvoiceos,"about.intent","cosa è informazioni sulla stazione spaziale"
ovos-skill-iss-location.openvoiceos,"about.intent","cosa è informazioni sulla stazione spaziale internazionale"
ovos-skill-iss-location.openvoiceos,"about.intent","dammi  dell' I S S"
ovos-skill-iss-location.openvoiceos,"about.intent","dammi  dell' ISS"
ovos-skill-iss-location.openvoiceos,"about.intent","dammi  dell' S S I"
ovos-skill-iss-location.openvoiceos,"about.intent","dammi  dell' SSI"
ovos-skill-iss-location.openvoiceos,"about.intent","dammi  dell' stazione spaziale"
ovos-skill-iss-location.openvoiceos,"about.intent","dammi  dell' stazione spaziale internazionale"
ovos-skill-iss-location.openvoiceos,"about.intent","dammi  della I S S"
ovos-skill-iss-location.openvoiceos,"about.intent","dammi  della ISS"
ovos-skill-iss-location.openvoiceos,"about.intent","dammi  della S S I"
ovos-skill-iss-location.openvoiceos,"about.intent","dammi  della SSI"
ovos-skill-iss-location.openvoiceos,"about.intent","dammi  della stazione spaziale"
ovos-skill-iss-location.openvoiceos,"about.intent","dammi  della stazione spaziale internazionale"
ovos-skill-iss-location.openvoiceos,"about.intent","dammi  di I S S"
ovos-skill-iss-location.openvoiceos,"about.intent","dammi  di ISS"
ovos-skill-iss-location.openvoiceos,"about.intent","dammi  di S S I"
ovos-skill-iss-location.openvoiceos,"about.intent","dammi  di SSI"
ovos-skill-iss-location.openvoiceos,"about.intent","dammi  di stazione spaziale"
ovos-skill-iss-location.openvoiceos,"about.intent","dammi  di stazione spaziale internazionale"
ovos-skill-iss-location.openvoiceos,"about.intent","dammi  l' I S S"
ovos-skill-iss-location.openvoiceos,"about.intent","dammi  l' ISS"
ovos-skill-iss-location.openvoiceos,"about.intent","dammi  l' S S I"
ovos-skill-iss-location.openvoiceos,"about.intent","dammi  l' SSI"
ovos-skill-iss-location.openvoiceos,"about.intent","dammi  l' stazione spaziale"
ovos-skill-iss-location.openvoiceos,"about.intent","dammi  l' stazione spaziale internazionale"
ovos-skill-iss-location.openvoiceos,"about.intent","dammi  la I S S"
ovos-skill-iss-location.openvoiceos,"about.intent","dammi  la ISS"
ovos-skill-iss-location.openvoiceos,"about.intent","dammi  la S S I"
ovos-skill-iss-location.openvoiceos,"about.intent","dammi  la SSI"
ovos-skill-iss-location.openvoiceos,"about.intent","dammi  la stazione spaziale"
ovos-skill-iss-location.openvoiceos,"about.intent","dammi  la stazione spaziale internazionale"
ovos-skill-iss-location.openvoiceos,"about.intent","dammi  su I S S"
ovos-skill-iss-location.openvoiceos,"about.intent","dammi  su ISS"
ovos-skill-iss-location.openvoiceos,"about.intent","dammi  su S S I"
ovos-skill-iss-location.openvoiceos,"about.intent","dammi  su SSI"
ovos-skill-iss-location.openvoiceos,"about.intent","dammi  su stazione spaziale"
ovos-skill-iss-location.openvoiceos,"about.intent","dammi  su stazione spaziale internazionale"
ovos-skill-iss-location.openvoiceos,"about.intent","dammi  sull' I S S"
ovos-skill-iss-location.openvoiceos,"about.intent","dammi  sull' ISS"
ovos-skill-iss-location.openvoiceos,"about.intent","dammi  sull' S S I"
ovos-skill-iss-location.openvoiceos,"about.intent","dammi  sull' SSI"
ovos-skill-iss-location.openvoiceos,"about.intent","dammi  sull' stazione spaziale"
ovos-skill-iss-location.openvoiceos,"about.intent","dammi  sull' stazione spaziale internazionale"
ovos-skill-iss-location.openvoiceos,"about.intent","dammi  sulla I S S"
ovos-skill-iss-location.openvoiceos,"about.intent","dammi  sulla ISS"
ovos-skill-iss-location.openvoiceos,"about.intent","dammi  sulla S S I"
ovos-skill-iss-location.openvoiceos,"about.intent","dammi  sulla SSI"
ovos-skill-iss-location.openvoiceos,"about.intent","dammi  sulla stazione spaziale"
ovos-skill-iss-location.openvoiceos,"about.intent","dammi  sulla stazione spaziale internazionale"
ovos-skill-iss-location.openvoiceos,"about.intent","dammi info dell' I S S"
ovos-skill-iss-location.openvoiceos,"about.intent","dammi info dell' ISS"
ovos-skill-iss-location.openvoiceos,"about.intent","dammi info dell' S S I"
ovos-skill-iss-location.openvoiceos,"about.intent","dammi info dell' SSI"
ovos-skill-iss-location.openvoiceos,"about.intent","dammi info dell' stazione spaziale"
ovos-skill-iss-location.openvoiceos,"about.intent","dammi info dell' stazione spaziale internazionale"
ovos-skill-iss-location.openvoiceos,"about.intent","dammi info della I S S"
ovos-skill-iss-location.openvoiceos,"about.intent","dammi info della ISS"
ovos-skill-iss-location.openvoiceos,"about.intent","dammi info della S S I"
ovos-skill-iss-location.openvoiceos,"about.intent","dammi info della SSI"
ovos-skill-iss-location.openvoiceos,"about.intent","dammi info della stazione spaziale"
ovos-skill-iss-location.openvoiceos,"about.intent","dammi info della stazione spaziale internazionale"
ovos-skill-iss-location.openvoiceos,"about.intent","dammi info di I S S"
ovos-skill-iss-location.openvoiceos,"about.intent","dammi info di ISS"
ovos-skill-iss-location.openvoiceos,"about.intent","dammi info di S S I"
ovos-skill-iss-location.openvoiceos,"about.intent","dammi info di SSI"
ovos-skill-iss-location.openvoiceos,"about.intent","dammi info di stazione spaziale"
ovos-skill-iss-location.openvoiceos,"about.intent","dammi info di stazione spaziale internazionale"
ovos-skill-iss-location.openvoiceos,"about.intent","dammi info l' I S S"
ovos-skill-iss-location.openvoiceos,"about.intent","dammi info l' ISS"
ovos-skill-iss-location.openvoiceos,"about.intent","dammi info l' S S I"
ovos-skill-iss-location.openvoiceos,"about.intent","dammi info l' SSI"
ovos-skill-iss-location.openvoiceos,"about.intent","dammi info l' stazione spaziale"
ovos-skill-iss-location.openvoiceos,"about.intent","dammi info l' stazione spaziale internazionale"
ovos-skill-iss-location.openvoiceos,"about.intent","dammi info la I S S"
ovos-skill-iss-location.openvoiceos,"about.intent","dammi info la ISS"
ovos-skill-iss-location.openvoiceos,"about.intent","dammi info la S S I"
ovos-skill-iss-location.openvoiceos,"about.intent","dammi info la SSI"
ovos-skill-iss-location.openvoiceos,"about.intent","dammi info la stazione spaziale"
ovos-skill-iss-location.openvoiceos,"about.intent","dammi info la stazione spaziale internazionale"
ovos-skill-iss-location.openvoiceos,"about.intent","dammi info su I S S"
ovos-skill-iss-location.openvoiceos,"about.intent","dammi info su ISS"
ovos-skill-iss-location.openvoiceos,"about.intent","dammi info su S S I"
ovos-skill-iss-location.openvoiceos,"about.intent","dammi info su SSI"
ovos-skill-iss-location.openvoiceos,"about.intent","dammi info su stazione spaziale"
ovos-skill-iss-location.openvoiceos,"about.intent","dammi info su stazione spaziale internazionale"
ovos-skill-iss-location.openvoiceos,"about.intent","dammi info sull' I S S"
ovos-skill-iss-location.openvoiceos,"about.intent","dammi info sull' ISS"
ovos-skill-iss-location.openvoiceos,"about.intent","dammi info sull' S S I"
ovos-skill-iss-location.openvoiceos,"about.intent","dammi info sull' SSI"
ovos-skill-iss-location.openvoiceos,"about.intent","dammi info sull' stazione spaziale"
ovos-skill-iss-location.openvoiceos,"about.intent","dammi info sull' stazione spaziale internazionale"
ovos-skill-iss-location.openvoiceos,"about.intent","dammi info sulla I S S"
ovos-skill-iss-location.openvoiceos,"about.intent","dammi info sulla ISS"
ovos-skill-iss-location.openvoiceos,"about.intent","dammi info sulla S S I"
ovos-skill-iss-location.openvoiceos,"about.intent","dammi info sulla SSI"
ovos-skill-iss-location.openvoiceos,"about.intent","dammi info sulla stazione spaziale"
ovos-skill-iss-location.openvoiceos,"about.intent","dammi info sulla stazione spaziale internazionale"
ovos-skill-iss-location.openvoiceos,"about.intent","dammi informazioni dell' I S S"
ovos-skill-iss-location.openvoiceos,"about.intent","dammi informazioni dell' ISS"
ovos-skill-iss-location.openvoiceos,"about.intent","dammi informazioni dell' S S I"
ovos-skill-iss-location.openvoiceos,"about.intent","dammi informazioni dell' SSI"
ovos-skill-iss-location.openvoiceos,"about.intent","dammi informazioni dell' stazione spaziale"
ovos-skill-iss-location.openvoiceos,"about.intent","dammi informazioni dell' stazione spaziale internazionale"
ovos-skill-iss-location.openvoiceos,"about.intent","dammi informazioni della I S S"
ovos-skill-iss-location.openvoiceos,"about.intent","dammi informazioni della ISS"
ovos-skill-iss-location.openvoiceos,"about.intent","dammi informazioni della S S I"
ovos-skill-iss-location.openvoiceos,"about.intent","dammi informazioni della SSI"
ovos-skill-iss-location.openvoiceos,"about.intent","dammi informazioni della stazione spaziale"
ovos-skill-iss-location.openvoiceos,"about.intent","dammi informazioni della stazione spaziale internazionale"
ovos-skill-iss-location.openvoiceos,"about.intent","dammi informazioni di I S S"
ovos-skill-iss-location.openvoiceos,"about.intent","dammi informazioni di ISS"
ovos-skill-iss-location.openvoiceos,"about.intent","dammi informazioni di S S I"
ovos-skill-iss-location.openvoiceos,"about.intent","dammi informazioni di SSI"
ovos-skill-iss-location.openvoiceos,"about.intent","dammi informazioni di stazione spaziale"
ovos-skill-iss-location.openvoiceos,"about.intent","dammi informazioni di stazione spaziale internazionale"
ovos-skill-iss-location.openvoiceos,"about.intent","dammi informazioni l' I S S"
ovos-skill-iss-location.openvoiceos,"about.intent","dammi informazioni l' ISS"
ovos-skill-iss-location.openvoiceos,"about.intent","dammi informazioni l' S S I"
ovos-skill-iss-location.openvoiceos,"about.intent","dammi informazioni l' SSI"
ovos-skill-iss-location.openvoiceos,"about.intent","dammi informazioni l' stazione spaziale"
ovos-skill-iss-location.openvoiceos,"about.intent","dammi informazioni l' stazione spaziale internazionale"
ovos-skill-iss-location.openvoiceos,"about.intent","dammi informazioni la I S S"
ovos-skill-iss-location.openvoiceos,"about.intent","dammi informazioni la ISS"
ovos-skill-iss-location.openvoiceos,"about.intent","dammi informazioni la S S I"
ovos-skill-iss-location.openvoiceos,"about.intent","dammi informazioni la SSI"
ovos-skill-iss-location.openvoiceos,"about.intent","dammi informazioni la stazione spaziale"
ovos-skill-iss-location.openvoiceos,"about.intent","dammi informazioni la stazione spaziale internazionale"
ovos-skill-iss-location.openvoiceos,"about.intent","dammi informazioni su I S S"
ovos-skill-iss-location.openvoiceos,"about.intent","dammi informazioni su ISS"
ovos-skill-iss-location.openvoiceos,"about.intent","dammi informazioni su S S I"
ovos-skill-iss-location.openvoiceos,"about.intent","dammi informazioni su SSI"
ovos-skill-iss-location.openvoiceos,"about.intent","dammi informazioni su stazione spaziale"
ovos-skill-iss-location.openvoiceos,"about.intent","dammi informazioni su stazione spaziale internazionale"
ovos-skill-iss-location.openvoiceos,"about.intent","dammi informazioni sull' I S S"
ovos-skill-iss-location.openvoiceos,"about.intent","dammi informazioni sull' ISS"
ovos-skill-iss-location.openvoiceos,"about.intent","dammi informazioni sull' S S I"
ovos-skill-iss-location.openvoiceos,"about.intent","dammi informazioni sull' SSI"
ovos-skill-iss-location.openvoiceos,"about.intent","dammi informazioni sull' stazione spaziale"
ovos-skill-iss-location.openvoiceos,"about.intent","dammi informazioni sull' stazione spaziale internazionale"
ovos-skill-iss-location.openvoiceos,"about.intent","dammi informazioni sulla I S S"
ovos-skill-iss-location.openvoiceos,"about.intent","dammi informazioni sulla ISS"
ovos-skill-iss-location.openvoiceos,"about.intent","dammi informazioni sulla S S I"
ovos-skill-iss-location.openvoiceos,"about.intent","dammi informazioni sulla SSI"
ovos-skill-iss-location.openvoiceos,"about.intent","dammi informazioni sulla stazione spaziale"
ovos-skill-iss-location.openvoiceos,"about.intent","dammi informazioni sulla stazione spaziale internazionale"
ovos-skill-iss-location.openvoiceos,"about.intent","parlami  dell' I S S"
ovos-skill-iss-location.openvoiceos,"about.intent","parlami  dell' ISS"
ovos-skill-iss-location.openvoiceos,"about.intent","parlami  dell' S S I"
ovos-skill-iss-location.openvoiceos,"about.intent","parlami  dell' SSI"
ovos-skill-iss-location.openvoiceos,"about.intent","parlami  dell' stazione spaziale"
ovos-skill-iss-location.openvoiceos,"about.intent","parlami  dell' stazione spaziale internazionale"
ovos-skill-iss-location.openvoiceos,"about.intent","parlami  della I S S"
ovos-skill-iss-location.openvoiceos,"about.intent","parlami  della ISS"
ovos-skill-iss-location.openvoiceos,"about.intent","parlami  della S S I"
ovos-skill-iss-location.openvoiceos,"about.intent","parlami  della SSI"
ovos-skill-iss-location.openvoiceos,"about.intent","parlami  della stazione spaziale"
ovos-skill-iss-location.openvoiceos,"about.intent","parlami  della stazione spaziale internazionale"
ovos-skill-iss-location.openvoiceos,"about.intent","parlami  di I S S"
ovos-skill-iss-location.openvoiceos,"about.intent","parlami  di ISS"
ovos-skill-iss-location.openvoiceos,"about.intent","parlami  di S S I"
ovos-skill-iss-location.openvoiceos,"about.intent","parlami  di SSI"
ovos-skill-iss-location.openvoiceos,"about.intent","parlami  di stazione spaziale"
ovos-skill-iss-location.openvoiceos,"about.intent","parlami  di stazione spaziale internazionale"
ovos-skill-iss-location.openvoiceos,"about.intent","parlami  l' I S S"
ovos-skill-iss-location.openvoiceos,"about.intent","parlami  l' ISS"
ovos-skill-iss-location.openvoiceos,"about.intent","parlami  l' S S I"
ovos-skill-iss-location.openvoiceos,"about.intent","parlami  l' SSI"
ovos-skill-iss-location.openvoiceos,"about.intent","parlami  l' stazione spaziale"
ovos-skill-iss-location.openvoiceos,"about.intent","parlami  l' stazione spaziale internazionale"
ovos-skill-iss-location.openvoiceos,"about.intent","parlami  la I S S"
ovos-skill-iss-location.openvoiceos,"about.intent","parlami  la ISS"
ovos-skill-iss-location.openvoiceos,"about.intent","parlami  la S S I"
ovos-skill-iss-location.openvoiceos,"about.intent","parlami  la SSI"
ovos-skill-iss-location.openvoiceos,"about.intent","parlami  la stazione spaziale"
ovos-skill-iss-location.openvoiceos,"about.intent","parlami  la stazione spaziale internazionale"
ovos-skill-iss-location.openvoiceos,"about.intent","parlami  su I S S"
ovos-skill-iss-location.openvoiceos,"about.intent","parlami  su ISS"
ovos-skill-iss-location.openvoiceos,"about.intent","parlami  su S S I"
ovos-skill-iss-location.openvoiceos,"about.intent","parlami  su SSI"
ovos-skill-iss-location.openvoiceos,"about.intent","parlami  su stazione spaziale"
ovos-skill-iss-location.openvoiceos,"about.intent","parlami  su stazione spaziale internazionale"
ovos-skill-iss-location.openvoiceos,"about.intent","parlami  sull' I S S"
ovos-skill-iss-location.openvoiceos,"about.intent","parlami  sull' ISS"
ovos-skill-iss-location.openvoiceos,"about.intent","parlami  sull' S S I"
ovos-skill-iss-location.openvoiceos,"about.intent","parlami  sull' SSI"
ovos-skill-iss-location.openvoiceos,"about.intent","parlami  sull' stazione spaziale"
ovos-skill-iss-location.openvoiceos,"about.intent","parlami  sull' stazione spaziale internazionale"
ovos-skill-iss-location.openvoiceos,"about.intent","parlami  sulla I S S"
ovos-skill-iss-location.openvoiceos,"about.intent","parlami  sulla ISS"
ovos-skill-iss-location.openvoiceos,"about.intent","parlami  sulla S S I"
ovos-skill-iss-location.openvoiceos,"about.intent","parlami  sulla SSI"
ovos-skill-iss-location.openvoiceos,"about.intent","parlami  sulla stazione spaziale"
ovos-skill-iss-location.openvoiceos,"about.intent","parlami  sulla stazione spaziale internazionale"
ovos-skill-iss-location.openvoiceos,"about.intent","parlami info dell' I S S"
ovos-skill-iss-location.openvoiceos,"about.intent","parlami info dell' ISS"
ovos-skill-iss-location.openvoiceos,"about.intent","parlami info dell' S S I"
ovos-skill-iss-location.openvoiceos,"about.intent","parlami info dell' SSI"
ovos-skill-iss-location.openvoiceos,"about.intent","parlami info dell' stazione spaziale"
ovos-skill-iss-location.openvoiceos,"about.intent","parlami info dell' stazione spaziale internazionale"
ovos-skill-iss-location.openvoiceos,"about.intent","parlami info della I S S"
ovos-skill-iss-location.openvoiceos,"about.intent","parlami info della ISS"
ovos-skill-iss-location.openvoiceos,"about.intent","parlami info della S S I"
ovos-skill-iss-location.openvoiceos,"about.intent","parlami info della SSI"
ovos-skill-iss-location.openvoiceos,"about.intent","parlami info della stazione spaziale"
ovos-skill-iss-location.openvoiceos,"about.intent","parlami info della stazione spaziale internazionale"
ovos-skill-iss-location.openvoiceos,"about.intent","parlami info di I S S"
ovos-skill-iss-location.openvoiceos,"about.intent","parlami info di ISS"
ovos-skill-iss-location.openvoiceos,"about.intent","parlami info di S S I"
ovos-skill-iss-location.openvoiceos,"about.intent","parlami info di SSI"
ovos-skill-iss-location.openvoiceos,"about.intent","parlami info di stazione spaziale"
ovos-skill-iss-location.openvoiceos,"about.intent","parlami info di stazione spaziale internazionale"
ovos-skill-iss-location.openvoiceos,"about.intent","parlami info l' I S S"
ovos-skill-iss-location.openvoiceos,"about.intent","parlami info l' ISS"
ovos-skill-iss-location.openvoiceos,"about.intent","parlami info l' S S I"
ovos-skill-iss-location.openvoiceos,"about.intent","parlami info l' SSI"
ovos-skill-iss-location.openvoiceos,"about.intent","parlami info l' stazione spaziale"
ovos-skill-iss-location.openvoiceos,"about.intent","parlami info l' stazione spaziale internazionale"
ovos-skill-iss-location.openvoiceos,"about.intent","parlami info la I S S"
ovos-skill-iss-location.openvoiceos,"about.intent","parlami info la ISS"
ovos-skill-iss-location.openvoiceos,"about.intent","parlami info la S S I"
ovos-skill-iss-location.openvoiceos,"about.intent","parlami info la SSI"
ovos-skill-iss-location.openvoiceos,"about.intent","parlami info la stazione spaziale"
ovos-skill-iss-location.openvoiceos,"about.intent","parlami info la stazione spaziale internazionale"
ovos-skill-iss-location.openvoiceos,"about.intent","parlami info su I S S"
ovos-skill-iss-location.openvoiceos,"about.intent","parlami info su ISS"
ovos-skill-iss-location.openvoiceos,"about.intent","parlami info su S S I"
ovos-skill-iss-location.openvoiceos,"about.intent","parlami info su SSI"
ovos-skill-iss-location.openvoiceos,"about.intent","parlami info su stazione spaziale"
ovos-skill-iss-location.openvoiceos,"about.intent","parlami info su stazione spaziale internazionale"
ovos-skill-iss-location.openvoiceos,"about.intent","parlami info sull' I S S"
ovos-skill-iss-location.openvoiceos,"about.intent","parlami info sull' ISS"
ovos-skill-iss-location.openvoiceos,"about.intent","parlami info sull' S S I"
ovos-skill-iss-location.openvoiceos,"about.intent","parlami info sull' SSI"
ovos-skill-iss-location.openvoiceos,"about.intent","parlami info sull' stazione spaziale"
ovos-skill-iss-location.openvoiceos,"about.intent","parlami info sull' stazione spaziale internazionale"
ovos-skill-iss-location.openvoiceos,"about.intent","parlami info sulla I S S"
ovos-skill-iss-location.openvoiceos,"about.intent","parlami info sulla ISS"
ovos-skill-iss-location.openvoiceos,"about.intent","parlami info sulla S S I"
ovos-skill-iss-location.openvoiceos,"about.intent","parlami info sulla SSI"
ovos-skill-iss-location.openvoiceos,"about.intent","parlami info sulla stazione spaziale"
ovos-skill-iss-location.openvoiceos,"about.intent","parlami info sulla stazione spaziale internazionale"
ovos-skill-iss-location.openvoiceos,"about.intent","parlami informazioni dell' I S S"
ovos-skill-iss-location.openvoiceos,"about.intent","parlami informazioni dell' ISS"
ovos-skill-iss-location.openvoiceos,"about.intent","parlami informazioni dell' S S I"
ovos-skill-iss-location.openvoiceos,"about.intent","parlami informazioni dell' SSI"
ovos-skill-iss-location.openvoiceos,"about.intent","parlami informazioni dell' stazione spaziale"
ovos-skill-iss-location.openvoiceos,"about.intent","parlami informazioni dell' stazione spaziale internazionale"
ovos-skill-iss-location.openvoiceos,"about.intent","parlami informazioni della I S S"
ovos-skill-iss-location.openvoiceos,"about.intent","parlami informazioni della ISS"
ovos-skill-iss-location.openvoiceos,"about.intent","parlami informazioni della S S I"
ovos-skill-iss-location.openvoiceos,"about.intent","parlami informazioni della SSI"
ovos-skill-iss-location.openvoiceos,"about.intent","parlami informazioni della stazione spaziale"
ovos-skill-iss-location.openvoiceos,"about.intent","parlami informazioni della stazione spaziale internazionale"
ovos-skill-iss-location.openvoiceos,"about.intent","parlami informazioni di I S S"
ovos-skill-iss-location.openvoiceos,"about.intent","parlami informazioni di ISS"
ovos-skill-iss-location.openvoiceos,"about.intent","parlami informazioni di S S I"
ovos-skill-iss-location.openvoiceos,"about.intent","parlami informazioni di SSI"
ovos-skill-iss-location.openvoiceos,"about.intent","parlami informazioni di stazione spaziale"
ovos-skill-iss-location.openvoiceos,"about.intent","parlami informazioni di stazione spaziale internazionale"
ovos-skill-iss-location.openvoiceos,"about.intent","parlami informazioni l' I S S"
ovos-skill-iss-location.openvoiceos,"about.intent","parlami informazioni l' ISS"
ovos-skill-iss-location.openvoiceos,"about.intent","parlami informazioni l' S S I"
ovos-skill-iss-location.openvoiceos,"about.intent","parlami informazioni l' SSI"
ovos-skill-iss-location.openvoiceos,"about.intent","parlami informazioni l' stazione spaziale"
ovos-skill-iss-location.openvoiceos,"about.intent","parlami informazioni l' stazione spaziale internazionale"
ovos-skill-iss-location.openvoiceos,"about.intent","parlami informazioni la I S S"
ovos-skill-iss-location.openvoiceos,"about.intent","parlami informazioni la ISS"
ovos-skill-iss-location.openvoiceos,"about.intent","parlami informazioni la S S I"
ovos-skill-iss-location.openvoiceos,"about.intent","parlami informazioni la SSI"
ovos-skill-iss-location.openvoiceos,"about.intent","parlami informazioni la stazione spaziale"
ovos-skill-iss-location.openvoiceos,"about.intent","parlami informazioni la stazione spaziale internazionale"
ovos-skill-iss-location.openvoiceos,"about.intent","parlami informazioni su I S S"
ovos-skill-iss-location.openvoiceos,"about.intent","parlami informazioni su ISS"
ovos-skill-iss-location.openvoiceos,"about.intent","parlami informazioni su S S I"
ovos-skill-iss-location.openvoiceos,"about.intent","parlami informazioni su SSI"
ovos-skill-iss-location.openvoiceos,"about.intent","parlami informazioni su stazione spaziale"
ovos-skill-iss-location.openvoiceos,"about.intent","parlami informazioni su stazione spaziale internazionale"
ovos-skill-iss-location.openvoiceos,"about.intent","parlami informazioni sull' I S S"
ovos-skill-iss-location.openvoiceos,"about.intent","parlami informazioni sull' ISS"
ovos-skill-iss-location.openvoiceos,"about.intent","parlami informazioni sull' S S I"
ovos-skill-iss-location.openvoiceos,"about.intent","parlami informazioni sull' SSI"
ovos-skill-iss-location.openvoiceos,"about.intent","parlami informazioni sull' stazione spaziale"
ovos-skill-iss-location.openvoiceos,"about.intent","parlami informazioni sull' stazione spaziale internazionale"
ovos-skill-iss-location.openvoiceos,"about.intent","parlami informazioni sulla I S S"
ovos-skill-iss-location.openvoiceos,"about.intent","parlami informazioni sulla ISS"
ovos-skill-iss-location.openvoiceos,"about.intent","parlami informazioni sulla S S I"
ovos-skill-iss-location.openvoiceos,"about.intent","parlami informazioni sulla SSI"
ovos-skill-iss-location.openvoiceos,"about.intent","parlami informazioni sulla stazione spaziale"
ovos-skill-iss-location.openvoiceos,"about.intent","parlami informazioni sulla stazione spaziale internazionale"
ovos-skill-iss-location.openvoiceos,"about.intent","voglio  dell' I S S"
ovos-skill-iss-location.openvoiceos,"about.intent","voglio  dell' ISS"
ovos-skill-iss-location.openvoiceos,"about.intent","voglio  dell' S S I"
ovos-skill-iss-location.openvoiceos,"about.intent","voglio  dell' SSI"
ovos-skill-iss-location.openvoiceos,"about.intent","voglio  dell' stazione spaziale"
ovos-skill-iss-location.openvoiceos,"about.intent","voglio  dell' stazione spaziale internazionale"
ovos-skill-iss-location.openvoiceos,"about.intent","voglio  della I S S"
ovos-skill-iss-location.openvoiceos,"about.intent","voglio  della ISS"
ovos-skill-iss-location.openvoiceos,"about.intent","voglio  della S S I"
ovos-skill-iss-location.openvoiceos,"about.intent","voglio  della SSI"
ovos-skill-iss-location.openvoiceos,"about.intent","voglio  della stazione spaziale"
ovos-skill-iss-location.openvoiceos,"about.intent","voglio  della stazione spaziale internazionale"
ovos-skill-iss-location.openvoiceos,"about.intent","voglio  di I S S"
ovos-skill-iss-location.openvoiceos,"about.intent","voglio  di ISS"
ovos-skill-iss-location.openvoiceos,"about.intent","voglio  di S S I"
ovos-skill-iss-location.openvoiceos,"about.intent","voglio  di SSI"
ovos-skill-iss-location.openvoiceos,"about.intent","voglio  di stazione spaziale"
ovos-skill-iss-location.openvoiceos,"about.intent","voglio  di stazione spaziale internazionale"
ovos-skill-iss-location.openvoiceos,"about.intent","voglio  l' I S S"
ovos-skill-iss-location.openvoiceos,"about.intent","voglio  l' ISS"
ovos-skill-iss-location.openvoiceos,"about.intent","voglio  l' S S I"
ovos-skill-iss-location.openvoiceos,"about.intent","voglio  l' SSI"
ovos-skill-iss-location.openvoiceos,"about.intent","voglio  l' stazione spaziale"
ovos-skill-iss-location.openvoiceos,"about.intent","voglio  l' stazione spaziale internazionale"
ovos-skill-iss-location.openvoiceos,"about.intent","voglio  la I S S"
ovos-skill-iss-location.openvoiceos,"about.intent","voglio  la ISS"
ovos-skill-iss-location.openvoiceos,"about.intent","voglio  la S S I"
ovos-skill-iss-location.openvoiceos,"about.intent","voglio  la SSI"
ovos-skill-iss-location.openvoiceos,"about.intent","voglio  la stazione spaziale"
ovos-skill-iss-location.openvoiceos,"about.intent","voglio  la stazione spaziale internazionale"
ovos-skill-iss-location.openvoiceos,"about.intent","voglio  su I S S"
ovos-skill-iss-location.openvoiceos,"about.intent","voglio  su ISS"
ovos-skill-iss-location.openvoiceos,"about.intent","voglio  su S S I"
ovos-skill-iss-location.openvoiceos,"about.intent","voglio  su SSI"
ovos-skill-iss-location.openvoiceos,"about.intent","voglio  su stazione spaziale"
ovos-skill-iss-location.openvoiceos,"about.intent","voglio  su stazione spaziale internazionale"
ovos-skill-iss-location.openvoiceos,"about.intent","voglio  sull' I S S"
ovos-skill-iss-location.openvoiceos,"about.intent","voglio  sull' ISS"
ovos-skill-iss-location.openvoiceos,"about.intent","voglio  sull' S S I"
ovos-skill-iss-location.openvoiceos,"about.intent","voglio  sull' SSI"
ovos-skill-iss-location.openvoiceos,"about.intent","voglio  sull' stazione spaziale"
ovos-skill-iss-location.openvoiceos,"about.intent","voglio  sull' stazione spaziale internazionale"
ovos-skill-iss-location.openvoiceos,"about.intent","voglio  sulla I S S"
ovos-skill-iss-location.openvoiceos,"about.intent","voglio  sulla ISS"
ovos-skill-iss-location.openvoiceos,"about.intent","voglio  sulla S S I"
ovos-skill-iss-location.openvoiceos,"about.intent","voglio  sulla SSI"
ovos-skill-iss-location.openvoiceos,"about.intent","voglio  sulla stazione spaziale"
ovos-skill-iss-location.openvoiceos,"about.intent","voglio  sulla stazione spaziale internazionale"
ovos-skill-iss-location.openvoiceos,"about.intent","voglio info dell' I S S"
ovos-skill-iss-location.openvoiceos,"about.intent","voglio info dell' ISS"
ovos-skill-iss-location.openvoiceos,"about.intent","voglio info dell' S S I"
ovos-skill-iss-location.openvoiceos,"about.intent","voglio info dell' SSI"
ovos-skill-iss-location.openvoiceos,"about.intent","voglio info dell' stazione spaziale"
ovos-skill-iss-location.openvoiceos,"about.intent","voglio info dell' stazione spaziale internazionale"
ovos-skill-iss-location.openvoiceos,"about.intent","voglio info della I S S"
ovos-skill-iss-location.openvoiceos,"about.intent","voglio info della ISS"
ovos-skill-iss-location.openvoiceos,"about.intent","voglio info della S S I"
ovos-skill-iss-location.openvoiceos,"about.intent","voglio info della SSI"
ovos-skill-iss-location.openvoiceos,"about.intent","voglio info della stazione spaziale"
ovos-skill-iss-location.openvoiceos,"about.intent","voglio info della stazione spaziale internazionale"
ovos-skill-iss-location.openvoiceos,"about.intent","voglio info di I S S"
ovos-skill-iss-location.openvoiceos,"about.intent","voglio info di ISS"
ovos-skill-iss-location.openvoiceos,"about.intent","voglio info di S S I"
ovos-skill-iss-location.openvoiceos,"about.intent","voglio info di SSI"
ovos-skill-iss-location.openvoiceos,"about.intent","voglio info di stazione spaziale"
ovos-skill-iss-location.openvoiceos,"about.intent","voglio info di stazione spaziale internazionale"
ovos-skill-iss-location.openvoiceos,"about.intent","voglio info l' I S S"
ovos-skill-iss-location.openvoiceos,"about.intent","voglio info l' ISS"
ovos-skill-iss-location.openvoiceos,"about.intent","voglio info l' S S I"
ovos-skill-iss-location.openvoiceos,"about.intent","voglio info l' SSI"
ovos-skill-iss-location.openvoiceos,"about.intent","voglio info l' stazione spaziale"
ovos-skill-iss-location.openvoiceos,"about.intent","voglio info l' stazione spaziale internazionale"
ovos-skill-iss-location.openvoiceos,"about.intent","voglio info la I S S"
ovos-skill-iss-location.openvoiceos,"about.intent","voglio info la ISS"
ovos-skill-iss-location.openvoiceos,"about.intent","voglio info la S S I"
ovos-skill-iss-location.openvoiceos,"about.intent","voglio info la SSI"
ovos-skill-iss-location.openvoiceos,"about.intent","voglio info la stazione spaziale"
ovos-skill-iss-location.openvoiceos,"about.intent","voglio info la stazione spaziale internazionale"
ovos-skill-iss-location.openvoiceos,"about.intent","voglio info su I S S"
ovos-skill-iss-location.openvoiceos,"about.intent","voglio info su ISS"
ovos-skill-iss-location.openvoiceos,"about.intent","voglio info su S S I"
ovos-skill-iss-location.openvoiceos,"about.intent","voglio info su SSI"
ovos-skill-iss-location.openvoiceos,"about.intent","voglio info su stazione spaziale"
ovos-skill-iss-location.openvoiceos,"about.intent","voglio info su stazione spaziale internazionale"
ovos-skill-iss-location.openvoiceos,"about.intent","voglio info sull' I S S"
ovos-skill-iss-location.openvoiceos,"about.intent","voglio info sull' ISS"
ovos-skill-iss-location.openvoiceos,"about.intent","voglio info sull' S S I"
ovos-skill-iss-location.openvoiceos,"about.intent","voglio info sull' SSI"
ovos-skill-iss-location.openvoiceos,"about.intent","voglio info sull' stazione spaziale"
ovos-skill-iss-location.openvoiceos,"about.intent","voglio info sull' stazione spaziale internazionale"
ovos-skill-iss-location.openvoiceos,"about.intent","voglio info sulla I S S"
ovos-skill-iss-location.openvoiceos,"about.intent","voglio info sulla ISS"
ovos-skill-iss-location.openvoiceos,"about.intent","voglio info sulla S S I"
ovos-skill-iss-location.openvoiceos,"about.intent","voglio info sulla SSI"
ovos-skill-iss-location.openvoiceos,"about.intent","voglio info sulla stazione spaziale"
ovos-skill-iss-location.openvoiceos,"about.intent","voglio info sulla stazione spaziale internazionale"
ovos-skill-iss-location.openvoiceos,"about.intent","voglio informazioni dell' I S S"
ovos-skill-iss-location.openvoiceos,"about.intent","voglio informazioni dell' ISS"
ovos-skill-iss-location.openvoiceos,"about.intent","voglio informazioni dell' S S I"
ovos-skill-iss-location.openvoiceos,"about.intent","voglio informazioni dell' SSI"
ovos-skill-iss-location.openvoiceos,"about.intent","voglio informazioni dell' stazione spaziale"
ovos-skill-iss-location.openvoiceos,"about.intent","voglio informazioni dell' stazione spaziale internazionale"
ovos-skill-iss-location.openvoiceos,"about.intent","voglio informazioni della I S S"
ovos-skill-iss-location.openvoiceos,"about.intent","voglio informazioni della ISS"
ovos-skill-iss-location.openvoiceos,"about.intent","voglio informazioni della S S I"
ovos-skill-iss-location.openvoiceos,"about.intent","voglio informazioni della SSI"
ovos-skill-iss-location.openvoiceos,"about.intent","voglio informazioni della stazione spaziale"
ovos-skill-iss-location.openvoiceos,"about.intent","voglio informazioni della stazione spaziale internazionale"
ovos-skill-iss-location.openvoiceos,"about.intent","voglio informazioni di I S S"
ovos-skill-iss-location.openvoiceos,"about.intent","voglio informazioni di ISS"
ovos-skill-iss-location.openvoiceos,"about.intent","voglio informazioni di S S I"
ovos-skill-iss-location.openvoiceos,"about.intent","voglio informazioni di SSI"
ovos-skill-iss-location.openvoiceos,"about.intent","voglio informazioni di stazione spaziale"
ovos-skill-iss-location.openvoiceos,"about.intent","voglio informazioni di stazione spaziale internazionale"
ovos-skill-iss-location.openvoiceos,"about.intent","voglio informazioni l' I S S"
ovos-skill-iss-location.openvoiceos,"about.intent","voglio informazioni l' ISS"
ovos-skill-iss-location.openvoiceos,"about.intent","voglio informazioni l' S S I"
ovos-skill-iss-location.openvoiceos,"about.intent","voglio informazioni l' SSI"
ovos-skill-iss-location.openvoiceos,"about.intent","voglio informazioni l' stazione spaziale"
ovos-skill-iss-location.openvoiceos,"about.intent","voglio informazioni l' stazione spaziale internazionale"
ovos-skill-iss-location.openvoiceos,"about.intent","voglio informazioni la I S S"
ovos-skill-iss-location.openvoiceos,"about.intent","voglio informazioni la ISS"
ovos-skill-iss-location.openvoiceos,"about.intent","voglio informazioni la S S I"
ovos-skill-iss-location.openvoiceos,"about.intent","voglio informazioni la SSI"
ovos-skill-iss-location.openvoiceos,"about.intent","voglio informazioni la stazione spaziale"
ovos-skill-iss-location.openvoiceos,"about.intent","voglio informazioni la stazione spaziale internazionale"
ovos-skill-iss-location.openvoiceos,"about.intent","voglio informazioni su I S S"
ovos-skill-iss-location.openvoiceos,"about.intent","voglio informazioni su ISS"
ovos-skill-iss-location.openvoiceos,"about.intent","voglio informazioni su S S I"
ovos-skill-iss-location.openvoiceos,"about.intent","voglio informazioni su SSI"
ovos-skill-iss-location.openvoiceos,"about.intent","voglio informazioni su stazione spaziale"
ovos-skill-iss-location.openvoiceos,"about.intent","voglio informazioni su stazione spaziale internazionale"
ovos-skill-iss-location.openvoiceos,"about.intent","voglio informazioni sull' I S S"
ovos-skill-iss-location.openvoiceos,"about.intent","voglio informazioni sull' ISS"
ovos-skill-iss-location.openvoiceos,"about.intent","voglio informazioni sull' S S I"
ovos-skill-iss-location.openvoiceos,"about.intent","voglio informazioni sull' SSI"
ovos-skill-iss-location.openvoiceos,"about.intent","voglio informazioni sull' stazione spaziale"
ovos-skill-iss-location.openvoiceos,"about.intent","voglio informazioni sull' stazione spaziale internazionale"
ovos-skill-iss-location.openvoiceos,"about.intent","voglio informazioni sulla I S S"
ovos-skill-iss-location.openvoiceos,"about.intent","voglio informazioni sulla ISS"
ovos-skill-iss-location.openvoiceos,"about.intent","voglio informazioni sulla S S I"
ovos-skill-iss-location.openvoiceos,"about.intent","voglio informazioni sulla SSI"
ovos-skill-iss-location.openvoiceos,"about.intent","voglio informazioni sulla stazione spaziale"
ovos-skill-iss-location.openvoiceos,"about.intent","voglio informazioni sulla stazione spaziale internazionale"
ovos-skill-laugh.openvoiceos,"haunted.intent","Hai bisogno di essere esorcizzato?"
ovos-skill-laugh.openvoiceos,"haunted.intent","Hai bisogno di un esorcismo?"
ovos-skill-laugh.openvoiceos,"haunted.intent","sei posseduta?"
ovos-skill-laugh.openvoiceos,"haunted.intent","sei posseduto?"
ovos-skill-laugh.openvoiceos,"Laugh.intent","puoi ridere?"
ovos-skill-laugh.openvoiceos,"Laugh.intent","ridi come alexa"
ovos-skill-laugh.openvoiceos,"Laugh.intent","ridi malvagia"
ovos-skill-laugh.openvoiceos,"Laugh.intent","ridi malvagie"
ovos-skill-laugh.openvoiceos,"Laugh.intent","risata malvagia"
ovos-skill-laugh.openvoiceos,"Laugh.intent","risata malvagie"
ovos-skill-laugh.openvoiceos,"Laugh.intent","risate malvagia"
ovos-skill-laugh.openvoiceos,"Laugh.intent","risate malvagie"
ovos-skill-laugh.openvoiceos,"RandomLaugh.intent","attiva risa a caso"
ovos-skill-laugh.openvoiceos,"RandomLaugh.intent","attiva risata a caso"
ovos-skill-laugh.openvoiceos,"RandomLaugh.intent","attiva risate a caso"
ovos-skill-laugh.openvoiceos,"RandomLaugh.intent","ridi a caso"
ovos-skill-laugh.openvoiceos,"RandomLaugh.intent","risata a caso"
ovos-skill-laugh.openvoiceos,"RandomLaugh.intent","risate a caso"
ovos-skill-personal.OpenVoiceOS,"WhoAreYou.intent","chi sei"
ovos-skill-personal.OpenVoiceOS,"WhenWereYouBorn.intent","quando sei nata"
ovos-skill-personal.OpenVoiceOS,"WhenWereYouBorn.intent","quando sei nato"
ovos-skill-personal.OpenVoiceOS,"WhenWereYouBorn.intent","quando sei stata creata"
ovos-skill-personal.OpenVoiceOS,"WhenWereYouBorn.intent","quando sei stata creato"
ovos-skill-personal.OpenVoiceOS,"WhenWereYouBorn.intent","quando sei stata fatta"
ovos-skill-personal.OpenVoiceOS,"WhenWereYouBorn.intent","quando sei stata fatto"
ovos-skill-personal.OpenVoiceOS,"WhenWereYouBorn.intent","quando sei stata inventata"
ovos-skill-personal.OpenVoiceOS,"WhenWereYouBorn.intent","quando sei stata inventato"
ovos-skill-personal.OpenVoiceOS,"WhenWereYouBorn.intent","quando sei stata progettata"
ovos-skill-personal.OpenVoiceOS,"WhenWereYouBorn.intent","quando sei stata progettato"
ovos-skill-personal.OpenVoiceOS,"WhenWereYouBorn.intent","quando sei stata programmata"
ovos-skill-personal.OpenVoiceOS,"WhenWereYouBorn.intent","quando sei stata programmato"
ovos-skill-personal.OpenVoiceOS,"WhenWereYouBorn.intent","quando sei stato creata"
ovos-skill-personal.OpenVoiceOS,"WhenWereYouBorn.intent","quando sei stato creato"
ovos-skill-personal.OpenVoiceOS,"WhenWereYouBorn.intent","quando sei stato fatta"
ovos-skill-personal.OpenVoiceOS,"WhenWereYouBorn.intent","quando sei stato fatto"
ovos-skill-personal.OpenVoiceOS,"WhenWereYouBorn.intent","quando sei stato inventata"
ovos-skill-personal.OpenVoiceOS,"WhenWereYouBorn.intent","quando sei stato inventato"
ovos-skill-personal.OpenVoiceOS,"WhenWereYouBorn.intent","quando sei stato progettata"
ovos-skill-personal.OpenVoiceOS,"WhenWereYouBorn.intent","quando sei stato progettato"
ovos-skill-personal.OpenVoiceOS,"WhenWereYouBorn.intent","quando sei stato programmata"
ovos-skill-personal.OpenVoiceOS,"WhenWereYouBorn.intent","quando sei stato programmato"
ovos-skill-personal.OpenVoiceOS,"WhatAreYou.intent","che cosa sei"
ovos-skill-personal.OpenVoiceOS,"WhoMadeYou.intent","chi ti ha costruita"
ovos-skill-personal.OpenVoiceOS,"WhoMadeYou.intent","chi ti ha costruito"
ovos-skill-personal.OpenVoiceOS,"WhoMadeYou.intent","chi ti ha creata"
ovos-skill-personal.OpenVoiceOS,"WhoMadeYou.intent","chi ti ha creato"
ovos-skill-personal.OpenVoiceOS,"WhoMadeYou.intent","chi ti ha fatta"
ovos-skill-personal.OpenVoiceOS,"WhoMadeYou.intent","chi ti ha fatto"
ovos-skill-personal.OpenVoiceOS,"WhoMadeYou.intent","chi ti ha inventata"
ovos-skill-personal.OpenVoiceOS,"WhoMadeYou.intent","chi ti ha inventato"
ovos-skill-personal.OpenVoiceOS,"WhoMadeYou.intent","chi ti ha progettata"
ovos-skill-personal.OpenVoiceOS,"WhoMadeYou.intent","chi ti ha progettato"
ovos-skill-personal.OpenVoiceOS,"WhoMadeYou.intent","chi ti ha programmata"
ovos-skill-personal.OpenVoiceOS,"WhoMadeYou.intent","chi ti ha programmato"
ovos-skill-personal.OpenVoiceOS,"WhoMadeYou.intent","da chi sei stata costruita"
ovos-skill-personal.OpenVoiceOS,"WhoMadeYou.intent","da chi sei stata costruito"
ovos-skill-personal.OpenVoiceOS,"WhoMadeYou.intent","da chi sei stata creata"
ovos-skill-personal.OpenVoiceOS,"WhoMadeYou.intent","da chi sei stata creato"
ovos-skill-personal.OpenVoiceOS,"WhoMadeYou.intent","da chi sei stata fatta"
ovos-skill-personal.OpenVoiceOS,"WhoMadeYou.intent","da chi sei stata fatto"
ovos-skill-personal.OpenVoiceOS,"WhoMadeYou.intent","da chi sei stata inventata"
ovos-skill-personal.OpenVoiceOS,"WhoMadeYou.intent","da chi sei stata inventato"
ovos-skill-personal.OpenVoiceOS,"WhoMadeYou.intent","da chi sei stata progettata"
ovos-skill-personal.OpenVoiceOS,"WhoMadeYou.intent","da chi sei stata progettato"
ovos-skill-personal.OpenVoiceOS,"WhoMadeYou.intent","da chi sei stata programmata"
ovos-skill-personal.OpenVoiceOS,"WhoMadeYou.intent","da chi sei stata programmato"
ovos-skill-personal.OpenVoiceOS,"WhoMadeYou.intent","da chi sei stato costruita"
ovos-skill-personal.OpenVoiceOS,"WhoMadeYou.intent","da chi sei stato costruito"
ovos-skill-personal.OpenVoiceOS,"WhoMadeYou.intent","da chi sei stato creata"
ovos-skill-personal.OpenVoiceOS,"WhoMadeYou.intent","da chi sei stato creato"
ovos-skill-personal.OpenVoiceOS,"WhoMadeYou.intent","da chi sei stato fatta"
ovos-skill-personal.OpenVoiceOS,"WhoMadeYou.intent","da chi sei stato fatto"
ovos-skill-personal.OpenVoiceOS,"WhoMadeYou.intent","da chi sei stato inventata"
ovos-skill-personal.OpenVoiceOS,"WhoMadeYou.intent","da chi sei stato inventato"
ovos-skill-personal.OpenVoiceOS,"WhoMadeYou.intent","da chi sei stato progettata"
ovos-skill-personal.OpenVoiceOS,"WhoMadeYou.intent","da chi sei stato progettato"
ovos-skill-personal.OpenVoiceOS,"WhoMadeYou.intent","da chi sei stato programmata"
ovos-skill-personal.OpenVoiceOS,"WhoMadeYou.intent","da chi sei stato programmato"
ovos-skill-personal.OpenVoiceOS,"WhereWereYouBorn.intent","dove sei nata"
ovos-skill-personal.OpenVoiceOS,"WhereWereYouBorn.intent","dove sei nato"
ovos-skill-personal.OpenVoiceOS,"WhereWereYouBorn.intent","dove sei stata creata"
ovos-skill-personal.OpenVoiceOS,"WhereWereYouBorn.intent","dove sei stata creato"
ovos-skill-personal.OpenVoiceOS,"WhereWereYouBorn.intent","dove sei stata fatta"
ovos-skill-personal.OpenVoiceOS,"WhereWereYouBorn.intent","dove sei stata fatto"
ovos-skill-personal.OpenVoiceOS,"WhereWereYouBorn.intent","dove sei stata inventata"
ovos-skill-personal.OpenVoiceOS,"WhereWereYouBorn.intent","dove sei stata inventato"
ovos-skill-personal.OpenVoiceOS,"WhereWereYouBorn.intent","dove sei stata progettata"
ovos-skill-personal.OpenVoiceOS,"WhereWereYouBorn.intent","dove sei stata progettato"
ovos-skill-personal.OpenVoiceOS,"WhereWereYouBorn.intent","dove sei stata programmata"
ovos-skill-personal.OpenVoiceOS,"WhereWereYouBorn.intent","dove sei stata programmato"
ovos-skill-personal.OpenVoiceOS,"WhereWereYouBorn.intent","dove sei stato creata"
ovos-skill-personal.OpenVoiceOS,"WhereWereYouBorn.intent","dove sei stato creato"
ovos-skill-personal.OpenVoiceOS,"WhereWereYouBorn.intent","dove sei stato fatta"
ovos-skill-personal.OpenVoiceOS,"WhereWereYouBorn.intent","dove sei stato fatto"
ovos-skill-personal.OpenVoiceOS,"WhereWereYouBorn.intent","dove sei stato inventata"
ovos-skill-personal.OpenVoiceOS,"WhereWereYouBorn.intent","dove sei stato inventato"
ovos-skill-personal.OpenVoiceOS,"WhereWereYouBorn.intent","dove sei stato progettata"
ovos-skill-personal.OpenVoiceOS,"WhereWereYouBorn.intent","dove sei stato progettato"
ovos-skill-personal.OpenVoiceOS,"WhereWereYouBorn.intent","dove sei stato programmata"
ovos-skill-personal.OpenVoiceOS,"WhereWereYouBorn.intent","dove sei stato programmato"
ovos-skill-spotify.openvoiceos,"StopMusic.intent","ferma"
ovos-skill-spotify.openvoiceos,"StopMusic.intent","ferma  musica"
ovos-skill-spotify.openvoiceos,"StopMusic.intent","ferma  spotify"
ovos-skill-spotify.openvoiceos,"StopMusic.intent","ferma la"
ovos-skill-spotify.openvoiceos,"StopMusic.intent","ferma la musica"
ovos-skill-spotify.openvoiceos,"StopMusic.intent","ferma la spotify"
ovos-skill-spotify.openvoiceos,"StopMusic.intent","spegni"
ovos-skill-spotify.openvoiceos,"StopMusic.intent","spegni  musica"
ovos-skill-spotify.openvoiceos,"StopMusic.intent","spegni  spotify"
ovos-skill-spotify.openvoiceos,"StopMusic.intent","spegni la"
ovos-skill-spotify.openvoiceos,"StopMusic.intent","spegni la musica"
ovos-skill-spotify.openvoiceos,"StopMusic.intent","spegni la spotify"
ovos-skill-spotify.openvoiceos,"StopMusic.intent","stop"
ovos-skill-spotify.openvoiceos,"StopMusic.intent","stop  musica"
ovos-skill-spotify.openvoiceos,"StopMusic.intent","stop  spotify"
ovos-skill-spotify.openvoiceos,"StopMusic.intent","stop la"
ovos-skill-spotify.openvoiceos,"StopMusic.intent","stop la musica"
ovos-skill-spotify.openvoiceos,"StopMusic.intent","stop la spotify"
ovos-skill-spotify.openvoiceos,"WhatArtist.intent","chi stiamo ascoltando"
ovos-skill-spotify.openvoiceos,"WhatArtist.intent","chi sto ascoltando"
ovos-skill-spotify.openvoiceos,"WhatArtist.intent","chi è l'artista"
ovos-skill-spotify.openvoiceos,"WhatArtist.intent","chi sta suonando"
ovos-skill-spotify.openvoiceos,"WhatArtist.intent","chi sta suonando questa"
ovos-skill-spotify.openvoiceos,"WhatArtist.intent","che band è questa"
ovos-skill-spotify.openvoiceos,"WhatArtist.intent","che band sta suonando"
ovos-skill-spotify.openvoiceos,"WhatArtist.intent","che band stiamo ascoltando"
ovos-skill-spotify.openvoiceos,"WhatArtist.intent","che artista è questo"
ovos-skill-spotify.openvoiceos,"WhatAlbum.intent","che album è quella"
ovos-skill-spotify.openvoiceos,"WhatAlbum.intent","che album è quello"
ovos-skill-spotify.openvoiceos,"WhatAlbum.intent","che album è questa"
ovos-skill-spotify.openvoiceos,"WhatAlbum.intent","che album è questo"
ovos-skill-spotify.openvoiceos,"WhatAlbum.intent","che cd è quella"
ovos-skill-spotify.openvoiceos,"WhatAlbum.intent","che cd è quello"
ovos-skill-spotify.openvoiceos,"WhatAlbum.intent","che cd è questa"
ovos-skill-spotify.openvoiceos,"WhatAlbum.intent","che cd è questo"
ovos-skill-spotify.openvoiceos,"WhatAlbum.intent","che lp è quella"
ovos-skill-spotify.openvoiceos,"WhatAlbum.intent","che lp è quello"
ovos-skill-spotify.openvoiceos,"WhatAlbum.intent","che lp è questa"
ovos-skill-spotify.openvoiceos,"WhatAlbum.intent","che lp è questo"
ovos-skill-spotify.openvoiceos,"WhatAlbum.intent","che registrazione è quella"
ovos-skill-spotify.openvoiceos,"WhatAlbum.intent","che registrazione è quello"
ovos-skill-spotify.openvoiceos,"WhatAlbum.intent","che registrazione è questa"
ovos-skill-spotify.openvoiceos,"WhatAlbum.intent","che registrazione è questo"
ovos-skill-spotify.openvoiceos,"WhatAlbum.intent","che album è questo"
ovos-skill-spotify.openvoiceos,"WhatAlbum.intent","che cd è questo"
ovos-skill-spotify.openvoiceos,"WhatAlbum.intent","che lp è questo"
ovos-skill-spotify.openvoiceos,"WhatAlbum.intent","che registrazione è questo"
ovos-skill-spotify.openvoiceos,"WhatSong.intent","cosa sta suonando"
ovos-skill-spotify.openvoiceos,"WhatSong.intent","dimmi cosa sta suonando"
ovos-skill-spotify.openvoiceos,"WhatSong.intent","cosa stiamo ascoltando"
ovos-skill-spotify.openvoiceos,"WhatSong.intent","cosa sto ascoltando"
ovos-skill-spotify.openvoiceos,"WhatSong.intent","che canzone è questa"
ovos-skill-spotify.openvoiceos,"WhatSong.intent","che canzone è"
ovos-skill-spotify.openvoiceos,"WhatSong.intent","dimmi che canzone è"
ovos-skill-spotify.openvoiceos,"ShuffleOff.intent","disabilita riproduzione casuale di spotify"
ovos-skill-spotify.openvoiceos,"ShuffleOff.intent","disattiva riproduzione casuale di spotify"
ovos-skill-spotify.openvoiceos,"ShuffleOff.intent","rimuovi riproduzione casuale di spotify"
ovos-skill-spotify.openvoiceos,"ShuffleOff.intent","spegni riproduzione casuale di spotify"
ovos-skill-spotify.openvoiceos,"ShuffleOff.intent","impostare spotify  shuffling off"
ovos-skill-spotify.openvoiceos,"ShuffleOff.intent","impostare spotify shuffle  off"
ovos-skill-spotify.openvoiceos,"ShuffleOn.intent","abilita spotify shuffle"
ovos-skill-spotify.openvoiceos,"ShuffleOn.intent","abilita spotify shuffle on"
ovos-skill-spotify.openvoiceos,"ShuffleOn.intent","abilita spotify shuffling"
ovos-skill-spotify.openvoiceos,"ShuffleOn.intent","abilita spotify shuffling on"
ovos-skill-spotify.openvoiceos,"ShuffleOn.intent","attiva spotify shuffle"
ovos-skill-spotify.openvoiceos,"ShuffleOn.intent","attiva spotify shuffle on"
ovos-skill-spotify.openvoiceos,"ShuffleOn.intent","attiva spotify shuffling"
ovos-skill-spotify.openvoiceos,"ShuffleOn.intent","attiva spotify shuffling on"
ovos-skill-spotify.openvoiceos,"ShuffleOn.intent","imposta spotify shuffle"
ovos-skill-spotify.openvoiceos,"ShuffleOn.intent","imposta spotify shuffle on"
ovos-skill-spotify.openvoiceos,"ShuffleOn.intent","imposta spotify shuffling"
ovos-skill-spotify.openvoiceos,"ShuffleOn.intent","imposta spotify shuffling on"
ovos-skill-wikihow.openvoiceos,"wikihow.intent","cerca su wiki how  {query}"
ovos-skill-wikihow.openvoiceos,"wikihow.intent","cerca su wiki how per {query}"
ovos-skill-wikihow.openvoiceos,"wikihow.intent","cerca su wikihow  {query}"
ovos-skill-wikihow.openvoiceos,"wikihow.intent","cerca su wikihow per {query}"
ovos-skill-wikihow.openvoiceos,"wikihow.intent","cosa dice wiki how su gli {query}"
ovos-skill-wikihow.openvoiceos,"wikihow.intent","cosa dice wiki how su i {query}"
ovos-skill-wikihow.openvoiceos,"wikihow.intent","cosa dice wiki how su il {query}"
ovos-skill-wikihow.openvoiceos,"wikihow.intent","cosa dice wiki how su l' {query}"
ovos-skill-wikihow.openvoiceos,"wikihow.intent","cosa dice wiki how su la {query}"
ovos-skill-wikihow.openvoiceos,"wikihow.intent","cosa dice wiki how su le {query}"
ovos-skill-wikihow.openvoiceos,"wikihow.intent","cosa dice wiki how su lo {query}"
ovos-skill-wikihow.openvoiceos,"wikihow.intent","cosa dice wiki how su {query}"
ovos-skill-wikihow.openvoiceos,"wikihow.intent","cosa dice wiki how sugli {query}"
ovos-skill-wikihow.openvoiceos,"wikihow.intent","cosa dice wiki how sui {query}"
ovos-skill-wikihow.openvoiceos,"wikihow.intent","cosa dice wiki how sul {query}"
ovos-skill-wikihow.openvoiceos,"wikihow.intent","cosa dice wiki how sull' {query}"
ovos-skill-wikihow.openvoiceos,"wikihow.intent","cosa dice wiki how sulla {query}"
ovos-skill-wikihow.openvoiceos,"wikihow.intent","cosa dice wiki how sulle {query}"
ovos-skill-wikihow.openvoiceos,"wikihow.intent","cosa dice wiki how sullo {query}"
ovos-skill-wikihow.openvoiceos,"wikihow.intent","cosa dice wikihow su gli {query}"
ovos-skill-wikihow.openvoiceos,"wikihow.intent","cosa dice wikihow su i {query}"
ovos-skill-wikihow.openvoiceos,"wikihow.intent","cosa dice wikihow su il {query}"
ovos-skill-wikihow.openvoiceos,"wikihow.intent","cosa dice wikihow su l' {query}"
ovos-skill-wikihow.openvoiceos,"wikihow.intent","cosa dice wikihow su la {query}"
ovos-skill-wikihow.openvoiceos,"wikihow.intent","cosa dice wikihow su le {query}"
ovos-skill-wikihow.openvoiceos,"wikihow.intent","cosa dice wikihow su lo {query}"
ovos-skill-wikihow.openvoiceos,"wikihow.intent","cosa dice wikihow su {query}"
ovos-skill-wikihow.openvoiceos,"wikihow.intent","cosa dice wikihow sugli {query}"
ovos-skill-wikihow.openvoiceos,"wikihow.intent","cosa dice wikihow sui {query}"
ovos-skill-wikihow.openvoiceos,"wikihow.intent","cosa dice wikihow sul {query}"
ovos-skill-wikihow.openvoiceos,"wikihow.intent","cosa dice wikihow sull' {query}"
ovos-skill-wikihow.openvoiceos,"wikihow.intent","cosa dice wikihow sulla {query}"
ovos-skill-wikihow.openvoiceos,"wikihow.intent","cosa dice wikihow sulle {query}"
ovos-skill-wikihow.openvoiceos,"wikihow.intent","cosa dice wikihow sullo {query}"
ovos-skill-wikihow.openvoiceos,"wikihow.intent","cosa pensa wiki how su gli {query}"
ovos-skill-wikihow.openvoiceos,"wikihow.intent","cosa pensa wiki how su i {query}"
ovos-skill-wikihow.openvoiceos,"wikihow.intent","cosa pensa wiki how su il {query}"
ovos-skill-wikihow.openvoiceos,"wikihow.intent","cosa pensa wiki how su l' {query}"
ovos-skill-wikihow.openvoiceos,"wikihow.intent","cosa pensa wiki how su la {query}"
ovos-skill-wikihow.openvoiceos,"wikihow.intent","cosa pensa wiki how su le {query}"
ovos-skill-wikihow.openvoiceos,"wikihow.intent","cosa pensa wiki how su lo {query}"
ovos-skill-wikihow.openvoiceos,"wikihow.intent","cosa pensa wiki how su {query}"
ovos-skill-wikihow.openvoiceos,"wikihow.intent","cosa pensa wiki how sugli {query}"
ovos-skill-wikihow.openvoiceos,"wikihow.intent","cosa pensa wiki how sui {query}"
ovos-skill-wikihow.openvoiceos,"wikihow.intent","cosa pensa wiki how sul {query}"
ovos-skill-wikihow.openvoiceos,"wikihow.intent","cosa pensa wiki how sull' {query}"
ovos-skill-wikihow.openvoiceos,"wikihow.intent","cosa pensa wiki how sulla {query}"
ovos-skill-wikihow.openvoiceos,"wikihow.intent","cosa pensa wiki how sulle {query}"
ovos-skill-wikihow.openvoiceos,"wikihow.intent","cosa pensa wiki how sullo {query}"
ovos-skill-wikihow.openvoiceos,"wikihow.intent","cosa pensa wikihow su gli {query}"
ovos-skill-wikihow.openvoiceos,"wikihow.intent","cosa pensa wikihow su i {query}"
ovos-skill-wikihow.openvoiceos,"wikihow.intent","cosa pensa wikihow su il {query}"
ovos-skill-wikihow.openvoiceos,"wikihow.intent","cosa pensa wikihow su l' {query}"
ovos-skill-wikihow.openvoiceos,"wikihow.intent","cosa pensa wikihow su la {query}"
ovos-skill-wikihow.openvoiceos,"wikihow.intent","cosa pensa wikihow su le {query}"
ovos-skill-wikihow.openvoiceos,"wikihow.intent","cosa pensa wikihow su lo {query}"
ovos-skill-wikihow.openvoiceos,"wikihow.intent","cosa pensa wikihow su {query}"
ovos-skill-wikihow.openvoiceos,"wikihow.intent","cosa pensa wikihow sugli {query}"
ovos-skill-wikihow.openvoiceos,"wikihow.intent","cosa pensa wikihow sui {query}"
ovos-skill-wikihow.openvoiceos,"wikihow.intent","cosa pensa wikihow sul {query}"
ovos-skill-wikihow.openvoiceos,"wikihow.intent","cosa pensa wikihow sull' {query}"
ovos-skill-wikihow.openvoiceos,"wikihow.intent","cosa pensa wikihow sulla {query}"
ovos-skill-wikihow.openvoiceos,"wikihow.intent","cosa pensa wikihow sulle {query}"
ovos-skill-wikihow.openvoiceos,"wikihow.intent","cosa pensa wikihow sullo {query}"
ovos-skill-wikihow.openvoiceos,"howto.intent","mostra passo dopo passo {query}"
ovos-skill-wikihow.openvoiceos,"howto.intent","mostra step by step {query}"
ovos-skill-wikihow.openvoiceos,"howto.intent","passo dopo passo {query}"
ovos-skill-wikihow.openvoiceos,"howto.intent","spiega passo dopo passo {query}"
ovos-skill-wikihow.openvoiceos,"howto.intent","spiega step by step {query}"
ovos-skill-wikihow.openvoiceos,"howto.intent","step by step {query}"
ovos-skill-wikihow.openvoiceos,"howto.intent","come faccio a {query}"
ovos-skill-wikihow.openvoiceos,"howto.intent","come faccio {query}"
ovos-skill-wikihow.openvoiceos,"howto.intent","come fare a {query}"
ovos-skill-wikihow.openvoiceos,"howto.intent","come fare {query}"
ovos-skill-wikihow.openvoiceos,"howto.intent","come posso   {query}"
ovos-skill-wikihow.openvoiceos,"howto.intent","come posso fare a {query}"
ovos-skill-wikihow.openvoiceos,"howto.intent","come posso fare {query}"
ovos-skill-wikihow.openvoiceos,"howto.intent","come poter   {query}"
ovos-skill-wikihow.openvoiceos,"howto.intent","come poter fare a {query}"
ovos-skill-wikihow.openvoiceos,"howto.intent","come poter fare {query}"
ovos-skill-wikihow.openvoiceos,"howto.intent","come potere   {query}"
ovos-skill-wikihow.openvoiceos,"howto.intent","come potere fare a {query}"
ovos-skill-wikihow.openvoiceos,"howto.intent","come potere fare {query}"
ovos-skill-wikihow.openvoiceos,"howto.intent","come {query}"
ovos-skill-wikihow.openvoiceos,"howto.intent","passaggi per {query}"
ovos-skill-wordnet.openvoiceos,"definition.intent","qual è la definizione di {query}"
ovos-skill-wordnet.openvoiceos,"definition.intent","che cosa è un {query}"
ovos-skill-wordnet.openvoiceos,"hypernym.intent","che cosa è un ipernimo di {query}"
ovos-skill-wordnet.openvoiceos,"hypernym.intent","qual è l'ipernimo di {query}"
ovos-skill-wordnet.openvoiceos,"hypernym.intent","quali sono gli ipernimi di {query}"
ovos-skill-wordnet.openvoiceos,"search_wordnet.intent","chiedere wordnet su {query}"
ovos-skill-wordnet.openvoiceos,"search_wordnet.intent","ricerca wordnet per {query}"
ovos-skill-wordnet.openvoiceos,"search_wordnet.intent","che cosa dice wordnet su {query}"
ovos-skill-wordnet.openvoiceos,"search_wordnet.intent","che cosa dice net su {query}"
ovos-skill-wordnet.openvoiceos,"search_wordnet.intent","chiedere parola net su {query}"
ovos-skill-wordnet.openvoiceos,"search_wordnet.intent","parola di ricerca net per {query}"
ovos-skill-wordnet.openvoiceos,"antonym.intent","quali sono gli antoni di {query}"
ovos-skill-wordnet.openvoiceos,"antonym.intent","qual è l'anonimo di {query}"
ovos-skill-wordnet.openvoiceos,"antonym.intent","che cosa è un antonym di {query}"
ovos-skill-wordnet.openvoiceos,"holonym.intent","quali sono gli oloni di {query}"
ovos-skill-wordnet.openvoiceos,"holonym.intent","qual è l'omonimo di {query}"
ovos-skill-wordnet.openvoiceos,"holonym.intent","che cosa è un omonimo di {query}"
ovos-skill-wordnet.openvoiceos,"lemma.intent","quali sono i lemmi di {query}"
ovos-skill-wordnet.openvoiceos,"lemma.intent","che cosa è un lemma di {query}"
ovos-skill-wordnet.openvoiceos,"lemma.intent","che cosa è il lemma di {query}"
ovos-skill-wordnet.openvoiceos,"hyponym.intent","che cosa è un iponimo di {query}"
ovos-skill-wordnet.openvoiceos,"hyponym.intent","quali sono gli ionimi di {query}"
ovos-skill-wordnet.openvoiceos,"hyponym.intent","qual è l'iponimo di {query}"
skill-ovos-audio-recording.openvoiceos,"start_recording.intent","nuova registrazione chiamata {name}"
skill-ovos-audio-recording.openvoiceos,"start_recording.intent","avviare la registrazione audio"
skill-ovos-audio-recording.openvoiceos,"start_recording.intent","avviare la registrazione"
skill-ovos-audio-recording.openvoiceos,"start_recording.intent","attivare la registrazione audio con il titolo {name}"
skill-ovos-audio-recording.openvoiceos,"start_recording.intent","avviare la registrazione audio {name}"
skill-ovos-audio-recording.openvoiceos,"start_recording.intent","avviare una nuova registrazione audio chiamata {name}"
skill-ovos-audio-recording.openvoiceos,"start_recording.intent","avviare una nuova registrazione audio"
skill-ovos-audio-recording.openvoiceos,"start_recording.intent","registrazione audio ora"
skill-ovos-audio-recording.openvoiceos,"start_recording.intent","iniziare a registrare"
skill-ovos-audio-recording.openvoiceos,"start_recording.intent","registrazione audio ora con il nome {name}"
skill-ovos-audio-recording.openvoiceos,"start_recording.intent","avviare la registrazione ora"
skill-ovos-audio-recording.openvoiceos,"start_recording.intent","avviare una registrazione"
skill-ovos-audio-recording.openvoiceos,"start_recording.intent","avviare l'operazione di registrazione audio chiamato {name}"
skill-ovos-audio-recording.openvoiceos,"start_recording.intent","nuova registrazione"
skill-ovos-audio-recording.openvoiceos,"start_recording.intent","attiva la registrazione audio chiamata {name}"
skill-ovos-audio-recording.openvoiceos,"start_recording.intent","avviare l'operazione di registrazione audio come {name}"
skill-ovos-audio-recording.openvoiceos,"start_recording.intent","inizio sessione di registrazione"
skill-ovos-audio-recording.openvoiceos,"start_recording.intent","avviare una nuova registrazione con il titolo {name}"
skill-ovos-audio-recording.openvoiceos,"start_recording.intent","avviare la registrazione audio ora"
skill-ovos-audio-recording.openvoiceos,"start_recording.intent","iniziare la registrazione con il nome {name}"
skill-ovos-audio-recording.openvoiceos,"start_recording.intent","avviare una registrazione audio"
skill-ovos-audio-recording.openvoiceos,"start_recording.intent","avviare una nuova registrazione chiamata {name}"
skill-ovos-audio-recording.openvoiceos,"start_recording.intent","inizio registrazione"
skill-ovos-audio-recording.openvoiceos,"start_recording.intent","iniziare l'acquisizione audio intitolato {name}"
skill-ovos-audio-recording.openvoiceos,"start_recording.intent","avviare la registrazione audio per favore"
skill-ovos-audio-recording.openvoiceos,"start_recording.intent","procedere con la registrazione"
skill-ovos-audio-recording.openvoiceos,"start_recording.intent","inizio registrazione audio chiamato {name}"
skill-ovos-audio-recording.openvoiceos,"start_recording.intent","avviare la registrazione subito"
skill-ovos-audio-recording.openvoiceos,"start_recording.intent","registrazione audio"
skill-ovos-audio-recording.openvoiceos,"start_recording.intent","inizializzare la registrazione intitolata {name}"
skill-ovos-audio-recording.openvoiceos,"start_recording.intent","inizio registrazione audio {nome}"
skill-ovos-audio-recording.openvoiceos,"start_recording.intent","registrazione audio come {name}"
skill-ovos-audio-recording.openvoiceos,"start_recording.intent","iniziare la registrazione chiamata {name}"
skill-ovos-audio-recording.openvoiceos,"start_recording.intent","avviare la registrazione audio chiamato {name}"
skill-ovos-audio-recording.openvoiceos,"start_recording.intent","avviare una registrazione chiamata {name}"
skill-ovos-audio-recording.openvoiceos,"start_recording.intent","avviare l'operazione di registrazione audio"
skill-ovos-audio-recording.openvoiceos,"start_recording.intent","avviare la registrazione audio per favore chiamato {name}"
skill-ovos-audio-recording.openvoiceos,"start_recording.intent","impostare una nuova registrazione chiamata {name}"
skill-ovos-audio-recording.openvoiceos,"start_recording.intent","iniziare a registrare {name}"
skill-ovos-audio-recording.openvoiceos,"start_recording.intent","avviare una nuova registrazione"
skill-ovos-audio-recording.openvoiceos,"start_recording.intent","avviare la registrazione chiamata {name}"
skill-ovos-audio-recording.openvoiceos,"start_recording.intent","avviare la registrazione denominata {nome"
skill-ovos-audio-recording.openvoiceos,"start_recording.intent","avviare la registrazione immediatamente come {name}"
skill-ovos-audio-recording.openvoiceos,"start_recording.intent","avviare la registrazione audio con il nome {name}"
skill-ovos-audio-recording.openvoiceos,"start_recording.intent","registrare un nuovo file audio chiamato {name}"
skill-ovos-audio-recording.openvoiceos,"start_recording.intent","avviare la registrazione per favore"
skill-ovos-audio-recording.openvoiceos,"start_recording.intent","avviare la registrazione per favore come {name}"
skill-ovos-audio-recording.openvoiceos,"start_recording.intent","avviare la registrazione sotto il nome {name}"
skill-ovos-audio-recording.openvoiceos,"start_recording.intent","avviare una registrazione audio chiamata {name}"
skill-ovos-audio-recording.openvoiceos,"start_recording.intent","inizio registrazione audio"
skill-ovos-audio-recording.openvoiceos,"start_recording.intent","stabilire la registrazione denominata {name}"
skill-ovos-audio-recording.openvoiceos,"start_recording.intent","audio di registrazione chiamato {name}"
skill-ovos-audio-recording.openvoiceos,"start_recording.intent","inizio sessione di registrazione chiamata {name}"
skill-ovos-audio-recording.openvoiceos,"start_recording.intent","inizio cattura audio chiamato {name}"
skill-ovos-audio-recording.openvoiceos,"start_recording.intent","iniziare la cattura audio come {name}"
skill-ovos-audio-recording.openvoiceos,"start_recording.intent","avviare la registrazione audio ora come {name}"
skill-ovos-audio-recording.openvoiceos,"start_recording.intent","avviare la registrazione audio ora chiamato {name}"
skill-ovos-audio-recording.openvoiceos,"start_recording.intent","avviare la registrazione per favore chiamato {name}"
skill-ovos-audio-recording.openvoiceos,"start_recording.intent","inizializzare la registrazione"
skill-ovos-audio-recording.openvoiceos,"start_recording.intent","registrare un nuovo file audio"
skill-ovos-audio-recording.openvoiceos,"start_recording.intent","inizio registrazione audio intitolato {name}"
skill-ovos-audio-recording.openvoiceos,"start_recording.intent","avviare la registrazione {nome}"
skill-ovos-audio-recording.openvoiceos,"start_recording.intent","attivare la registrazione audio"
skill-ovos-audio-recording.openvoiceos,"start_recording.intent","avviare la registrazione ora come {name}"
skill-ovos-audio-recording.openvoiceos,"start_recording.intent","avviare la registrazione ora denominata {name}"
skill-ovos-audio-recording.openvoiceos,"start_recording.intent","inizio cattura audio"
skill-ovos-audio-recording.openvoiceos,"start_recording.intent","avviare la registrazione audio per favore come {name}"
skill-ovos-audio-recording.openvoiceos,"start_recording.intent","attivare la registrazione audio come {name}"
skill-ovos-audio-recording.openvoiceos,"start_recording.intent","avviare una nuova registrazione audio denominata {name}"
skill-ovos-boot-finished.openvoiceos,"disable_ready_notification.intent","disabilita le notifiche al caricamento"
skill-ovos-boot-finished.openvoiceos,"disable_ready_notification.intent","disabilita le notifiche al riavvio"
skill-ovos-boot-finished.openvoiceos,"disable_ready_notification.intent","disabilita le notifiche all'accensione"
skill-ovos-boot-finished.openvoiceos,"disable_ready_notification.intent","disabilita le notifiche all'avvio"
skill-ovos-boot-finished.openvoiceos,"disable_ready_notification.intent","disattiva le notifiche al caricamento"
skill-ovos-boot-finished.openvoiceos,"disable_ready_notification.intent","disattiva le notifiche al riavvio"
skill-ovos-boot-finished.openvoiceos,"disable_ready_notification.intent","disattiva le notifiche all'accensione"
skill-ovos-boot-finished.openvoiceos,"disable_ready_notification.intent","disattiva le notifiche all'avvio"
skill-ovos-boot-finished.openvoiceos,"disable_ready_notification.intent","rimuovi le notifiche al caricamento"
skill-ovos-boot-finished.openvoiceos,"disable_ready_notification.intent","rimuovi le notifiche al riavvio"
skill-ovos-boot-finished.openvoiceos,"disable_ready_notification.intent","rimuovi le notifiche all'accensione"
skill-ovos-boot-finished.openvoiceos,"disable_ready_notification.intent","rimuovi le notifiche all'avvio"
skill-ovos-boot-finished.openvoiceos,"disable_ready_notification.intent","spegni le notifiche al caricamento"
skill-ovos-boot-finished.openvoiceos,"disable_ready_notification.intent","spegni le notifiche al riavvio"
skill-ovos-boot-finished.openvoiceos,"disable_ready_notification.intent","spegni le notifiche all'accensione"
skill-ovos-boot-finished.openvoiceos,"disable_ready_notification.intent","spegni le notifiche all'avvio"
skill-ovos-boot-finished.openvoiceos,"disable_ready_notification.intent","togli le notifiche al caricamento"
skill-ovos-boot-finished.openvoiceos,"disable_ready_notification.intent","togli le notifiche al riavvio"
skill-ovos-boot-finished.openvoiceos,"disable_ready_notification.intent","togli le notifiche all'accensione"
skill-ovos-boot-finished.openvoiceos,"disable_ready_notification.intent","togli le notifiche all'avvio"
skill-ovos-boot-finished.openvoiceos,"enable_ready_notification.intent","abilita le notifiche al caricamento"
skill-ovos-boot-finished.openvoiceos,"enable_ready_notification.intent","abilita le notifiche al riavvio"
skill-ovos-boot-finished.openvoiceos,"enable_ready_notification.intent","abilita le notifiche all'accensione"
skill-ovos-boot-finished.openvoiceos,"enable_ready_notification.intent","abilita le notifiche all'avvio"
skill-ovos-boot-finished.openvoiceos,"enable_ready_notification.intent","attiva le notifiche al caricamento"
skill-ovos-boot-finished.openvoiceos,"enable_ready_notification.intent","attiva le notifiche al riavvio"
skill-ovos-boot-finished.openvoiceos,"enable_ready_notification.intent","attiva le notifiche all'accensione"
skill-ovos-boot-finished.openvoiceos,"enable_ready_notification.intent","attiva le notifiche all'avvio"
skill-ovos-boot-finished.openvoiceos,"enable_ready_notification.intent","avvia le notifiche al caricamento"
skill-ovos-boot-finished.openvoiceos,"enable_ready_notification.intent","avvia le notifiche al riavvio"
skill-ovos-boot-finished.openvoiceos,"enable_ready_notification.intent","avvia le notifiche all'accensione"
skill-ovos-boot-finished.openvoiceos,"enable_ready_notification.intent","avvia le notifiche all'avvio"
skill-ovos-boot-finished.openvoiceos,"enable_ready_notification.intent","metti le notifiche al caricamento"
skill-ovos-boot-finished.openvoiceos,"enable_ready_notification.intent","metti le notifiche al riavvio"
skill-ovos-boot-finished.openvoiceos,"enable_ready_notification.intent","metti le notifiche all'accensione"
skill-ovos-boot-finished.openvoiceos,"enable_ready_notification.intent","metti le notifiche all'avvio"
skill-ovos-boot-finished.openvoiceos,"enable_ready_notification.intent","rimetti le notifiche al caricamento"
skill-ovos-boot-finished.openvoiceos,"enable_ready_notification.intent","rimetti le notifiche al riavvio"
skill-ovos-boot-finished.openvoiceos,"enable_ready_notification.intent","rimetti le notifiche all'accensione"
skill-ovos-boot-finished.openvoiceos,"enable_ready_notification.intent","rimetti le notifiche all'avvio"
skill-ovos-date-time.openvoiceos,"what.time.is.it.intent","che ora è?"
skill-ovos-date-time.openvoiceos,"what.time.is.it.intent","che ore sono?"
skill-ovos-date-time.openvoiceos,"what.time.is.it.intent","dammi l'ora"
skill-ovos-date-time.openvoiceos,"what.time.is.it.intent","mi dici l'ora?"
skill-ovos-date-time.openvoiceos,"date.future.weekend.intent","che data sarà il prossimo fine settimana"
skill-ovos-date-time.openvoiceos,"date.future.weekend.intent","che giorno cadrà il prossimo fine settimana?"
skill-ovos-date-time.openvoiceos,"date.future.weekend.intent","che giorno sarà il prossimo fine settimana"
skill-ovos-date-time.openvoiceos,"date.last.weekend.intent","che data era il fine settimana scorso?"
skill-ovos-date-time.openvoiceos,"date.last.weekend.intent","che giorno era il fine settimana scorso"
skill-ovos-date-time.openvoiceos,"what.time.will.it.be.intent","che ora sarà tra {offset} minuti"
skill-ovos-date-time.openvoiceos,"what.time.will.it.be.intent","che ora sarà tra {offset} minuti a {location}"
skill-ovos-date-time.openvoiceos,"what.time.will.it.be.intent","che ora sarà tra {offset} minuti in {location}"
skill-ovos-date-time.openvoiceos,"what.time.will.it.be.intent","che ora sarà tra {offset} minuto"
skill-ovos-date-time.openvoiceos,"what.time.will.it.be.intent","che ora sarà tra {offset} minuto a {location}"
skill-ovos-date-time.openvoiceos,"what.time.will.it.be.intent","che ora sarà tra {offset} minuto in {location}"
skill-ovos-date-time.openvoiceos,"what.time.will.it.be.intent","che ora sarà tra {offset} ora"
skill-ovos-date-time.openvoiceos,"what.time.will.it.be.intent","che ora sarà tra {offset} oraa {location}"
skill-ovos-date-time.openvoiceos,"what.time.will.it.be.intent","che ora sarà tra {offset} orain {location}"
skill-ovos-date-time.openvoiceos,"what.time.will.it.be.intent","che ora sarà tra {offset} ore"
skill-ovos-date-time.openvoiceos,"what.time.will.it.be.intent","che ora sarà tra {offset} orea {location}"
skill-ovos-date-time.openvoiceos,"what.time.will.it.be.intent","che ora sarà tra {offset} orein {location}"
skill-ovos-date-time.openvoiceos,"what.time.will.it.be.intent","che ora sarà tra {offset} secondi"
skill-ovos-date-time.openvoiceos,"what.time.will.it.be.intent","che ora sarà tra {offset} secondi a {location}"
skill-ovos-date-time.openvoiceos,"what.time.will.it.be.intent","che ora sarà tra {offset} secondi in {location}"
skill-ovos-date-time.openvoiceos,"what.time.will.it.be.intent","che ora sarà tra {offset} secondo"
skill-ovos-date-time.openvoiceos,"what.time.will.it.be.intent","che ora sarà tra {offset} secondo a {location}"
skill-ovos-date-time.openvoiceos,"what.time.will.it.be.intent","che ora sarà tra {offset} secondo in {location}"
skill-ovos-ddg.openvoiceos,"official_website.intent","qual è il sito  di {keyword}"
skill-ovos-ddg.openvoiceos,"official_website.intent","qual è il sito ufficiale di {keyword}"
skill-ovos-ddg.openvoiceos,"search_duck.intent","cerca con duck duck  {keyword}"
skill-ovos-ddg.openvoiceos,"search_duck.intent","cerca con duck duck go {keyword}"
skill-ovos-ddg.openvoiceos,"search_duck.intent","cerca su duck duck  {keyword}"
skill-ovos-ddg.openvoiceos,"search_duck.intent","cerca su duck duck go {keyword}"
skill-ovos-ddg.openvoiceos,"search_duck.intent","cerca {keyword} con duck duck"
skill-ovos-ddg.openvoiceos,"search_duck.intent","cerca {keyword} con duck duck go"
skill-ovos-ddg.openvoiceos,"search_duck.intent","cerca {keyword} su duck duck"
skill-ovos-ddg.openvoiceos,"search_duck.intent","cerca {keyword} su duck duck go"
skill-ovos-ddg.openvoiceos,"born.intent","quand'è il compleanno di {keyword}"
skill-ovos-ddg.openvoiceos,"born.intent","quando è il compleanno di {keyword}"
skill-ovos-ddg.openvoiceos,"born.intent","quand'è nata {keyword}"
skill-ovos-ddg.openvoiceos,"born.intent","quand'è nato {keyword}"
skill-ovos-ddg.openvoiceos,"born.intent","quando è nata {keyword}"
skill-ovos-ddg.openvoiceos,"born.intent","quando è nato {keyword}"
skill-ovos-ddg.openvoiceos,"who.intent","chi è {person}"
skill-ovos-hello-world.openvoiceos,"HowAreYou.intent","com'è stata la tua giornata"
skill-ovos-hello-world.openvoiceos,"HowAreYou.intent","come  stai"
skill-ovos-hello-world.openvoiceos,"HowAreYou.intent","come sei stato"
skill-ovos-hello-world.openvoiceos,"HowAreYou.intent","come sta andando"
skill-ovos-hello-world.openvoiceos,"HowAreYou.intent","come stai"
skill-ovos-hello-world.openvoiceos,"HowAreYou.intent","come va"
skill-ovos-hello-world.openvoiceos,"HowAreYou.intent","come è andata la tua giornata"
skill-ovos-hello-world.openvoiceos,"HowAreYou.intent","come è andata oggi"
skill-ovos-local-media.openvoiceos,"open.file.browser.intent","aperto usb browser app"
skill-ovos-local-media.openvoiceos,"open.file.browser.intent","apri il mio usb"
skill-ovos-local-media.openvoiceos,"open.file.browser.intent","apri l'app del browser"
skill-ovos-local-media.openvoiceos,"open.file.browser.intent","apri l'unità del browser del file"
skill-ovos-local-media.openvoiceos,"open.file.browser.intent","apri la guida usb"
skill-ovos-local-media.openvoiceos,"open.file.browser.intent","aprire il browser usb"
skill-ovos-local-media.openvoiceos,"open.file.browser.intent","aprire il mio browser del file"
skill-ovos-local-media.openvoiceos,"open.file.browser.intent","aprire il mio file browser drive"
skill-ovos-local-media.openvoiceos,"open.file.browser.intent","aprire il mio usb drive"
skill-ovos-local-media.openvoiceos,"open.file.browser.intent","aprire usb"
skill-ovos-local-media.openvoiceos,"open.file.browser.intent","avviare il browser del file"
skill-ovos-local-media.openvoiceos,"open.file.browser.intent","avviare il browser usb"
skill-ovos-local-media.openvoiceos,"open.file.browser.intent","avviare l'app del browser"
skill-ovos-local-media.openvoiceos,"open.file.browser.intent","avviare usb browser app"
skill-ovos-local-media.openvoiceos,"open.file.browser.intent","browser del file aperto"
skill-ovos-local-media.openvoiceos,"open.file.browser.intent","mostra il browser del file"
skill-ovos-local-media.openvoiceos,"open.file.browser.intent","mostra il browser usb"
skill-ovos-local-media.openvoiceos,"open.file.browser.intent","mostra il mio browser"
skill-ovos-local-media.openvoiceos,"open.file.browser.intent","mostra il mio browser del file"
skill-ovos-local-media.openvoiceos,"open.file.browser.intent","mostra il mio usb"
skill-ovos-local-media.openvoiceos,"open.file.browser.intent","mostra l'app del browser"
skill-ovos-local-media.openvoiceos,"open.file.browser.intent","mostra l'app del browser usb"
skill-ovos-local-media.openvoiceos,"open.file.browser.intent","mostra l'unità del browser del file"
skill-ovos-local-media.openvoiceos,"open.file.browser.intent","mostra la mia usb drive"
skill-ovos-local-media.openvoiceos,"open.file.browser.intent","mostra usb drive"
skill-ovos-local-media.openvoiceos,"open.file.browser.intent","mostrare usb"
skill-ovos-naptime.openvoiceos,"naptime.intent","andiamo a dormire"
skill-ovos-naptime.openvoiceos,"naptime.intent","attiva la modalità sonno"
skill-ovos-naptime.openvoiceos,"naptime.intent","dormi"
skill-ovos-naptime.openvoiceos,"naptime.intent","entra in modalità riposo"
skill-ovos-naptime.openvoiceos,"naptime.intent","entra in modalità sonno"
skill-ovos-naptime.openvoiceos,"naptime.intent","facciamo un riposino"
skill-ovos-naptime.openvoiceos,"naptime.intent","fai il riposino"
skill-ovos-naptime.openvoiceos,"naptime.intent","incomincia la modalità sonno"
skill-ovos-naptime.openvoiceos,"naptime.intent","inizia il pisolino"
skill-ovos-naptime.openvoiceos,"naptime.intent","inizia il riposino"
skill-ovos-naptime.openvoiceos,"naptime.intent","inizia la siesta"
skill-ovos-naptime.openvoiceos,"naptime.intent","ora del pisolino"
skill-ovos-naptime.openvoiceos,"naptime.intent","ora della nanna"
skill-ovos-naptime.openvoiceos,"naptime.intent","pisola"
skill-ovos-naptime.openvoiceos,"naptime.intent","vai a dormire"
skill-ovos-naptime.openvoiceos,"naptime.intent","è ora di fare un pisolino"
skill-ovos-parrot.openvoiceos,"stop_parrot.intent","ferma la registrazione"
skill-ovos-parrot.openvoiceos,"stop_parrot.intent","non registrare più"
skill-ovos-parrot.openvoiceos,"stop_parrot.intent","smetti di registrare"
skill-ovos-parrot.openvoiceos,"start_parrot.intent","attiva la modalità pappagallo"
skill-ovos-parrot.openvoiceos,"start_parrot.intent","attiva la ripetizione a pappagallo"
skill-ovos-parrot.openvoiceos,"start_parrot.intent","avvia la modalità pappagallo"
skill-ovos-parrot.openvoiceos,"start_parrot.intent","avvia la ripetizione a pappagallo"
skill-ovos-parrot.openvoiceos,"start_parrot.intent","inizia a fare il pappagallo"
skill-ovos-parrot.openvoiceos,"start_parrot.intent","inizia a ripetere a pappagallo"
skill-ovos-parrot.openvoiceos,"start_parrot.intent","ripeti ciò che senti"
skill-ovos-parrot.openvoiceos,"start_parrot.intent","ripeti tutto quello che senti"
skill-ovos-parrot.openvoiceos,"start_parrot.intent","ripeti tutto"
skill-ovos-parrot.openvoiceos,"speak.intent","di {sentence}"
skill-ovos-parrot.openvoiceos,"speak.intent","dimmi {sentence}"
skill-ovos-parrot.openvoiceos,"speak.intent","ripeti {sentence}"
skill-ovos-parrot.openvoiceos,"did.you.hear.me.intent","mi puoi sentire?"
skill-ovos-parrot.openvoiceos,"repeat.stt.intent","che cosa  ho detto?"
skill-ovos-parrot.openvoiceos,"repeat.stt.intent","che cosa ti ho detto?"
skill-ovos-parrot.openvoiceos,"repeat.stt.intent","cosa ho appena detto?"
skill-ovos-parrot.openvoiceos,"repeat.stt.intent","ripeti cosa hai sentito"
skill-ovos-parrot.openvoiceos,"repeat.stt.intent","ripeti cosa ho appena detto"
skill-ovos-parrot.openvoiceos,"repeat.tts.intent","Che cos'era questo?"
skill-ovos-parrot.openvoiceos,"repeat.tts.intent","Eh?"
skill-ovos-parrot.openvoiceos,"repeat.tts.intent","Che cosa  hai  detto?"
skill-ovos-parrot.openvoiceos,"repeat.tts.intent","Che cosa  hai appena detto?"
skill-ovos-parrot.openvoiceos,"repeat.tts.intent","Che cosa mi hai  detto?"
skill-ovos-parrot.openvoiceos,"repeat.tts.intent","Che cosa mi hai appena detto?"
skill-ovos-parrot.openvoiceos,"repeat.tts.intent","cosa  hai  detto?"
skill-ovos-parrot.openvoiceos,"repeat.tts.intent","cosa  hai appena detto?"
skill-ovos-parrot.openvoiceos,"repeat.tts.intent","cosa mi hai  detto?"
skill-ovos-parrot.openvoiceos,"repeat.tts.intent","cosa mi hai appena detto?"
skill-ovos-parrot.openvoiceos,"repeat.tts.intent","Di nuovo?"
skill-ovos-parrot.openvoiceos,"repeat.tts.intent","Nuovamente?"
skill-ovos-parrot.openvoiceos,"repeat.tts.intent","Dilla  ."
skill-ovos-parrot.openvoiceos,"repeat.tts.intent","Dilla  un'altra volta."
skill-ovos-parrot.openvoiceos,"repeat.tts.intent","Dilla  una volta."
skill-ovos-parrot.openvoiceos,"repeat.tts.intent","Dilla ancora ."
skill-ovos-parrot.openvoiceos,"repeat.tts.intent","Dilla ancora un'altra volta."
skill-ovos-parrot.openvoiceos,"repeat.tts.intent","Dilla ancora una volta."
skill-ovos-parrot.openvoiceos,"repeat.tts.intent","Dillo  ."
skill-ovos-parrot.openvoiceos,"repeat.tts.intent","Dillo  un'altra volta."
skill-ovos-parrot.openvoiceos,"repeat.tts.intent","Dillo  una volta."
skill-ovos-parrot.openvoiceos,"repeat.tts.intent","Dillo ancora ."
skill-ovos-parrot.openvoiceos,"repeat.tts.intent","Dillo ancora un'altra volta."
skill-ovos-parrot.openvoiceos,"repeat.tts.intent","Dillo ancora una volta."
skill-ovos-parrot.openvoiceos,"repeat.tts.intent","Ripetila  ."
skill-ovos-parrot.openvoiceos,"repeat.tts.intent","Ripetila  un'altra volta."
skill-ovos-parrot.openvoiceos,"repeat.tts.intent","Ripetila  una volta."
skill-ovos-parrot.openvoiceos,"repeat.tts.intent","Ripetila ancora ."
skill-ovos-parrot.openvoiceos,"repeat.tts.intent","Ripetila ancora un'altra volta."
skill-ovos-parrot.openvoiceos,"repeat.tts.intent","Ripetila ancora una volta."
skill-ovos-parrot.openvoiceos,"repeat.tts.intent","Ripetilo  ."
skill-ovos-parrot.openvoiceos,"repeat.tts.intent","Ripetilo  un'altra volta."
skill-ovos-parrot.openvoiceos,"repeat.tts.intent","Ripetilo  una volta."
skill-ovos-parrot.openvoiceos,"repeat.tts.intent","Ripetilo ancora ."
skill-ovos-parrot.openvoiceos,"repeat.tts.intent","Ripetilo ancora un'altra volta."
skill-ovos-parrot.openvoiceos,"repeat.tts.intent","Ripetilo ancora una volta."
skill-ovos-parrot.openvoiceos,"repeat.tts.intent","Puoi dillo l'ultima cosa ancora?"
skill-ovos-parrot.openvoiceos,"repeat.tts.intent","Puoi dillo l'ultima cosa di nuovo?"
skill-ovos-parrot.openvoiceos,"repeat.tts.intent","Puoi dillo l'ultima cosa nuovamente?"
skill-ovos-parrot.openvoiceos,"repeat.tts.intent","Puoi dillo quello ancora?"
skill-ovos-parrot.openvoiceos,"repeat.tts.intent","Puoi dillo quello di nuovo?"
skill-ovos-parrot.openvoiceos,"repeat.tts.intent","Puoi dillo quello nuovamente?"
skill-ovos-parrot.openvoiceos,"repeat.tts.intent","Puoi dire l'ultima cosa ancora?"
skill-ovos-parrot.openvoiceos,"repeat.tts.intent","Puoi dire l'ultima cosa di nuovo?"
skill-ovos-parrot.openvoiceos,"repeat.tts.intent","Puoi dire l'ultima cosa nuovamente?"
skill-ovos-parrot.openvoiceos,"repeat.tts.intent","Puoi dire quello ancora?"
skill-ovos-parrot.openvoiceos,"repeat.tts.intent","Puoi dire quello di nuovo?"
skill-ovos-parrot.openvoiceos,"repeat.tts.intent","Puoi dire quello nuovamente?"
skill-ovos-parrot.openvoiceos,"repeat.tts.intent","Puoi dirlo l'ultima cosa ancora?"
skill-ovos-parrot.openvoiceos,"repeat.tts.intent","Puoi dirlo l'ultima cosa di nuovo?"
skill-ovos-parrot.openvoiceos,"repeat.tts.intent","Puoi dirlo l'ultima cosa nuovamente?"
skill-ovos-parrot.openvoiceos,"repeat.tts.intent","Puoi dirlo quello ancora?"
skill-ovos-parrot.openvoiceos,"repeat.tts.intent","Puoi dirlo quello di nuovo?"
skill-ovos-parrot.openvoiceos,"repeat.tts.intent","Puoi dirlo quello nuovamente?"
skill-ovos-parrot.openvoiceos,"repeat.tts.intent","Puoi dì l'ultima cosa ancora?"
skill-ovos-parrot.openvoiceos,"repeat.tts.intent","Puoi dì l'ultima cosa di nuovo?"
skill-ovos-parrot.openvoiceos,"repeat.tts.intent","Puoi dì l'ultima cosa nuovamente?"
skill-ovos-parrot.openvoiceos,"repeat.tts.intent","Puoi dì quello ancora?"
skill-ovos-parrot.openvoiceos,"repeat.tts.intent","Puoi dì quello di nuovo?"
skill-ovos-parrot.openvoiceos,"repeat.tts.intent","Puoi dì quello nuovamente?"
skill-ovos-parrot.openvoiceos,"repeat.tts.intent","Puoi ridillo l'ultima cosa ancora?"
skill-ovos-parrot.openvoiceos,"repeat.tts.intent","Puoi ridillo l'ultima cosa di nuovo?"
skill-ovos-parrot.openvoiceos,"repeat.tts.intent","Puoi ridillo l'ultima cosa nuovamente?"
skill-ovos-parrot.openvoiceos,"repeat.tts.intent","Puoi ridillo quello ancora?"
skill-ovos-parrot.openvoiceos,"repeat.tts.intent","Puoi ridillo quello di nuovo?"
skill-ovos-parrot.openvoiceos,"repeat.tts.intent","Puoi ridillo quello nuovamente?"
skill-ovos-parrot.openvoiceos,"repeat.tts.intent","Puoi ridire l'ultima cosa ancora?"
skill-ovos-parrot.openvoiceos,"repeat.tts.intent","Puoi ridire l'ultima cosa di nuovo?"
skill-ovos-parrot.openvoiceos,"repeat.tts.intent","Puoi ridire l'ultima cosa nuovamente?"
skill-ovos-parrot.openvoiceos,"repeat.tts.intent","Puoi ridire quello ancora?"
skill-ovos-parrot.openvoiceos,"repeat.tts.intent","Puoi ridire quello di nuovo?"
skill-ovos-parrot.openvoiceos,"repeat.tts.intent","Puoi ridire quello nuovamente?"
skill-ovos-parrot.openvoiceos,"repeat.tts.intent","Puoi ridirlo l'ultima cosa ancora?"
skill-ovos-parrot.openvoiceos,"repeat.tts.intent","Puoi ridirlo l'ultima cosa di nuovo?"
skill-ovos-parrot.openvoiceos,"repeat.tts.intent","Puoi ridirlo l'ultima cosa nuovamente?"
skill-ovos-parrot.openvoiceos,"repeat.tts.intent","Puoi ridirlo quello ancora?"
skill-ovos-parrot.openvoiceos,"repeat.tts.intent","Puoi ridirlo quello di nuovo?"
skill-ovos-parrot.openvoiceos,"repeat.tts.intent","Puoi ridirlo quello nuovamente?"
skill-ovos-parrot.openvoiceos,"repeat.tts.intent","Puoi ridì l'ultima cosa ancora?"
skill-ovos-parrot.openvoiceos,"repeat.tts.intent","Puoi ridì l'ultima cosa di nuovo?"
skill-ovos-parrot.openvoiceos,"repeat.tts.intent","Puoi ridì l'ultima cosa nuovamente?"
skill-ovos-parrot.openvoiceos,"repeat.tts.intent","Puoi ridì quello ancora?"
skill-ovos-parrot.openvoiceos,"repeat.tts.intent","Puoi ridì quello di nuovo?"
skill-ovos-parrot.openvoiceos,"repeat.tts.intent","Puoi ridì quello nuovamente?"
skill-ovos-parrot.openvoiceos,"repeat.tts.intent","dillo l'ultima cosa ancora?"
skill-ovos-parrot.openvoiceos,"repeat.tts.intent","dillo l'ultima cosa di nuovo?"
skill-ovos-parrot.openvoiceos,"repeat.tts.intent","dillo l'ultima cosa nuovamente?"
skill-ovos-parrot.openvoiceos,"repeat.tts.intent","dillo quello ancora?"
skill-ovos-parrot.openvoiceos,"repeat.tts.intent","dillo quello di nuovo?"
skill-ovos-parrot.openvoiceos,"repeat.tts.intent","dillo quello nuovamente?"
skill-ovos-parrot.openvoiceos,"repeat.tts.intent","dire l'ultima cosa ancora?"
skill-ovos-parrot.openvoiceos,"repeat.tts.intent","dire l'ultima cosa di nuovo?"
skill-ovos-parrot.openvoiceos,"repeat.tts.intent","dire l'ultima cosa nuovamente?"
skill-ovos-parrot.openvoiceos,"repeat.tts.intent","dire quello ancora?"
skill-ovos-parrot.openvoiceos,"repeat.tts.intent","dire quello di nuovo?"
skill-ovos-parrot.openvoiceos,"repeat.tts.intent","dire quello nuovamente?"
skill-ovos-parrot.openvoiceos,"repeat.tts.intent","dirlo l'ultima cosa ancora?"
skill-ovos-parrot.openvoiceos,"repeat.tts.intent","dirlo l'ultima cosa di nuovo?"
skill-ovos-parrot.openvoiceos,"repeat.tts.intent","dirlo l'ultima cosa nuovamente?"
skill-ovos-parrot.openvoiceos,"repeat.tts.intent","dirlo quello ancora?"
skill-ovos-parrot.openvoiceos,"repeat.tts.intent","dirlo quello di nuovo?"
skill-ovos-parrot.openvoiceos,"repeat.tts.intent","dirlo quello nuovamente?"
skill-ovos-parrot.openvoiceos,"repeat.tts.intent","dì l'ultima cosa ancora?"
skill-ovos-parrot.openvoiceos,"repeat.tts.intent","dì l'ultima cosa di nuovo?"
skill-ovos-parrot.openvoiceos,"repeat.tts.intent","dì l'ultima cosa nuovamente?"
skill-ovos-parrot.openvoiceos,"repeat.tts.intent","dì quello ancora?"
skill-ovos-parrot.openvoiceos,"repeat.tts.intent","dì quello di nuovo?"
skill-ovos-parrot.openvoiceos,"repeat.tts.intent","dì quello nuovamente?"
skill-ovos-parrot.openvoiceos,"repeat.tts.intent","ridillo l'ultima cosa ancora?"
skill-ovos-parrot.openvoiceos,"repeat.tts.intent","ridillo l'ultima cosa di nuovo?"
skill-ovos-parrot.openvoiceos,"repeat.tts.intent","ridillo l'ultima cosa nuovamente?"
skill-ovos-parrot.openvoiceos,"repeat.tts.intent","ridillo quello ancora?"
skill-ovos-parrot.openvoiceos,"repeat.tts.intent","ridillo quello di nuovo?"
skill-ovos-parrot.openvoiceos,"repeat.tts.intent","ridillo quello nuovamente?"
skill-ovos-parrot.openvoiceos,"repeat.tts.intent","ridire l'ultima cosa ancora?"
skill-ovos-parrot.openvoiceos,"repeat.tts.intent","ridire l'ultima cosa di nuovo?"
skill-ovos-parrot.openvoiceos,"repeat.tts.intent","ridire l'ultima cosa nuovamente?"
skill-ovos-parrot.openvoiceos,"repeat.tts.intent","ridire quello ancora?"
skill-ovos-parrot.openvoiceos,"repeat.tts.intent","ridire quello di nuovo?"
skill-ovos-parrot.openvoiceos,"repeat.tts.intent","ridire quello nuovamente?"
skill-ovos-parrot.openvoiceos,"repeat.tts.intent","ridirlo l'ultima cosa ancora?"
skill-ovos-parrot.openvoiceos,"repeat.tts.intent","ridirlo l'ultima cosa di nuovo?"
skill-ovos-parrot.openvoiceos,"repeat.tts.intent","ridirlo l'ultima cosa nuovamente?"
skill-ovos-parrot.openvoiceos,"repeat.tts.intent","ridirlo quello ancora?"
skill-ovos-parrot.openvoiceos,"repeat.tts.intent","ridirlo quello di nuovo?"
skill-ovos-parrot.openvoiceos,"repeat.tts.intent","ridirlo quello nuovamente?"
skill-ovos-parrot.openvoiceos,"repeat.tts.intent","ridì l'ultima cosa ancora?"
skill-ovos-parrot.openvoiceos,"repeat.tts.intent","ridì l'ultima cosa di nuovo?"
skill-ovos-parrot.openvoiceos,"repeat.tts.intent","ridì l'ultima cosa nuovamente?"
skill-ovos-parrot.openvoiceos,"repeat.tts.intent","ridì quello ancora?"
skill-ovos-parrot.openvoiceos,"repeat.tts.intent","ridì quello di nuovo?"
skill-ovos-parrot.openvoiceos,"repeat.tts.intent","ridì quello nuovamente?"
skill-ovos-parrot.openvoiceos,"repeat.tts.intent","Ridimmi quello che hai  detto."
skill-ovos-parrot.openvoiceos,"repeat.tts.intent","Ridimmi quello che hai appena detto."
skill-ovos-parrot.openvoiceos,"repeat.tts.intent","Ripeti quello che hai  detto."
skill-ovos-parrot.openvoiceos,"repeat.tts.intent","Ripeti quello che hai appena detto."
skill-ovos-parrot.openvoiceos,"repeat.tts.intent","Ridimmelo."
skill-ovos-parrot.openvoiceos,"repeat.tts.intent","Ridimmi."
skill-ovos-parrot.openvoiceos,"repeat.tts.intent","Ripeti."
skill-ovos-parrot.openvoiceos,"repeat.tts.intent","Ripetilo."
skill-ovos-parrot.openvoiceos,"repeat.tts.intent","Puoi ridire?"
skill-ovos-parrot.openvoiceos,"repeat.tts.intent","Puoi ridirlo?"
skill-ovos-parrot.openvoiceos,"repeat.tts.intent","Puoi ripetere?"
skill-ovos-parrot.openvoiceos,"repeat.tts.intent","Puoi ripeterlo?"
skill-ovos-volume.openvoiceos,"volume.default.intent","Imposta il volume a medio"
skill-ovos-volume.openvoiceos,"volume.default.intent","Imposta il volume al valore predefinito"
skill-ovos-volume.openvoiceos,"volume.default.intent","Imposta il volume di default"
skill-ovos-volume.openvoiceos,"volume.default.intent","Ripristina il volume di default"
skill-ovos-volume.openvoiceos,"volume.mute.toggle.intent","Stai muto"
skill-ovos-volume.openvoiceos,"volume.mute.toggle.intent","Stai zitto"
skill-ovos-volume.openvoiceos,"volume.max.intent","Alza il volume al massimo"
skill-ovos-volume.openvoiceos,"volume.max.intent","Imposta il volume al massimo"
skill-ovos-volume.openvoiceos,"volume.max.intent","Metti il volume al massimo"
skill-ovos-volume.openvoiceos,"volume.max.intent","Volume massimo"
skill-ovos-volume.openvoiceos,"volume.low.intent","Abbassa il volume"
skill-ovos-volume.openvoiceos,"volume.low.intent","Diminuisci il volume"
skill-ovos-volume.openvoiceos,"volume.low.intent","Metti il volume basso"
skill-ovos-volume.openvoiceos,"volume.low.intent","Silenzio"
skill-ovos-volume.openvoiceos,"volume.low.intent","Sussurra"
skill-ovos-volume.openvoiceos,"volume.unmute.intent","Ripristina il volume"
skill-ovos-volume.openvoiceos,"volume.high.intent","Alza il volume"
skill-ovos-volume.openvoiceos,"volume.high.intent","Aumenta il volume"
skill-ovos-volume.openvoiceos,"volume.high.intent","Grida"
skill-ovos-volume.openvoiceos,"volume.high.intent","Metti il volume alto"
skill-ovos-volume.openvoiceos,"volume.high.intent","Urla"
skill-ovos-volume.openvoiceos,"volume.mute.intent","Muto"
skill-ovos-volume.openvoiceos,"volume.mute.intent","Silenzio"
skill-ovos-volume.openvoiceos,"volume.mute.intent","Zitto"
skill-ovos-weather.openvoiceos,"do.i.need.an.umbrella.intent","devo prendere il giaccone?"
skill-ovos-weather.openvoiceos,"do.i.need.an.umbrella.intent","devo prendere l'ombrello?"
skill-ovos-weather.openvoiceos,"do.i.need.an.umbrella.intent","piove?"
skill-ovos-weather.openvoiceos,"do-i-need-an-umbrella.intent","credi che piova"
skill-ovos-weather.openvoiceos,"do-i-need-an-umbrella.intent","devo mettere un ombrello in borsa"
skill-ovos-weather.openvoiceos,"do-i-need-an-umbrella.intent","devo mettere una giacca antipioggia"
skill-ovos-weather.openvoiceos,"do-i-need-an-umbrella.intent","devo portare gli stivali da pioggia"
skill-ovos-weather.openvoiceos,"do-i-need-an-umbrella.intent","devo portare un ombrello in borsa"
skill-ovos-weather.openvoiceos,"do-i-need-an-umbrella.intent","ho bisogno dell'ombrello"
skill-ovos-weather.openvoiceos,"do-i-need-an-umbrella.intent","pioverà"
skill-ovos-weather.openvoiceos,"do-i-need-an-umbrella.intent","pioverà dopo"
skill-ovos-weather.openvoiceos,"do-i-need-an-umbrella.intent","pioverà oggi"
skill-ovos-weather.openvoiceos,"do-i-need-an-umbrella.intent","pioverà più tardi"
skill-ovos-weather.openvoiceos,"do-i-need-an-umbrella.intent","va a piovere"
skill-ovos-weather.openvoiceos,"do-i-need-an-umbrella.intent","è prevista pioggia in serata"
skill-ovos-wikipedia.openvoiceos,"wikiroulette.intent","Attiva  Wikipedia roulette"
skill-ovos-wikipedia.openvoiceos,"wikiroulette.intent","Attiva  roulette Wikipedia"
skill-ovos-wikipedia.openvoiceos,"wikiroulette.intent","Attiva  roulette wiki"
skill-ovos-wikipedia.openvoiceos,"wikiroulette.intent","Attiva  wiki roulette"
skill-ovos-wikipedia.openvoiceos,"wikiroulette.intent","Attiva la Wikipedia roulette"
skill-ovos-wikipedia.openvoiceos,"wikiroulette.intent","Attiva la roulette Wikipedia"
skill-ovos-wikipedia.openvoiceos,"wikiroulette.intent","Attiva la roulette wiki"
skill-ovos-wikipedia.openvoiceos,"wikiroulette.intent","Attiva la wiki roulette"
skill-ovos-wikipedia.openvoiceos,"wikiroulette.intent","Inizia  Wikipedia roulette"
skill-ovos-wikipedia.openvoiceos,"wikiroulette.intent","Inizia  roulette Wikipedia"
skill-ovos-wikipedia.openvoiceos,"wikiroulette.intent","Inizia  roulette wiki"
skill-ovos-wikipedia.openvoiceos,"wikiroulette.intent","Inizia  wiki roulette"
skill-ovos-wikipedia.openvoiceos,"wikiroulette.intent","Inizia la Wikipedia roulette"
skill-ovos-wikipedia.openvoiceos,"wikiroulette.intent","Inizia la roulette Wikipedia"
skill-ovos-wikipedia.openvoiceos,"wikiroulette.intent","Inizia la roulette wiki"
skill-ovos-wikipedia.openvoiceos,"wikiroulette.intent","Inizia la wiki roulette"
skill-ovos-wikipedia.openvoiceos,"wikiroulette.intent","Wikipedia a caso"
skill-ovos-wikipedia.openvoiceos,"wikiroulette.intent","Wikipedia casuale"
skill-ovos-wikipedia.openvoiceos,"wikiroulette.intent","Wikipedia random"
skill-ovos-wikipedia.openvoiceos,"wikiroulette.intent","Wikipedia roulette"
skill-ovos-wikipedia.openvoiceos,"wikiroulette.intent","apri   Wikipedia a caso"
skill-ovos-wikipedia.openvoiceos,"wikiroulette.intent","apri   Wikipedia casuale"
skill-ovos-wikipedia.openvoiceos,"wikiroulette.intent","apri   Wikipedia random"
skill-ovos-wikipedia.openvoiceos,"wikiroulette.intent","apri   wiki a caso"
skill-ovos-wikipedia.openvoiceos,"wikiroulette.intent","apri   wiki casuale"
skill-ovos-wikipedia.openvoiceos,"wikiroulette.intent","apri   wiki random"
skill-ovos-wikipedia.openvoiceos,"wikiroulette.intent","apri  di Wikipedia a caso"
skill-ovos-wikipedia.openvoiceos,"wikiroulette.intent","apri  di Wikipedia casuale"
skill-ovos-wikipedia.openvoiceos,"wikiroulette.intent","apri  di Wikipedia random"
skill-ovos-wikipedia.openvoiceos,"wikiroulette.intent","apri  di wiki a caso"
skill-ovos-wikipedia.openvoiceos,"wikiroulette.intent","apri  di wiki casuale"
skill-ovos-wikipedia.openvoiceos,"wikiroulette.intent","apri  di wiki random"
skill-ovos-wikipedia.openvoiceos,"wikiroulette.intent","apri articolo  Wikipedia a caso"
skill-ovos-wikipedia.openvoiceos,"wikiroulette.intent","apri articolo  Wikipedia casuale"
skill-ovos-wikipedia.openvoiceos,"wikiroulette.intent","apri articolo  Wikipedia random"
skill-ovos-wikipedia.openvoiceos,"wikiroulette.intent","apri articolo  wiki a caso"
skill-ovos-wikipedia.openvoiceos,"wikiroulette.intent","apri articolo  wiki casuale"
skill-ovos-wikipedia.openvoiceos,"wikiroulette.intent","apri articolo  wiki random"
skill-ovos-wikipedia.openvoiceos,"wikiroulette.intent","apri articolo di Wikipedia a caso"
skill-ovos-wikipedia.openvoiceos,"wikiroulette.intent","apri articolo di Wikipedia casuale"
skill-ovos-wikipedia.openvoiceos,"wikiroulette.intent","apri articolo di Wikipedia random"
skill-ovos-wikipedia.openvoiceos,"wikiroulette.intent","apri articolo di wiki a caso"
skill-ovos-wikipedia.openvoiceos,"wikiroulette.intent","apri articolo di wiki casuale"
skill-ovos-wikipedia.openvoiceos,"wikiroulette.intent","apri articolo di wiki random"
skill-ovos-wikipedia.openvoiceos,"wikiroulette.intent","apri pagina  Wikipedia a caso"
skill-ovos-wikipedia.openvoiceos,"wikiroulette.intent","apri pagina  Wikipedia casuale"
skill-ovos-wikipedia.openvoiceos,"wikiroulette.intent","apri pagina  Wikipedia random"
skill-ovos-wikipedia.openvoiceos,"wikiroulette.intent","apri pagina  wiki a caso"
skill-ovos-wikipedia.openvoiceos,"wikiroulette.intent","apri pagina  wiki casuale"
skill-ovos-wikipedia.openvoiceos,"wikiroulette.intent","apri pagina  wiki random"
skill-ovos-wikipedia.openvoiceos,"wikiroulette.intent","apri pagina di Wikipedia a caso"
skill-ovos-wikipedia.openvoiceos,"wikiroulette.intent","apri pagina di Wikipedia casuale"
skill-ovos-wikipedia.openvoiceos,"wikiroulette.intent","apri pagina di Wikipedia random"
skill-ovos-wikipedia.openvoiceos,"wikiroulette.intent","apri pagina di wiki a caso"
skill-ovos-wikipedia.openvoiceos,"wikiroulette.intent","apri pagina di wiki casuale"
skill-ovos-wikipedia.openvoiceos,"wikiroulette.intent","apri pagina di wiki random"
skill-ovos-wikipedia.openvoiceos,"wikiroulette.intent","apri un articolo  Wikipedia a caso"
skill-ovos-wikipedia.openvoiceos,"wikiroulette.intent","apri un articolo  Wikipedia casuale"
skill-ovos-wikipedia.openvoiceos,"wikiroulette.intent","apri un articolo  Wikipedia random"
skill-ovos-wikipedia.openvoiceos,"wikiroulette.intent","apri un articolo  wiki a caso"
skill-ovos-wikipedia.openvoiceos,"wikiroulette.intent","apri un articolo  wiki casuale"
skill-ovos-wikipedia.openvoiceos,"wikiroulette.intent","apri un articolo  wiki random"
skill-ovos-wikipedia.openvoiceos,"wikiroulette.intent","apri un articolo di Wikipedia a caso"
skill-ovos-wikipedia.openvoiceos,"wikiroulette.intent","apri un articolo di Wikipedia casuale"
skill-ovos-wikipedia.openvoiceos,"wikiroulette.intent","apri un articolo di Wikipedia random"
skill-ovos-wikipedia.openvoiceos,"wikiroulette.intent","apri un articolo di wiki a caso"
skill-ovos-wikipedia.openvoiceos,"wikiroulette.intent","apri un articolo di wiki casuale"
skill-ovos-wikipedia.openvoiceos,"wikiroulette.intent","apri un articolo di wiki random"
skill-ovos-wikipedia.openvoiceos,"wikiroulette.intent","apri una pagina  Wikipedia a caso"
skill-ovos-wikipedia.openvoiceos,"wikiroulette.intent","apri una pagina  Wikipedia casuale"
skill-ovos-wikipedia.openvoiceos,"wikiroulette.intent","apri una pagina  Wikipedia random"
skill-ovos-wikipedia.openvoiceos,"wikiroulette.intent","apri una pagina  wiki a caso"
skill-ovos-wikipedia.openvoiceos,"wikiroulette.intent","apri una pagina  wiki casuale"
skill-ovos-wikipedia.openvoiceos,"wikiroulette.intent","apri una pagina  wiki random"
skill-ovos-wikipedia.openvoiceos,"wikiroulette.intent","apri una pagina di Wikipedia a caso"
skill-ovos-wikipedia.openvoiceos,"wikiroulette.intent","apri una pagina di Wikipedia casuale"
skill-ovos-wikipedia.openvoiceos,"wikiroulette.intent","apri una pagina di Wikipedia random"
skill-ovos-wikipedia.openvoiceos,"wikiroulette.intent","apri una pagina di wiki a caso"
skill-ovos-wikipedia.openvoiceos,"wikiroulette.intent","apri una pagina di wiki casuale"
skill-ovos-wikipedia.openvoiceos,"wikiroulette.intent","apri una pagina di wiki random"
skill-ovos-wikipedia.openvoiceos,"wikiroulette.intent","articolo  Wikipedia a caso"
skill-ovos-wikipedia.openvoiceos,"wikiroulette.intent","articolo  Wikipedia casuale"
skill-ovos-wikipedia.openvoiceos,"wikiroulette.intent","articolo  Wikipedia random"
skill-ovos-wikipedia.openvoiceos,"wikiroulette.intent","articolo  wiki a caso"
skill-ovos-wikipedia.openvoiceos,"wikiroulette.intent","articolo  wiki casuale"
skill-ovos-wikipedia.openvoiceos,"wikiroulette.intent","articolo  wiki random"
skill-ovos-wikipedia.openvoiceos,"wikiroulette.intent","articolo di Wikipedia a caso"
skill-ovos-wikipedia.openvoiceos,"wikiroulette.intent","articolo di Wikipedia casuale"
skill-ovos-wikipedia.openvoiceos,"wikiroulette.intent","articolo di Wikipedia random"
skill-ovos-wikipedia.openvoiceos,"wikiroulette.intent","articolo di wiki a caso"
skill-ovos-wikipedia.openvoiceos,"wikiroulette.intent","articolo di wiki casuale"
skill-ovos-wikipedia.openvoiceos,"wikiroulette.intent","articolo di wiki random"
skill-ovos-wikipedia.openvoiceos,"wikiroulette.intent","dammi   Wikipedia a caso"
skill-ovos-wikipedia.openvoiceos,"wikiroulette.intent","dammi   Wikipedia casuale"
skill-ovos-wikipedia.openvoiceos,"wikiroulette.intent","dammi   Wikipedia random"
skill-ovos-wikipedia.openvoiceos,"wikiroulette.intent","dammi   wiki a caso"
skill-ovos-wikipedia.openvoiceos,"wikiroulette.intent","dammi   wiki casuale"
skill-ovos-wikipedia.openvoiceos,"wikiroulette.intent","dammi   wiki random"
skill-ovos-wikipedia.openvoiceos,"wikiroulette.intent","dammi  di Wikipedia a caso"
skill-ovos-wikipedia.openvoiceos,"wikiroulette.intent","dammi  di Wikipedia casuale"
skill-ovos-wikipedia.openvoiceos,"wikiroulette.intent","dammi  di Wikipedia random"
skill-ovos-wikipedia.openvoiceos,"wikiroulette.intent","dammi  di wiki a caso"
skill-ovos-wikipedia.openvoiceos,"wikiroulette.intent","dammi  di wiki casuale"
skill-ovos-wikipedia.openvoiceos,"wikiroulette.intent","dammi  di wiki random"
skill-ovos-wikipedia.openvoiceos,"wikiroulette.intent","dammi articolo  Wikipedia a caso"
skill-ovos-wikipedia.openvoiceos,"wikiroulette.intent","dammi articolo  Wikipedia casuale"
skill-ovos-wikipedia.openvoiceos,"wikiroulette.intent","dammi articolo  Wikipedia random"
skill-ovos-wikipedia.openvoiceos,"wikiroulette.intent","dammi articolo  wiki a caso"
skill-ovos-wikipedia.openvoiceos,"wikiroulette.intent","dammi articolo  wiki casuale"
skill-ovos-wikipedia.openvoiceos,"wikiroulette.intent","dammi articolo  wiki random"
skill-ovos-wikipedia.openvoiceos,"wikiroulette.intent","dammi articolo di Wikipedia a caso"
skill-ovos-wikipedia.openvoiceos,"wikiroulette.intent","dammi articolo di Wikipedia casuale"
skill-ovos-wikipedia.openvoiceos,"wikiroulette.intent","dammi articolo di Wikipedia random"
skill-ovos-wikipedia.openvoiceos,"wikiroulette.intent","dammi articolo di wiki a caso"
skill-ovos-wikipedia.openvoiceos,"wikiroulette.intent","dammi articolo di wiki casuale"
skill-ovos-wikipedia.openvoiceos,"wikiroulette.intent","dammi articolo di wiki random"
skill-ovos-wikipedia.openvoiceos,"wikiroulette.intent","dammi pagina  Wikipedia a caso"
skill-ovos-wikipedia.openvoiceos,"wikiroulette.intent","dammi pagina  Wikipedia casuale"
skill-ovos-wikipedia.openvoiceos,"wikiroulette.intent","dammi pagina  Wikipedia random"
skill-ovos-wikipedia.openvoiceos,"wikiroulette.intent","dammi pagina  wiki a caso"
skill-ovos-wikipedia.openvoiceos,"wikiroulette.intent","dammi pagina  wiki casuale"
skill-ovos-wikipedia.openvoiceos,"wikiroulette.intent","dammi pagina  wiki random"
skill-ovos-wikipedia.openvoiceos,"wikiroulette.intent","dammi pagina di Wikipedia a caso"
skill-ovos-wikipedia.openvoiceos,"wikiroulette.intent","dammi pagina di Wikipedia casuale"
skill-ovos-wikipedia.openvoiceos,"wikiroulette.intent","dammi pagina di Wikipedia random"
skill-ovos-wikipedia.openvoiceos,"wikiroulette.intent","dammi pagina di wiki a caso"
skill-ovos-wikipedia.openvoiceos,"wikiroulette.intent","dammi pagina di wiki casuale"
skill-ovos-wikipedia.openvoiceos,"wikiroulette.intent","dammi pagina di wiki random"
skill-ovos-wikipedia.openvoiceos,"wikiroulette.intent","dammi un articolo  Wikipedia a caso"
skill-ovos-wikipedia.openvoiceos,"wikiroulette.intent","dammi un articolo  Wikipedia casuale"
skill-ovos-wikipedia.openvoiceos,"wikiroulette.intent","dammi un articolo  Wikipedia random"
skill-ovos-wikipedia.openvoiceos,"wikiroulette.intent","dammi un articolo  wiki a caso"
skill-ovos-wikipedia.openvoiceos,"wikiroulette.intent","dammi un articolo  wiki casuale"
skill-ovos-wikipedia.openvoiceos,"wikiroulette.intent","dammi un articolo  wiki random"
skill-ovos-wikipedia.openvoiceos,"wikiroulette.intent","dammi un articolo di Wikipedia a caso"
skill-ovos-wikipedia.openvoiceos,"wikiroulette.intent","dammi un articolo di Wikipedia casuale"
skill-ovos-wikipedia.openvoiceos,"wikiroulette.intent","dammi un articolo di Wikipedia random"
skill-ovos-wikipedia.openvoiceos,"wikiroulette.intent","dammi un articolo di wiki a caso"
skill-ovos-wikipedia.openvoiceos,"wikiroulette.intent","dammi un articolo di wiki casuale"
skill-ovos-wikipedia.openvoiceos,"wikiroulette.intent","dammi un articolo di wiki random"
skill-ovos-wikipedia.openvoiceos,"wikiroulette.intent","dammi una pagina  Wikipedia a caso"
skill-ovos-wikipedia.openvoiceos,"wikiroulette.intent","dammi una pagina  Wikipedia casuale"
skill-ovos-wikipedia.openvoiceos,"wikiroulette.intent","dammi una pagina  Wikipedia random"
skill-ovos-wikipedia.openvoiceos,"wikiroulette.intent","dammi una pagina  wiki a caso"
skill-ovos-wikipedia.openvoiceos,"wikiroulette.intent","dammi una pagina  wiki casuale"
skill-ovos-wikipedia.openvoiceos,"wikiroulette.intent","dammi una pagina  wiki random"
skill-ovos-wikipedia.openvoiceos,"wikiroulette.intent","dammi una pagina di Wikipedia a caso"
skill-ovos-wikipedia.openvoiceos,"wikiroulette.intent","dammi una pagina di Wikipedia casuale"
skill-ovos-wikipedia.openvoiceos,"wikiroulette.intent","dammi una pagina di Wikipedia random"
skill-ovos-wikipedia.openvoiceos,"wikiroulette.intent","dammi una pagina di wiki a caso"
skill-ovos-wikipedia.openvoiceos,"wikiroulette.intent","dammi una pagina di wiki casuale"
skill-ovos-wikipedia.openvoiceos,"wikiroulette.intent","dammi una pagina di wiki random"
skill-ovos-wikipedia.openvoiceos,"wikiroulette.intent","di Wikipedia a caso"
skill-ovos-wikipedia.openvoiceos,"wikiroulette.intent","di Wikipedia casuale"
skill-ovos-wikipedia.openvoiceos,"wikiroulette.intent","di Wikipedia random"
skill-ovos-wikipedia.openvoiceos,"wikiroulette.intent","di wiki a caso"
skill-ovos-wikipedia.openvoiceos,"wikiroulette.intent","di wiki casuale"
skill-ovos-wikipedia.openvoiceos,"wikiroulette.intent","di wiki random"
skill-ovos-wikipedia.openvoiceos,"wikiroulette.intent","dimmi di   Wikipedia a caso"
skill-ovos-wikipedia.openvoiceos,"wikiroulette.intent","dimmi di   Wikipedia casuale"
skill-ovos-wikipedia.openvoiceos,"wikiroulette.intent","dimmi di   Wikipedia random"
skill-ovos-wikipedia.openvoiceos,"wikiroulette.intent","dimmi di   wiki a caso"
skill-ovos-wikipedia.openvoiceos,"wikiroulette.intent","dimmi di   wiki casuale"
skill-ovos-wikipedia.openvoiceos,"wikiroulette.intent","dimmi di   wiki random"
skill-ovos-wikipedia.openvoiceos,"wikiroulette.intent","dimmi di  di Wikipedia a caso"
skill-ovos-wikipedia.openvoiceos,"wikiroulette.intent","dimmi di  di Wikipedia casuale"
skill-ovos-wikipedia.openvoiceos,"wikiroulette.intent","dimmi di  di Wikipedia random"
skill-ovos-wikipedia.openvoiceos,"wikiroulette.intent","dimmi di  di wiki a caso"
skill-ovos-wikipedia.openvoiceos,"wikiroulette.intent","dimmi di  di wiki casuale"
skill-ovos-wikipedia.openvoiceos,"wikiroulette.intent","dimmi di  di wiki random"
skill-ovos-wikipedia.openvoiceos,"wikiroulette.intent","dimmi di articolo  Wikipedia a caso"
skill-ovos-wikipedia.openvoiceos,"wikiroulette.intent","dimmi di articolo  Wikipedia casuale"
skill-ovos-wikipedia.openvoiceos,"wikiroulette.intent","dimmi di articolo  Wikipedia random"
skill-ovos-wikipedia.openvoiceos,"wikiroulette.intent","dimmi di articolo  wiki a caso"
skill-ovos-wikipedia.openvoiceos,"wikiroulette.intent","dimmi di articolo  wiki casuale"
skill-ovos-wikipedia.openvoiceos,"wikiroulette.intent","dimmi di articolo  wiki random"
skill-ovos-wikipedia.openvoiceos,"wikiroulette.intent","dimmi di articolo di Wikipedia a caso"
skill-ovos-wikipedia.openvoiceos,"wikiroulette.intent","dimmi di articolo di Wikipedia casuale"
skill-ovos-wikipedia.openvoiceos,"wikiroulette.intent","dimmi di articolo di Wikipedia random"
skill-ovos-wikipedia.openvoiceos,"wikiroulette.intent","dimmi di articolo di wiki a caso"
skill-ovos-wikipedia.openvoiceos,"wikiroulette.intent","dimmi di articolo di wiki casuale"
skill-ovos-wikipedia.openvoiceos,"wikiroulette.intent","dimmi di articolo di wiki random"
skill-ovos-wikipedia.openvoiceos,"wikiroulette.intent","dimmi di pagina  Wikipedia a caso"
skill-ovos-wikipedia.openvoiceos,"wikiroulette.intent","dimmi di pagina  Wikipedia casuale"
skill-ovos-wikipedia.openvoiceos,"wikiroulette.intent","dimmi di pagina  Wikipedia random"
skill-ovos-wikipedia.openvoiceos,"wikiroulette.intent","dimmi di pagina  wiki a caso"
skill-ovos-wikipedia.openvoiceos,"wikiroulette.intent","dimmi di pagina  wiki casuale"
skill-ovos-wikipedia.openvoiceos,"wikiroulette.intent","dimmi di pagina  wiki random"
skill-ovos-wikipedia.openvoiceos,"wikiroulette.intent","dimmi di pagina di Wikipedia a caso"
skill-ovos-wikipedia.openvoiceos,"wikiroulette.intent","dimmi di pagina di Wikipedia casuale"
skill-ovos-wikipedia.openvoiceos,"wikiroulette.intent","dimmi di pagina di Wikipedia random"
skill-ovos-wikipedia.openvoiceos,"wikiroulette.intent","dimmi di pagina di wiki a caso"
skill-ovos-wikipedia.openvoiceos,"wikiroulette.intent","dimmi di pagina di wiki casuale"
skill-ovos-wikipedia.openvoiceos,"wikiroulette.intent","dimmi di pagina di wiki random"
skill-ovos-wikipedia.openvoiceos,"wikiroulette.intent","dimmi di un articolo  Wikipedia a caso"
skill-ovos-wikipedia.openvoiceos,"wikiroulette.intent","dimmi di un articolo  Wikipedia casuale"
skill-ovos-wikipedia.openvoiceos,"wikiroulette.intent","dimmi di un articolo  Wikipedia random"
skill-ovos-wikipedia.openvoiceos,"wikiroulette.intent","dimmi di un articolo  wiki a caso"
skill-ovos-wikipedia.openvoiceos,"wikiroulette.intent","dimmi di un articolo  wiki casuale"
skill-ovos-wikipedia.openvoiceos,"wikiroulette.intent","dimmi di un articolo  wiki random"
skill-ovos-wikipedia.openvoiceos,"wikiroulette.intent","dimmi di un articolo di Wikipedia a caso"
skill-ovos-wikipedia.openvoiceos,"wikiroulette.intent","dimmi di un articolo di Wikipedia casuale"
skill-ovos-wikipedia.openvoiceos,"wikiroulette.intent","dimmi di un articolo di Wikipedia random"
skill-ovos-wikipedia.openvoiceos,"wikiroulette.intent","dimmi di un articolo di wiki a caso"
skill-ovos-wikipedia.openvoiceos,"wikiroulette.intent","dimmi di un articolo di wiki casuale"
skill-ovos-wikipedia.openvoiceos,"wikiroulette.intent","dimmi di un articolo di wiki random"
skill-ovos-wikipedia.openvoiceos,"wikiroulette.intent","dimmi di una pagina  Wikipedia a caso"
skill-ovos-wikipedia.openvoiceos,"wikiroulette.intent","dimmi di una pagina  Wikipedia casuale"
skill-ovos-wikipedia.openvoiceos,"wikiroulette.intent","dimmi di una pagina  Wikipedia random"
skill-ovos-wikipedia.openvoiceos,"wikiroulette.intent","dimmi di una pagina  wiki a caso"
skill-ovos-wikipedia.openvoiceos,"wikiroulette.intent","dimmi di una pagina  wiki casuale"
skill-ovos-wikipedia.openvoiceos,"wikiroulette.intent","dimmi di una pagina  wiki random"
skill-ovos-wikipedia.openvoiceos,"wikiroulette.intent","dimmi di una pagina di Wikipedia a caso"
skill-ovos-wikipedia.openvoiceos,"wikiroulette.intent","dimmi di una pagina di Wikipedia casuale"
skill-ovos-wikipedia.openvoiceos,"wikiroulette.intent","dimmi di una pagina di Wikipedia random"
skill-ovos-wikipedia.openvoiceos,"wikiroulette.intent","dimmi di una pagina di wiki a caso"
skill-ovos-wikipedia.openvoiceos,"wikiroulette.intent","dimmi di una pagina di wiki casuale"
skill-ovos-wikipedia.openvoiceos,"wikiroulette.intent","dimmi di una pagina di wiki random"
skill-ovos-wikipedia.openvoiceos,"wikiroulette.intent","mostra   Wikipedia a caso"
skill-ovos-wikipedia.openvoiceos,"wikiroulette.intent","mostra   Wikipedia casuale"
skill-ovos-wikipedia.openvoiceos,"wikiroulette.intent","mostra   Wikipedia random"
skill-ovos-wikipedia.openvoiceos,"wikiroulette.intent","mostra   wiki a caso"
skill-ovos-wikipedia.openvoiceos,"wikiroulette.intent","mostra   wiki casuale"
skill-ovos-wikipedia.openvoiceos,"wikiroulette.intent","mostra   wiki random"
skill-ovos-wikipedia.openvoiceos,"wikiroulette.intent","mostra  di Wikipedia a caso"
skill-ovos-wikipedia.openvoiceos,"wikiroulette.intent","mostra  di Wikipedia casuale"
skill-ovos-wikipedia.openvoiceos,"wikiroulette.intent","mostra  di Wikipedia random"
skill-ovos-wikipedia.openvoiceos,"wikiroulette.intent","mostra  di wiki a caso"
skill-ovos-wikipedia.openvoiceos,"wikiroulette.intent","mostra  di wiki casuale"
skill-ovos-wikipedia.openvoiceos,"wikiroulette.intent","mostra  di wiki random"
skill-ovos-wikipedia.openvoiceos,"wikiroulette.intent","mostra articolo  Wikipedia a caso"
skill-ovos-wikipedia.openvoiceos,"wikiroulette.intent","mostra articolo  Wikipedia casuale"
skill-ovos-wikipedia.openvoiceos,"wikiroulette.intent","mostra articolo  Wikipedia random"
skill-ovos-wikipedia.openvoiceos,"wikiroulette.intent","mostra articolo  wiki a caso"
skill-ovos-wikipedia.openvoiceos,"wikiroulette.intent","mostra articolo  wiki casuale"
skill-ovos-wikipedia.openvoiceos,"wikiroulette.intent","mostra articolo  wiki random"
skill-ovos-wikipedia.openvoiceos,"wikiroulette.intent","mostra articolo di Wikipedia a caso"
skill-ovos-wikipedia.openvoiceos,"wikiroulette.intent","mostra articolo di Wikipedia casuale"
skill-ovos-wikipedia.openvoiceos,"wikiroulette.intent","mostra articolo di Wikipedia random"
skill-ovos-wikipedia.openvoiceos,"wikiroulette.intent","mostra articolo di wiki a caso"
skill-ovos-wikipedia.openvoiceos,"wikiroulette.intent","mostra articolo di wiki casuale"
skill-ovos-wikipedia.openvoiceos,"wikiroulette.intent","mostra articolo di wiki random"
skill-ovos-wikipedia.openvoiceos,"wikiroulette.intent","mostra pagina  Wikipedia a caso"
skill-ovos-wikipedia.openvoiceos,"wikiroulette.intent","mostra pagina  Wikipedia casuale"
skill-ovos-wikipedia.openvoiceos,"wikiroulette.intent","mostra pagina  Wikipedia random"
skill-ovos-wikipedia.openvoiceos,"wikiroulette.intent","mostra pagina  wiki a caso"
skill-ovos-wikipedia.openvoiceos,"wikiroulette.intent","mostra pagina  wiki casuale"
skill-ovos-wikipedia.openvoiceos,"wikiroulette.intent","mostra pagina  wiki random"
skill-ovos-wikipedia.openvoiceos,"wikiroulette.intent","mostra pagina di Wikipedia a caso"
skill-ovos-wikipedia.openvoiceos,"wikiroulette.intent","mostra pagina di Wikipedia casuale"
skill-ovos-wikipedia.openvoiceos,"wikiroulette.intent","mostra pagina di Wikipedia random"
skill-ovos-wikipedia.openvoiceos,"wikiroulette.intent","mostra pagina di wiki a caso"
skill-ovos-wikipedia.openvoiceos,"wikiroulette.intent","mostra pagina di wiki casuale"
skill-ovos-wikipedia.openvoiceos,"wikiroulette.intent","mostra pagina di wiki random"
skill-ovos-wikipedia.openvoiceos,"wikiroulette.intent","mostra un articolo  Wikipedia a caso"
skill-ovos-wikipedia.openvoiceos,"wikiroulette.intent","mostra un articolo  Wikipedia casuale"
skill-ovos-wikipedia.openvoiceos,"wikiroulette.intent","mostra un articolo  Wikipedia random"
skill-ovos-wikipedia.openvoiceos,"wikiroulette.intent","mostra un articolo  wiki a caso"
skill-ovos-wikipedia.openvoiceos,"wikiroulette.intent","mostra un articolo  wiki casuale"
skill-ovos-wikipedia.openvoiceos,"wikiroulette.intent","mostra un articolo  wiki random"
skill-ovos-wikipedia.openvoiceos,"wikiroulette.intent","mostra un articolo di Wikipedia a caso"
skill-ovos-wikipedia.openvoiceos,"wikiroulette.intent","mostra un articolo di Wikipedia casuale"
skill-ovos-wikipedia.openvoiceos,"wikiroulette.intent","mostra un articolo di Wikipedia random"
skill-ovos-wikipedia.openvoiceos,"wikiroulette.intent","mostra un articolo di wiki a caso"
skill-ovos-wikipedia.openvoiceos,"wikiroulette.intent","mostra un articolo di wiki casuale"
skill-ovos-wikipedia.openvoiceos,"wikiroulette.intent","mostra un articolo di wiki random"
skill-ovos-wikipedia.openvoiceos,"wikiroulette.intent","mostra una pagina  Wikipedia a caso"
skill-ovos-wikipedia.openvoiceos,"wikiroulette.intent","mostra una pagina  Wikipedia casuale"
skill-ovos-wikipedia.openvoiceos,"wikiroulette.intent","mostra una pagina  Wikipedia random"
skill-ovos-wikipedia.openvoiceos,"wikiroulette.intent","mostra una pagina  wiki a caso"
skill-ovos-wikipedia.openvoiceos,"wikiroulette.intent","mostra una pagina  wiki casuale"
skill-ovos-wikipedia.openvoiceos,"wikiroulette.intent","mostra una pagina  wiki random"
skill-ovos-wikipedia.openvoiceos,"wikiroulette.intent","mostra una pagina di Wikipedia a caso"
skill-ovos-wikipedia.openvoiceos,"wikiroulette.intent","mostra una pagina di Wikipedia casuale"
skill-ovos-wikipedia.openvoiceos,"wikiroulette.intent","mostra una pagina di Wikipedia random"
skill-ovos-wikipedia.openvoiceos,"wikiroulette.intent","mostra una pagina di wiki a caso"
skill-ovos-wikipedia.openvoiceos,"wikiroulette.intent","mostra una pagina di wiki casuale"
skill-ovos-wikipedia.openvoiceos,"wikiroulette.intent","mostra una pagina di wiki random"
skill-ovos-wikipedia.openvoiceos,"wikiroulette.intent","pagina  Wikipedia a caso"
skill-ovos-wikipedia.openvoiceos,"wikiroulette.intent","pagina  Wikipedia casuale"
skill-ovos-wikipedia.openvoiceos,"wikiroulette.intent","pagina  Wikipedia random"
skill-ovos-wikipedia.openvoiceos,"wikiroulette.intent","pagina  wiki a caso"
skill-ovos-wikipedia.openvoiceos,"wikiroulette.intent","pagina  wiki casuale"
skill-ovos-wikipedia.openvoiceos,"wikiroulette.intent","pagina  wiki random"
skill-ovos-wikipedia.openvoiceos,"wikiroulette.intent","pagina di Wikipedia a caso"
skill-ovos-wikipedia.openvoiceos,"wikiroulette.intent","pagina di Wikipedia casuale"
skill-ovos-wikipedia.openvoiceos,"wikiroulette.intent","pagina di Wikipedia random"
skill-ovos-wikipedia.openvoiceos,"wikiroulette.intent","pagina di wiki a caso"
skill-ovos-wikipedia.openvoiceos,"wikiroulette.intent","pagina di wiki casuale"
skill-ovos-wikipedia.openvoiceos,"wikiroulette.intent","pagina di wiki random"
skill-ovos-wikipedia.openvoiceos,"wikiroulette.intent","roulette Wikipedia"
skill-ovos-wikipedia.openvoiceos,"wikiroulette.intent","roulette wiki"
skill-ovos-wikipedia.openvoiceos,"wikiroulette.intent","un articolo  Wikipedia a caso"
skill-ovos-wikipedia.openvoiceos,"wikiroulette.intent","un articolo  Wikipedia casuale"
skill-ovos-wikipedia.openvoiceos,"wikiroulette.intent","un articolo  Wikipedia random"
skill-ovos-wikipedia.openvoiceos,"wikiroulette.intent","un articolo  wiki a caso"
skill-ovos-wikipedia.openvoiceos,"wikiroulette.intent","un articolo  wiki casuale"
skill-ovos-wikipedia.openvoiceos,"wikiroulette.intent","un articolo  wiki random"
skill-ovos-wikipedia.openvoiceos,"wikiroulette.intent","un articolo di Wikipedia a caso"
skill-ovos-wikipedia.openvoiceos,"wikiroulette.intent","un articolo di Wikipedia casuale"
skill-ovos-wikipedia.openvoiceos,"wikiroulette.intent","un articolo di Wikipedia random"
skill-ovos-wikipedia.openvoiceos,"wikiroulette.intent","un articolo di wiki a caso"
skill-ovos-wikipedia.openvoiceos,"wikiroulette.intent","un articolo di wiki casuale"
skill-ovos-wikipedia.openvoiceos,"wikiroulette.intent","un articolo di wiki random"
skill-ovos-wikipedia.openvoiceos,"wikiroulette.intent","una pagina  Wikipedia a caso"
skill-ovos-wikipedia.openvoiceos,"wikiroulette.intent","una pagina  Wikipedia casuale"
skill-ovos-wikipedia.openvoiceos,"wikiroulette.intent","una pagina  Wikipedia random"
skill-ovos-wikipedia.openvoiceos,"wikiroulette.intent","una pagina  wiki a caso"
skill-ovos-wikipedia.openvoiceos,"wikiroulette.intent","una pagina  wiki casuale"
skill-ovos-wikipedia.openvoiceos,"wikiroulette.intent","una pagina  wiki random"
skill-ovos-wikipedia.openvoiceos,"wikiroulette.intent","una pagina di Wikipedia a caso"
skill-ovos-wikipedia.openvoiceos,"wikiroulette.intent","una pagina di Wikipedia casuale"
skill-ovos-wikipedia.openvoiceos,"wikiroulette.intent","una pagina di Wikipedia random"
skill-ovos-wikipedia.openvoiceos,"wikiroulette.intent","una pagina di wiki a caso"
skill-ovos-wikipedia.openvoiceos,"wikiroulette.intent","una pagina di wiki casuale"
skill-ovos-wikipedia.openvoiceos,"wikiroulette.intent","una pagina di wiki random"
skill-ovos-wikipedia.openvoiceos,"wikiroulette.intent","wiki a caso"
skill-ovos-wikipedia.openvoiceos,"wikiroulette.intent","wiki casuale"
skill-ovos-wikipedia.openvoiceos,"wikiroulette.intent","wiki random"
skill-ovos-wikipedia.openvoiceos,"wikiroulette.intent","wiki roulette"
skill-ovos-wikipedia.openvoiceos,"wiki.intent","Cerca su Wikipedia {query}"
skill-ovos-wikipedia.openvoiceos,"wiki.intent","Cerca su wiki {query}"
skill-ovos-wikipedia.openvoiceos,"wiki.intent","Cosa afferma Wikipedia su gli {keyword}"
skill-ovos-wikipedia.openvoiceos,"wiki.intent","Cosa afferma Wikipedia su i {keyword}"
skill-ovos-wikipedia.openvoiceos,"wiki.intent","Cosa afferma Wikipedia su il {keyword}"
skill-ovos-wikipedia.openvoiceos,"wiki.intent","Cosa afferma Wikipedia su l' {keyword}"
skill-ovos-wikipedia.openvoiceos,"wiki.intent","Cosa afferma Wikipedia su la {keyword}"
skill-ovos-wikipedia.openvoiceos,"wiki.intent","Cosa afferma Wikipedia su le {keyword}"
skill-ovos-wikipedia.openvoiceos,"wiki.intent","Cosa afferma Wikipedia su lo {keyword}"
skill-ovos-wikipedia.openvoiceos,"wiki.intent","Cosa afferma Wikipedia su {keyword}"
skill-ovos-wikipedia.openvoiceos,"wiki.intent","Cosa afferma Wikipedia sugli {keyword}"
skill-ovos-wikipedia.openvoiceos,"wiki.intent","Cosa afferma Wikipedia sui {keyword}"
skill-ovos-wikipedia.openvoiceos,"wiki.intent","Cosa afferma Wikipedia sul {keyword}"
skill-ovos-wikipedia.openvoiceos,"wiki.intent","Cosa afferma Wikipedia sull' {keyword}"
skill-ovos-wikipedia.openvoiceos,"wiki.intent","Cosa afferma Wikipedia sulla {keyword}"
skill-ovos-wikipedia.openvoiceos,"wiki.intent","Cosa afferma Wikipedia sulle {keyword}"
skill-ovos-wikipedia.openvoiceos,"wiki.intent","Cosa afferma Wikipedia sullo {keyword}"
skill-ovos-wikipedia.openvoiceos,"wiki.intent","Cosa afferma wiki su gli {keyword}"
skill-ovos-wikipedia.openvoiceos,"wiki.intent","Cosa afferma wiki su i {keyword}"
skill-ovos-wikipedia.openvoiceos,"wiki.intent","Cosa afferma wiki su il {keyword}"
skill-ovos-wikipedia.openvoiceos,"wiki.intent","Cosa afferma wiki su l' {keyword}"
skill-ovos-wikipedia.openvoiceos,"wiki.intent","Cosa afferma wiki su la {keyword}"
skill-ovos-wikipedia.openvoiceos,"wiki.intent","Cosa afferma wiki su le {keyword}"
skill-ovos-wikipedia.openvoiceos,"wiki.intent","Cosa afferma wiki su lo {keyword}"
skill-ovos-wikipedia.openvoiceos,"wiki.intent","Cosa afferma wiki su {keyword}"
skill-ovos-wikipedia.openvoiceos,"wiki.intent","Cosa afferma wiki sugli {keyword}"
skill-ovos-wikipedia.openvoiceos,"wiki.intent","Cosa afferma wiki sui {keyword}"
skill-ovos-wikipedia.openvoiceos,"wiki.intent","Cosa afferma wiki sul {keyword}"
skill-ovos-wikipedia.openvoiceos,"wiki.intent","Cosa afferma wiki sull' {keyword}"
skill-ovos-wikipedia.openvoiceos,"wiki.intent","Cosa afferma wiki sulla {keyword}"
skill-ovos-wikipedia.openvoiceos,"wiki.intent","Cosa afferma wiki sulle {keyword}"
skill-ovos-wikipedia.openvoiceos,"wiki.intent","Cosa afferma wiki sullo {keyword}"
skill-ovos-wikipedia.openvoiceos,"wiki.intent","Cosa c'è scritto su Wikipedia su gli {keyword}"
skill-ovos-wikipedia.openvoiceos,"wiki.intent","Cosa c'è scritto su Wikipedia su i {keyword}"
skill-ovos-wikipedia.openvoiceos,"wiki.intent","Cosa c'è scritto su Wikipedia su il {keyword}"
skill-ovos-wikipedia.openvoiceos,"wiki.intent","Cosa c'è scritto su Wikipedia su l' {keyword}"
skill-ovos-wikipedia.openvoiceos,"wiki.intent","Cosa c'è scritto su Wikipedia su la {keyword}"
skill-ovos-wikipedia.openvoiceos,"wiki.intent","Cosa c'è scritto su Wikipedia su le {keyword}"
skill-ovos-wikipedia.openvoiceos,"wiki.intent","Cosa c'è scritto su Wikipedia su lo {keyword}"
skill-ovos-wikipedia.openvoiceos,"wiki.intent","Cosa c'è scritto su Wikipedia su {keyword}"
skill-ovos-wikipedia.openvoiceos,"wiki.intent","Cosa c'è scritto su Wikipedia sugli {keyword}"
skill-ovos-wikipedia.openvoiceos,"wiki.intent","Cosa c'è scritto su Wikipedia sui {keyword}"
skill-ovos-wikipedia.openvoiceos,"wiki.intent","Cosa c'è scritto su Wikipedia sul {keyword}"
skill-ovos-wikipedia.openvoiceos,"wiki.intent","Cosa c'è scritto su Wikipedia sull' {keyword}"
skill-ovos-wikipedia.openvoiceos,"wiki.intent","Cosa c'è scritto su Wikipedia sulla {keyword}"
skill-ovos-wikipedia.openvoiceos,"wiki.intent","Cosa c'è scritto su Wikipedia sulle {keyword}"
skill-ovos-wikipedia.openvoiceos,"wiki.intent","Cosa c'è scritto su Wikipedia sullo {keyword}"
skill-ovos-wikipedia.openvoiceos,"wiki.intent","Cosa c'è scritto su wiki su gli {keyword}"
skill-ovos-wikipedia.openvoiceos,"wiki.intent","Cosa c'è scritto su wiki su i {keyword}"
skill-ovos-wikipedia.openvoiceos,"wiki.intent","Cosa c'è scritto su wiki su il {keyword}"
skill-ovos-wikipedia.openvoiceos,"wiki.intent","Cosa c'è scritto su wiki su l' {keyword}"
skill-ovos-wikipedia.openvoiceos,"wiki.intent","Cosa c'è scritto su wiki su la {keyword}"
skill-ovos-wikipedia.openvoiceos,"wiki.intent","Cosa c'è scritto su wiki su le {keyword}"
skill-ovos-wikipedia.openvoiceos,"wiki.intent","Cosa c'è scritto su wiki su lo {keyword}"
skill-ovos-wikipedia.openvoiceos,"wiki.intent","Cosa c'è scritto su wiki su {keyword}"
skill-ovos-wikipedia.openvoiceos,"wiki.intent","Cosa c'è scritto su wiki sugli {keyword}"
skill-ovos-wikipedia.openvoiceos,"wiki.intent","Cosa c'è scritto su wiki sui {keyword}"
skill-ovos-wikipedia.openvoiceos,"wiki.intent","Cosa c'è scritto su wiki sul {keyword}"
skill-ovos-wikipedia.openvoiceos,"wiki.intent","Cosa c'è scritto su wiki sull' {keyword}"
skill-ovos-wikipedia.openvoiceos,"wiki.intent","Cosa c'è scritto su wiki sulla {keyword}"
skill-ovos-wikipedia.openvoiceos,"wiki.intent","Cosa c'è scritto su wiki sulle {keyword}"
skill-ovos-wikipedia.openvoiceos,"wiki.intent","Cosa c'è scritto su wiki sullo {keyword}"
skill-ovos-wikipedia.openvoiceos,"wiki.intent","Cosa c'è su Wikipedia su gli {keyword}"
skill-ovos-wikipedia.openvoiceos,"wiki.intent","Cosa c'è su Wikipedia su i {keyword}"
skill-ovos-wikipedia.openvoiceos,"wiki.intent","Cosa c'è su Wikipedia su il {keyword}"
skill-ovos-wikipedia.openvoiceos,"wiki.intent","Cosa c'è su Wikipedia su l' {keyword}"
skill-ovos-wikipedia.openvoiceos,"wiki.intent","Cosa c'è su Wikipedia su la {keyword}"
skill-ovos-wikipedia.openvoiceos,"wiki.intent","Cosa c'è su Wikipedia su le {keyword}"
skill-ovos-wikipedia.openvoiceos,"wiki.intent","Cosa c'è su Wikipedia su lo {keyword}"
skill-ovos-wikipedia.openvoiceos,"wiki.intent","Cosa c'è su Wikipedia su {keyword}"
skill-ovos-wikipedia.openvoiceos,"wiki.intent","Cosa c'è su Wikipedia sugli {keyword}"
skill-ovos-wikipedia.openvoiceos,"wiki.intent","Cosa c'è su Wikipedia sui {keyword}"
skill-ovos-wikipedia.openvoiceos,"wiki.intent","Cosa c'è su Wikipedia sul {keyword}"
skill-ovos-wikipedia.openvoiceos,"wiki.intent","Cosa c'è su Wikipedia sull' {keyword}"
skill-ovos-wikipedia.openvoiceos,"wiki.intent","Cosa c'è su Wikipedia sulla {keyword}"
skill-ovos-wikipedia.openvoiceos,"wiki.intent","Cosa c'è su Wikipedia sulle {keyword}"
skill-ovos-wikipedia.openvoiceos,"wiki.intent","Cosa c'è su Wikipedia sullo {keyword}"
skill-ovos-wikipedia.openvoiceos,"wiki.intent","Cosa c'è su wiki su gli {keyword}"
skill-ovos-wikipedia.openvoiceos,"wiki.intent","Cosa c'è su wiki su i {keyword}"
skill-ovos-wikipedia.openvoiceos,"wiki.intent","Cosa c'è su wiki su il {keyword}"
skill-ovos-wikipedia.openvoiceos,"wiki.intent","Cosa c'è su wiki su l' {keyword}"
skill-ovos-wikipedia.openvoiceos,"wiki.intent","Cosa c'è su wiki su la {keyword}"
skill-ovos-wikipedia.openvoiceos,"wiki.intent","Cosa c'è su wiki su le {keyword}"
skill-ovos-wikipedia.openvoiceos,"wiki.intent","Cosa c'è su wiki su lo {keyword}"
skill-ovos-wikipedia.openvoiceos,"wiki.intent","Cosa c'è su wiki su {keyword}"
skill-ovos-wikipedia.openvoiceos,"wiki.intent","Cosa c'è su wiki sugli {keyword}"
skill-ovos-wikipedia.openvoiceos,"wiki.intent","Cosa c'è su wiki sui {keyword}"
skill-ovos-wikipedia.openvoiceos,"wiki.intent","Cosa c'è su wiki sul {keyword}"
skill-ovos-wikipedia.openvoiceos,"wiki.intent","Cosa c'è su wiki sull' {keyword}"
skill-ovos-wikipedia.openvoiceos,"wiki.intent","Cosa c'è su wiki sulla {keyword}"
skill-ovos-wikipedia.openvoiceos,"wiki.intent","Cosa c'è su wiki sulle {keyword}"
skill-ovos-wikipedia.openvoiceos,"wiki.intent","Cosa c'è su wiki sullo {keyword}"
skill-ovos-wikipedia.openvoiceos,"wiki.intent","Cosa dice Wikipedia su gli {keyword}"
skill-ovos-wikipedia.openvoiceos,"wiki.intent","Cosa dice Wikipedia su i {keyword}"
skill-ovos-wikipedia.openvoiceos,"wiki.intent","Cosa dice Wikipedia su il {keyword}"
skill-ovos-wikipedia.openvoiceos,"wiki.intent","Cosa dice Wikipedia su l' {keyword}"
skill-ovos-wikipedia.openvoiceos,"wiki.intent","Cosa dice Wikipedia su la {keyword}"
skill-ovos-wikipedia.openvoiceos,"wiki.intent","Cosa dice Wikipedia su le {keyword}"
skill-ovos-wikipedia.openvoiceos,"wiki.intent","Cosa dice Wikipedia su lo {keyword}"
skill-ovos-wikipedia.openvoiceos,"wiki.intent","Cosa dice Wikipedia su {keyword}"
skill-ovos-wikipedia.openvoiceos,"wiki.intent","Cosa dice Wikipedia sugli {keyword}"
skill-ovos-wikipedia.openvoiceos,"wiki.intent","Cosa dice Wikipedia sui {keyword}"
skill-ovos-wikipedia.openvoiceos,"wiki.intent","Cosa dice Wikipedia sul {keyword}"
skill-ovos-wikipedia.openvoiceos,"wiki.intent","Cosa dice Wikipedia sull' {keyword}"
skill-ovos-wikipedia.openvoiceos,"wiki.intent","Cosa dice Wikipedia sulla {keyword}"
skill-ovos-wikipedia.openvoiceos,"wiki.intent","Cosa dice Wikipedia sulle {keyword}"
skill-ovos-wikipedia.openvoiceos,"wiki.intent","Cosa dice Wikipedia sullo {keyword}"
skill-ovos-wikipedia.openvoiceos,"wiki.intent","Cosa dice wiki su gli {keyword}"
skill-ovos-wikipedia.openvoiceos,"wiki.intent","Cosa dice wiki su i {keyword}"
skill-ovos-wikipedia.openvoiceos,"wiki.intent","Cosa dice wiki su il {keyword}"
skill-ovos-wikipedia.openvoiceos,"wiki.intent","Cosa dice wiki su l' {keyword}"
skill-ovos-wikipedia.openvoiceos,"wiki.intent","Cosa dice wiki su la {keyword}"
skill-ovos-wikipedia.openvoiceos,"wiki.intent","Cosa dice wiki su le {keyword}"
skill-ovos-wikipedia.openvoiceos,"wiki.intent","Cosa dice wiki su lo {keyword}"
skill-ovos-wikipedia.openvoiceos,"wiki.intent","Cosa dice wiki su {keyword}"
skill-ovos-wikipedia.openvoiceos,"wiki.intent","Cosa dice wiki sugli {keyword}"
skill-ovos-wikipedia.openvoiceos,"wiki.intent","Cosa dice wiki sui {keyword}"
skill-ovos-wikipedia.openvoiceos,"wiki.intent","Cosa dice wiki sul {keyword}"
skill-ovos-wikipedia.openvoiceos,"wiki.intent","Cosa dice wiki sull' {keyword}"
skill-ovos-wikipedia.openvoiceos,"wiki.intent","Cosa dice wiki sulla {keyword}"
skill-ovos-wikipedia.openvoiceos,"wiki.intent","Cosa dice wiki sulle {keyword}"
skill-ovos-wikipedia.openvoiceos,"wiki.intent","Cosa dice wiki sullo {keyword}"
skill-ovos-wikipedia.openvoiceos,"wiki.intent","Wikipedia {query}"
skill-ovos-wikipedia.openvoiceos,"wiki.intent","wiki {query}"
skill-ovos-wolfie.openvoiceos,"search_wolfie.intent","che cosa dice wolfram degli {query}"
skill-ovos-wolfie.openvoiceos,"search_wolfie.intent","che cosa dice wolfram dei {query}"
skill-ovos-wolfie.openvoiceos,"search_wolfie.intent","che cosa dice wolfram del {query}"
skill-ovos-wolfie.openvoiceos,"search_wolfie.intent","che cosa dice wolfram dell' {query}"
skill-ovos-wolfie.openvoiceos,"search_wolfie.intent","che cosa dice wolfram della {query}"
skill-ovos-wolfie.openvoiceos,"search_wolfie.intent","che cosa dice wolfram delle {query}"
skill-ovos-wolfie.openvoiceos,"search_wolfie.intent","che cosa dice wolfram dello {query}"
skill-ovos-wolfie.openvoiceos,"search_wolfie.intent","che cosa dice wolfram di {query}"
skill-ovos-wolfie.openvoiceos,"search_wolfie.intent","che cosa dice wolfram su gli {query}"
skill-ovos-wolfie.openvoiceos,"search_wolfie.intent","che cosa dice wolfram su i {query}"
skill-ovos-wolfie.openvoiceos,"search_wolfie.intent","che cosa dice wolfram su il {query}"
skill-ovos-wolfie.openvoiceos,"search_wolfie.intent","che cosa dice wolfram su l' {query}"
skill-ovos-wolfie.openvoiceos,"search_wolfie.intent","che cosa dice wolfram su la {query}"
skill-ovos-wolfie.openvoiceos,"search_wolfie.intent","che cosa dice wolfram su le {query}"
skill-ovos-wolfie.openvoiceos,"search_wolfie.intent","che cosa dice wolfram su lo {query}"
skill-ovos-wolfie.openvoiceos,"search_wolfie.intent","che cosa dice wolfram su {query}"
skill-ovos-wolfie.openvoiceos,"search_wolfie.intent","che cosa dice wolfram sugli {query}"
skill-ovos-wolfie.openvoiceos,"search_wolfie.intent","che cosa dice wolfram sui {query}"
skill-ovos-wolfie.openvoiceos,"search_wolfie.intent","che cosa dice wolfram sul {query}"
skill-ovos-wolfie.openvoiceos,"search_wolfie.intent","che cosa dice wolfram sull' {query}"
skill-ovos-wolfie.openvoiceos,"search_wolfie.intent","che cosa dice wolfram sulla {query}"
skill-ovos-wolfie.openvoiceos,"search_wolfie.intent","che cosa dice wolfram sulle {query}"
skill-ovos-wolfie.openvoiceos,"search_wolfie.intent","che cosa dice wolfram sullo {query}"
skill-ovos-wolfie.openvoiceos,"search_wolfie.intent","cosa dice wolfram degli {query}"
skill-ovos-wolfie.openvoiceos,"search_wolfie.intent","cosa dice wolfram dei {query}"
skill-ovos-wolfie.openvoiceos,"search_wolfie.intent","cosa dice wolfram del {query}"
skill-ovos-wolfie.openvoiceos,"search_wolfie.intent","cosa dice wolfram dell' {query}"
skill-ovos-wolfie.openvoiceos,"search_wolfie.intent","cosa dice wolfram della {query}"
skill-ovos-wolfie.openvoiceos,"search_wolfie.intent","cosa dice wolfram delle {query}"
skill-ovos-wolfie.openvoiceos,"search_wolfie.intent","cosa dice wolfram dello {query}"
skill-ovos-wolfie.openvoiceos,"search_wolfie.intent","cosa dice wolfram di {query}"
skill-ovos-wolfie.openvoiceos,"search_wolfie.intent","cosa dice wolfram su gli {query}"
skill-ovos-wolfie.openvoiceos,"search_wolfie.intent","cosa dice wolfram su i {query}"
skill-ovos-wolfie.openvoiceos,"search_wolfie.intent","cosa dice wolfram su il {query}"
skill-ovos-wolfie.openvoiceos,"search_wolfie.intent","cosa dice wolfram su l' {query}"
skill-ovos-wolfie.openvoiceos,"search_wolfie.intent","cosa dice wolfram su la {query}"
skill-ovos-wolfie.openvoiceos,"search_wolfie.intent","cosa dice wolfram su le {query}"
skill-ovos-wolfie.openvoiceos,"search_wolfie.intent","cosa dice wolfram su lo {query}"
skill-ovos-wolfie.openvoiceos,"search_wolfie.intent","cosa dice wolfram su {query}"
skill-ovos-wolfie.openvoiceos,"search_wolfie.intent","cosa dice wolfram sugli {query}"
skill-ovos-wolfie.openvoiceos,"search_wolfie.intent","cosa dice wolfram sui {query}"
skill-ovos-wolfie.openvoiceos,"search_wolfie.intent","cosa dice wolfram sul {query}"
skill-ovos-wolfie.openvoiceos,"search_wolfie.intent","cosa dice wolfram sull' {query}"
skill-ovos-wolfie.openvoiceos,"search_wolfie.intent","cosa dice wolfram sulla {query}"
skill-ovos-wolfie.openvoiceos,"search_wolfie.intent","cosa dice wolfram sulle {query}"
skill-ovos-wolfie.openvoiceos,"search_wolfie.intent","cosa dice wolfram sullo {query}"
skill-ovos-wolfie.openvoiceos,"search_wolfie.intent","che cosa dice wolfram alpha degli {query}"
skill-ovos-wolfie.openvoiceos,"search_wolfie.intent","che cosa dice wolfram alpha dei {query}"
skill-ovos-wolfie.openvoiceos,"search_wolfie.intent","che cosa dice wolfram alpha del {query}"
skill-ovos-wolfie.openvoiceos,"search_wolfie.intent","che cosa dice wolfram alpha dell' {query}"
skill-ovos-wolfie.openvoiceos,"search_wolfie.intent","che cosa dice wolfram alpha della {query}"
skill-ovos-wolfie.openvoiceos,"search_wolfie.intent","che cosa dice wolfram alpha delle {query}"
skill-ovos-wolfie.openvoiceos,"search_wolfie.intent","che cosa dice wolfram alpha dello {query}"
skill-ovos-wolfie.openvoiceos,"search_wolfie.intent","che cosa dice wolfram alpha di {query}"
skill-ovos-wolfie.openvoiceos,"search_wolfie.intent","che cosa dice wolfram alpha su gli {query}"
skill-ovos-wolfie.openvoiceos,"search_wolfie.intent","che cosa dice wolfram alpha su i {query}"
skill-ovos-wolfie.openvoiceos,"search_wolfie.intent","che cosa dice wolfram alpha su il {query}"
skill-ovos-wolfie.openvoiceos,"search_wolfie.intent","che cosa dice wolfram alpha su l' {query}"
skill-ovos-wolfie.openvoiceos,"search_wolfie.intent","che cosa dice wolfram alpha su la {query}"
skill-ovos-wolfie.openvoiceos,"search_wolfie.intent","che cosa dice wolfram alpha su le {query}"
skill-ovos-wolfie.openvoiceos,"search_wolfie.intent","che cosa dice wolfram alpha su lo {query}"
skill-ovos-wolfie.openvoiceos,"search_wolfie.intent","che cosa dice wolfram alpha su {query}"
skill-ovos-wolfie.openvoiceos,"search_wolfie.intent","che cosa dice wolfram alpha sugli {query}"
skill-ovos-wolfie.openvoiceos,"search_wolfie.intent","che cosa dice wolfram alpha sui {query}"
skill-ovos-wolfie.openvoiceos,"search_wolfie.intent","che cosa dice wolfram alpha sul {query}"
skill-ovos-wolfie.openvoiceos,"search_wolfie.intent","che cosa dice wolfram alpha sull' {query}"
skill-ovos-wolfie.openvoiceos,"search_wolfie.intent","che cosa dice wolfram alpha sulla {query}"
skill-ovos-wolfie.openvoiceos,"search_wolfie.intent","che cosa dice wolfram alpha sulle {query}"
skill-ovos-wolfie.openvoiceos,"search_wolfie.intent","che cosa dice wolfram alpha sullo {query}"
skill-ovos-wolfie.openvoiceos,"search_wolfie.intent","cosa dice wolfram alpha degli {query}"
skill-ovos-wolfie.openvoiceos,"search_wolfie.intent","cosa dice wolfram alpha dei {query}"
skill-ovos-wolfie.openvoiceos,"search_wolfie.intent","cosa dice wolfram alpha del {query}"
skill-ovos-wolfie.openvoiceos,"search_wolfie.intent","cosa dice wolfram alpha dell' {query}"
skill-ovos-wolfie.openvoiceos,"search_wolfie.intent","cosa dice wolfram alpha della {query}"
skill-ovos-wolfie.openvoiceos,"search_wolfie.intent","cosa dice wolfram alpha delle {query}"
skill-ovos-wolfie.openvoiceos,"search_wolfie.intent","cosa dice wolfram alpha dello {query}"
skill-ovos-wolfie.openvoiceos,"search_wolfie.intent","cosa dice wolfram alpha di {query}"
skill-ovos-wolfie.openvoiceos,"search_wolfie.intent","cosa dice wolfram alpha su gli {query}"
skill-ovos-wolfie.openvoiceos,"search_wolfie.intent","cosa dice wolfram alpha su i {query}"
skill-ovos-wolfie.openvoiceos,"search_wolfie.intent","cosa dice wolfram alpha su il {query}"
skill-ovos-wolfie.openvoiceos,"search_wolfie.intent","cosa dice wolfram alpha su l' {query}"
skill-ovos-wolfie.openvoiceos,"search_wolfie.intent","cosa dice wolfram alpha su la {query}"
skill-ovos-wolfie.openvoiceos,"search_wolfie.intent","cosa dice wolfram alpha su le {query}"
skill-ovos-wolfie.openvoiceos,"search_wolfie.intent","cosa dice wolfram alpha su lo {query}"
skill-ovos-wolfie.openvoiceos,"search_wolfie.intent","cosa dice wolfram alpha su {query}"
skill-ovos-wolfie.openvoiceos,"search_wolfie.intent","cosa dice wolfram alpha sugli {query}"
skill-ovos-wolfie.openvoiceos,"search_wolfie.intent","cosa dice wolfram alpha sui {query}"
skill-ovos-wolfie.openvoiceos,"search_wolfie.intent","cosa dice wolfram alpha sul {query}"
skill-ovos-wolfie.openvoiceos,"search_wolfie.intent","cosa dice wolfram alpha sull' {query}"
skill-ovos-wolfie.openvoiceos,"search_wolfie.intent","cosa dice wolfram alpha sulla {query}"
skill-ovos-wolfie.openvoiceos,"search_wolfie.intent","cosa dice wolfram alpha sulle {query}"
skill-ovos-wolfie.openvoiceos,"search_wolfie.intent","cosa dice wolfram alpha sullo {query}"
skill-ovos-wolfie.openvoiceos,"search_wolfie.intent","cerca su wolfram alpha {query}"
skill-ovos-wolfie.openvoiceos,"search_wolfie.intent","cerca {query} su wolfram alpha"
skill-ovos-wolfie.openvoiceos,"search_wolfie.intent","ricerca su wolfram alpha {query}"
skill-ovos-wolfie.openvoiceos,"search_wolfie.intent","ricerca {query} su wolfram alpha"
skill-ovos-wolfie.openvoiceos,"search_wolfie.intent","cerca su wolfram {query}"
skill-ovos-wolfie.openvoiceos,"search_wolfie.intent","cerca {query} su wolfram"
skill-ovos-wolfie.openvoiceos,"search_wolfie.intent","ricerca su wolfram {query}"
skill-ovos-wolfie.openvoiceos,"search_wolfie.intent","ricerca {query} su wolfram"
skill-ovos-wolfie.openvoiceos,"search_wolfie.intent","cerca sul lupo  {query}"
skill-ovos-wolfie.openvoiceos,"search_wolfie.intent","cerca sul lupo degli {query}"
skill-ovos-wolfie.openvoiceos,"search_wolfie.intent","cerca sul lupo dei {query}"
skill-ovos-wolfie.openvoiceos,"search_wolfie.intent","cerca sul lupo del {query}"
skill-ovos-wolfie.openvoiceos,"search_wolfie.intent","cerca sul lupo dell' {query}"
skill-ovos-wolfie.openvoiceos,"search_wolfie.intent","cerca sul lupo della {query}"
skill-ovos-wolfie.openvoiceos,"search_wolfie.intent","cerca sul lupo delle {query}"
skill-ovos-wolfie.openvoiceos,"search_wolfie.intent","cerca sul lupo dello {query}"
skill-ovos-wolfie.openvoiceos,"search_wolfie.intent","cerca sul lupo di {query}"
skill-ovos-wolfie.openvoiceos,"search_wolfie.intent","cerca sul lupo su gli {query}"
skill-ovos-wolfie.openvoiceos,"search_wolfie.intent","cerca sul lupo su i {query}"
skill-ovos-wolfie.openvoiceos,"search_wolfie.intent","cerca sul lupo su il {query}"
skill-ovos-wolfie.openvoiceos,"search_wolfie.intent","cerca sul lupo su l' {query}"
skill-ovos-wolfie.openvoiceos,"search_wolfie.intent","cerca sul lupo su la {query}"
skill-ovos-wolfie.openvoiceos,"search_wolfie.intent","cerca sul lupo su le {query}"
skill-ovos-wolfie.openvoiceos,"search_wolfie.intent","cerca sul lupo su lo {query}"
skill-ovos-wolfie.openvoiceos,"search_wolfie.intent","cerca sul lupo su {query}"
skill-ovos-wolfie.openvoiceos,"search_wolfie.intent","cerca sul lupo sugli {query}"
skill-ovos-wolfie.openvoiceos,"search_wolfie.intent","cerca sul lupo sui {query}"
skill-ovos-wolfie.openvoiceos,"search_wolfie.intent","cerca sul lupo sul {query}"
skill-ovos-wolfie.openvoiceos,"search_wolfie.intent","cerca sul lupo sull' {query}"
skill-ovos-wolfie.openvoiceos,"search_wolfie.intent","cerca sul lupo sulla {query}"
skill-ovos-wolfie.openvoiceos,"search_wolfie.intent","cerca sul lupo sulle {query}"
skill-ovos-wolfie.openvoiceos,"search_wolfie.intent","cerca sul lupo sullo {query}"
skill-ovos-wolfie.openvoiceos,"search_wolfie.intent","ri sul lupo  {query}"
skill-ovos-wolfie.openvoiceos,"search_wolfie.intent","ri sul lupo degli {query}"
skill-ovos-wolfie.openvoiceos,"search_wolfie.intent","ri sul lupo dei {query}"
skill-ovos-wolfie.openvoiceos,"search_wolfie.intent","ri sul lupo del {query}"
skill-ovos-wolfie.openvoiceos,"search_wolfie.intent","ri sul lupo dell' {query}"
skill-ovos-wolfie.openvoiceos,"search_wolfie.intent","ri sul lupo della {query}"
skill-ovos-wolfie.openvoiceos,"search_wolfie.intent","ri sul lupo delle {query}"
skill-ovos-wolfie.openvoiceos,"search_wolfie.intent","ri sul lupo dello {query}"
skill-ovos-wolfie.openvoiceos,"search_wolfie.intent","ri sul lupo di {query}"
skill-ovos-wolfie.openvoiceos,"search_wolfie.intent","ri sul lupo su gli {query}"
skill-ovos-wolfie.openvoiceos,"search_wolfie.intent","ri sul lupo su i {query}"
skill-ovos-wolfie.openvoiceos,"search_wolfie.intent","ri sul lupo su il {query}"
skill-ovos-wolfie.openvoiceos,"search_wolfie.intent","ri sul lupo su l' {query}"
skill-ovos-wolfie.openvoiceos,"search_wolfie.intent","ri sul lupo su la {query}"
skill-ovos-wolfie.openvoiceos,"search_wolfie.intent","ri sul lupo su le {query}"
skill-ovos-wolfie.openvoiceos,"search_wolfie.intent","ri sul lupo su lo {query}"
skill-ovos-wolfie.openvoiceos,"search_wolfie.intent","ri sul lupo su {query}"
skill-ovos-wolfie.openvoiceos,"search_wolfie.intent","ri sul lupo sugli {query}"
skill-ovos-wolfie.openvoiceos,"search_wolfie.intent","ri sul lupo sui {query}"
skill-ovos-wolfie.openvoiceos,"search_wolfie.intent","ri sul lupo sul {query}"
skill-ovos-wolfie.openvoiceos,"search_wolfie.intent","ri sul lupo sull' {query}"
skill-ovos-wolfie.openvoiceos,"search_wolfie.intent","ri sul lupo sulla {query}"
skill-ovos-wolfie.openvoiceos,"search_wolfie.intent","ri sul lupo sulle {query}"
skill-ovos-wolfie.openvoiceos,"search_wolfie.intent","ri sul lupo sullo {query}"
skill-ovos-wolfie.openvoiceos,"search_wolfie.intent","chiedi a wolfram degli {query}"
skill-ovos-wolfie.openvoiceos,"search_wolfie.intent","chiedi a wolfram dei {query}"
skill-ovos-wolfie.openvoiceos,"search_wolfie.intent","chiedi a wolfram del {query}"
skill-ovos-wolfie.openvoiceos,"search_wolfie.intent","chiedi a wolfram dell' {query}"
skill-ovos-wolfie.openvoiceos,"search_wolfie.intent","chiedi a wolfram della {query}"
skill-ovos-wolfie.openvoiceos,"search_wolfie.intent","chiedi a wolfram delle {query}"
skill-ovos-wolfie.openvoiceos,"search_wolfie.intent","chiedi a wolfram dello {query}"
skill-ovos-wolfie.openvoiceos,"search_wolfie.intent","chiedi a wolfram di {query}"
skill-ovos-wolfie.openvoiceos,"search_wolfie.intent","chiedi a wolfram su gli {query}"
skill-ovos-wolfie.openvoiceos,"search_wolfie.intent","chiedi a wolfram su i {query}"
skill-ovos-wolfie.openvoiceos,"search_wolfie.intent","chiedi a wolfram su il {query}"
skill-ovos-wolfie.openvoiceos,"search_wolfie.intent","chiedi a wolfram su l' {query}"
skill-ovos-wolfie.openvoiceos,"search_wolfie.intent","chiedi a wolfram su la {query}"
skill-ovos-wolfie.openvoiceos,"search_wolfie.intent","chiedi a wolfram su le {query}"
skill-ovos-wolfie.openvoiceos,"search_wolfie.intent","chiedi a wolfram su lo {query}"
skill-ovos-wolfie.openvoiceos,"search_wolfie.intent","chiedi a wolfram su {query}"
skill-ovos-wolfie.openvoiceos,"search_wolfie.intent","chiedi a wolfram sugli {query}"
skill-ovos-wolfie.openvoiceos,"search_wolfie.intent","chiedi a wolfram sui {query}"
skill-ovos-wolfie.openvoiceos,"search_wolfie.intent","chiedi a wolfram sul {query}"
skill-ovos-wolfie.openvoiceos,"search_wolfie.intent","chiedi a wolfram sull' {query}"
skill-ovos-wolfie.openvoiceos,"search_wolfie.intent","chiedi a wolfram sulla {query}"
skill-ovos-wolfie.openvoiceos,"search_wolfie.intent","chiedi a wolfram sulle {query}"
skill-ovos-wolfie.openvoiceos,"search_wolfie.intent","chiedi a wolfram sullo {query}"
skill-ovos-wolfie.openvoiceos,"search_wolfie.intent","chiedi a wolfram alpha degli {query}"
skill-ovos-wolfie.openvoiceos,"search_wolfie.intent","chiedi a wolfram alpha dei {query}"
skill-ovos-wolfie.openvoiceos,"search_wolfie.intent","chiedi a wolfram alpha del {query}"
skill-ovos-wolfie.openvoiceos,"search_wolfie.intent","chiedi a wolfram alpha dell' {query}"
skill-ovos-wolfie.openvoiceos,"search_wolfie.intent","chiedi a wolfram alpha della {query}"
skill-ovos-wolfie.openvoiceos,"search_wolfie.intent","chiedi a wolfram alpha delle {query}"
skill-ovos-wolfie.openvoiceos,"search_wolfie.intent","chiedi a wolfram alpha dello {query}"
skill-ovos-wolfie.openvoiceos,"search_wolfie.intent","chiedi a wolfram alpha di {query}"
skill-ovos-wolfie.openvoiceos,"search_wolfie.intent","chiedi a wolfram alpha su gli {query}"
skill-ovos-wolfie.openvoiceos,"search_wolfie.intent","chiedi a wolfram alpha su i {query}"
skill-ovos-wolfie.openvoiceos,"search_wolfie.intent","chiedi a wolfram alpha su il {query}"
skill-ovos-wolfie.openvoiceos,"search_wolfie.intent","chiedi a wolfram alpha su l' {query}"
skill-ovos-wolfie.openvoiceos,"search_wolfie.intent","chiedi a wolfram alpha su la {query}"
skill-ovos-wolfie.openvoiceos,"search_wolfie.intent","chiedi a wolfram alpha su le {query}"
skill-ovos-wolfie.openvoiceos,"search_wolfie.intent","chiedi a wolfram alpha su lo {query}"
skill-ovos-wolfie.openvoiceos,"search_wolfie.intent","chiedi a wolfram alpha su {query}"
skill-ovos-wolfie.openvoiceos,"search_wolfie.intent","chiedi a wolfram alpha sugli {query}"
skill-ovos-wolfie.openvoiceos,"search_wolfie.intent","chiedi a wolfram alpha sui {query}"
skill-ovos-wolfie.openvoiceos,"search_wolfie.intent","chiedi a wolfram alpha sul {query}"
skill-ovos-wolfie.openvoiceos,"search_wolfie.intent","chiedi a wolfram alpha sull' {query}"
skill-ovos-wolfie.openvoiceos,"search_wolfie.intent","chiedi a wolfram alpha sulla {query}"
skill-ovos-wolfie.openvoiceos,"search_wolfie.intent","chiedi a wolfram alpha sulle {query}"
skill-ovos-wolfie.openvoiceos,"search_wolfie.intent","chiedi a wolfram alpha sullo {query}"
skill-ovos-wolfie.openvoiceos,"search_wolfie.intent","chiedi al lupo degli {query}"
skill-ovos-wolfie.openvoiceos,"search_wolfie.intent","chiedi al lupo dei {query}"
skill-ovos-wolfie.openvoiceos,"search_wolfie.intent","chiedi al lupo del {query}"
skill-ovos-wolfie.openvoiceos,"search_wolfie.intent","chiedi al lupo dell' {query}"
skill-ovos-wolfie.openvoiceos,"search_wolfie.intent","chiedi al lupo della {query}"
skill-ovos-wolfie.openvoiceos,"search_wolfie.intent","chiedi al lupo delle {query}"
skill-ovos-wolfie.openvoiceos,"search_wolfie.intent","chiedi al lupo dello {query}"
skill-ovos-wolfie.openvoiceos,"search_wolfie.intent","chiedi al lupo di {query}"
skill-ovos-wolfie.openvoiceos,"search_wolfie.intent","chiedi al lupo su gli {query}"
skill-ovos-wolfie.openvoiceos,"search_wolfie.intent","chiedi al lupo su i {query}"
skill-ovos-wolfie.openvoiceos,"search_wolfie.intent","chiedi al lupo su il {query}"
skill-ovos-wolfie.openvoiceos,"search_wolfie.intent","chiedi al lupo su l' {query}"
skill-ovos-wolfie.openvoiceos,"search_wolfie.intent","chiedi al lupo su la {query}"
skill-ovos-wolfie.openvoiceos,"search_wolfie.intent","chiedi al lupo su le {query}"
skill-ovos-wolfie.openvoiceos,"search_wolfie.intent","chiedi al lupo su lo {query}"
skill-ovos-wolfie.openvoiceos,"search_wolfie.intent","chiedi al lupo su {query}"
skill-ovos-wolfie.openvoiceos,"search_wolfie.intent","chiedi al lupo sugli {query}"
skill-ovos-wolfie.openvoiceos,"search_wolfie.intent","chiedi al lupo sui {query}"
skill-ovos-wolfie.openvoiceos,"search_wolfie.intent","chiedi al lupo sul {query}"
skill-ovos-wolfie.openvoiceos,"search_wolfie.intent","chiedi al lupo sull' {query}"
skill-ovos-wolfie.openvoiceos,"search_wolfie.intent","chiedi al lupo sulla {query}"
skill-ovos-wolfie.openvoiceos,"search_wolfie.intent","chiedi al lupo sulle {query}"
skill-ovos-wolfie.openvoiceos,"search_wolfie.intent","chiedi al lupo sullo {query}"
skill-ovos-wolfie.openvoiceos,"search_wolfie.intent","cosa dice wolfram degli {query}"
skill-ovos-wolfie.openvoiceos,"search_wolfie.intent","cosa dice wolfram dei {query}"
skill-ovos-wolfie.openvoiceos,"search_wolfie.intent","cosa dice wolfram del {query}"
skill-ovos-wolfie.openvoiceos,"search_wolfie.intent","cosa dice wolfram dell' {query}"
skill-ovos-wolfie.openvoiceos,"search_wolfie.intent","cosa dice wolfram della {query}"
skill-ovos-wolfie.openvoiceos,"search_wolfie.intent","cosa dice wolfram delle {query}"
skill-ovos-wolfie.openvoiceos,"search_wolfie.intent","cosa dice wolfram dello {query}"
skill-ovos-wolfie.openvoiceos,"search_wolfie.intent","cosa dice wolfram di {query}"
skill-ovos-wolfie.openvoiceos,"search_wolfie.intent","cosa dice wolfram su gli {query}"
skill-ovos-wolfie.openvoiceos,"search_wolfie.intent","cosa dice wolfram su i {query}"
skill-ovos-wolfie.openvoiceos,"search_wolfie.intent","cosa dice wolfram su il {query}"
skill-ovos-wolfie.openvoiceos,"search_wolfie.intent","cosa dice wolfram su l' {query}"
skill-ovos-wolfie.openvoiceos,"search_wolfie.intent","cosa dice wolfram su la {query}"
skill-ovos-wolfie.openvoiceos,"search_wolfie.intent","cosa dice wolfram su le {query}"
skill-ovos-wolfie.openvoiceos,"search_wolfie.intent","cosa dice wolfram su lo {query}"
skill-ovos-wolfie.openvoiceos,"search_wolfie.intent","cosa dice wolfram su {query}"
skill-ovos-wolfie.openvoiceos,"search_wolfie.intent","cosa dice wolfram sugli {query}"
skill-ovos-wolfie.openvoiceos,"search_wolfie.intent","cosa dice wolfram sui {query}"
skill-ovos-wolfie.openvoiceos,"search_wolfie.intent","cosa dice wolfram sul {query}"
skill-ovos-wolfie.openvoiceos,"search_wolfie.intent","cosa dice wolfram sull' {query}"
skill-ovos-wolfie.openvoiceos,"search_wolfie.intent","cosa dice wolfram sulla {query}"
skill-ovos-wolfie.openvoiceos,"search_wolfie.intent","cosa dice wolfram sulle {query}"
skill-ovos-wolfie.openvoiceos,"search_wolfie.intent","cosa dice wolfram sullo {query}"