domain,intent,utterance
ovos-skill-alerts.openvoiceos,"missed_alerts.intent","zein alarma galdu dut?"
ovos-skill-alerts.openvoiceos,"missed_alerts.intent","zein alarma galdu nuen?"
ovos-skill-alerts.openvoiceos,"missed_alerts.intent","zein alerta galdu dut?"
ovos-skill-alerts.openvoiceos,"missed_alerts.intent","zein alerta galdu nuen?"
ovos-skill-alerts.openvoiceos,"missed_alerts.intent","zein ekitaldi galdu dut?"
ovos-skill-alerts.openvoiceos,"missed_alerts.intent","zein ekitaldi galdu nuen?"
ovos-skill-alerts.openvoiceos,"missed_alerts.intent","zein gogorarazpen galdu dut?"
ovos-skill-alerts.openvoiceos,"missed_alerts.intent","zein gogorarazpen galdu nuen?"
ovos-skill-alerts.openvoiceos,"missed_alerts.intent","zein tenporizadore galdu dut?"
ovos-skill-alerts.openvoiceos,"missed_alerts.intent","zein tenporizadore galdu nuen?"
ovos-skill-alerts.openvoiceos,"missed_alerts.intent","zer alarma galdu dut?"
ovos-skill-alerts.openvoiceos,"missed_alerts.intent","zer alarma galdu nuen?"
ovos-skill-alerts.openvoiceos,"missed_alerts.intent","zer alerta galdu dut?"
ovos-skill-alerts.openvoiceos,"missed_alerts.intent","zer alerta galdu nuen?"
ovos-skill-alerts.openvoiceos,"missed_alerts.intent","zer ekitaldi galdu dut?"
ovos-skill-alerts.openvoiceos,"missed_alerts.intent","zer ekitaldi galdu nuen?"
ovos-skill-alerts.openvoiceos,"missed_alerts.intent","zer gogorarazpen galdu dut?"
ovos-skill-alerts.openvoiceos,"missed_alerts.intent","zer gogorarazpen galdu nuen?"
ovos-skill-alerts.openvoiceos,"missed_alerts.intent","zer tenporizadore galdu dut?"
ovos-skill-alerts.openvoiceos,"missed_alerts.intent","zer tenporizadore galdu nuen?"
ovos-skill-alerts.openvoiceos,"missed_alerts.intent","Ba al dago galdutako alarmaren bat?"
ovos-skill-alerts.openvoiceos,"missed_alerts.intent","Ba al dago galdutako alarmarik?"
ovos-skill-alerts.openvoiceos,"missed_alerts.intent","Ba al dago galdutako alertaren bat?"
ovos-skill-alerts.openvoiceos,"missed_alerts.intent","Ba al dago galdutako alertarik?"
ovos-skill-alerts.openvoiceos,"missed_alerts.intent","Ba al dago galdutako ekitaldiren bat?"
ovos-skill-alerts.openvoiceos,"missed_alerts.intent","Ba al dago galdutako ekitaldirik?"
ovos-skill-alerts.openvoiceos,"missed_alerts.intent","Ba al dago galdutako gogorarazpenen bat?"
ovos-skill-alerts.openvoiceos,"missed_alerts.intent","Ba al dago galdutako gogorarazpenik?"
ovos-skill-alerts.openvoiceos,"missed_alerts.intent","Ba al dago galdutako tenporizadoreren bat?"
ovos-skill-alerts.openvoiceos,"missed_alerts.intent","Ba al dago galdutako tenporizadorerik?"
ovos-skill-alerts.openvoiceos,"missed_alerts.intent","Ba al dut galdutako alarmaren bat?"
ovos-skill-alerts.openvoiceos,"missed_alerts.intent","Ba al dut galdutako alarmarik?"
ovos-skill-alerts.openvoiceos,"missed_alerts.intent","Ba al dut galdutako alertaren bat?"
ovos-skill-alerts.openvoiceos,"missed_alerts.intent","Ba al dut galdutako alertarik?"
ovos-skill-alerts.openvoiceos,"missed_alerts.intent","Ba al dut galdutako ekitaldiren bat?"
ovos-skill-alerts.openvoiceos,"missed_alerts.intent","Ba al dut galdutako ekitaldirik?"
ovos-skill-alerts.openvoiceos,"missed_alerts.intent","Ba al dut galdutako gogorarazpenen bat?"
ovos-skill-alerts.openvoiceos,"missed_alerts.intent","Ba al dut galdutako gogorarazpenik?"
ovos-skill-alerts.openvoiceos,"missed_alerts.intent","Ba al dut galdutako tenporizadoreren bat?"
ovos-skill-alerts.openvoiceos,"missed_alerts.intent","Ba al dut galdutako tenporizadorerik?"
ovos-skill-alerts.openvoiceos,"missed_alerts.intent","Ba al nuen galdutako alarmaren bat?"
ovos-skill-alerts.openvoiceos,"missed_alerts.intent","Ba al nuen galdutako alarmarik?"
ovos-skill-alerts.openvoiceos,"missed_alerts.intent","Ba al nuen galdutako alertaren bat?"
ovos-skill-alerts.openvoiceos,"missed_alerts.intent","Ba al nuen galdutako alertarik?"
ovos-skill-alerts.openvoiceos,"missed_alerts.intent","Ba al nuen galdutako ekitaldiren bat?"
ovos-skill-alerts.openvoiceos,"missed_alerts.intent","Ba al nuen galdutako ekitaldirik?"
ovos-skill-alerts.openvoiceos,"missed_alerts.intent","Ba al nuen galdutako gogorarazpenen bat?"
ovos-skill-alerts.openvoiceos,"missed_alerts.intent","Ba al nuen galdutako gogorarazpenik?"
ovos-skill-alerts.openvoiceos,"missed_alerts.intent","Ba al nuen galdutako tenporizadoreren bat?"
ovos-skill-alerts.openvoiceos,"missed_alerts.intent","Ba al nuen galdutako tenporizadorerik?"
ovos-skill-alerts.openvoiceos,"missed_alerts.intent","Ba al zegoen galdutako alarmaren bat?"
ovos-skill-alerts.openvoiceos,"missed_alerts.intent","Ba al zegoen galdutako alarmarik?"
ovos-skill-alerts.openvoiceos,"missed_alerts.intent","Ba al zegoen galdutako alertaren bat?"
ovos-skill-alerts.openvoiceos,"missed_alerts.intent","Ba al zegoen galdutako alertarik?"
ovos-skill-alerts.openvoiceos,"missed_alerts.intent","Ba al zegoen galdutako ekitaldiren bat?"
ovos-skill-alerts.openvoiceos,"missed_alerts.intent","Ba al zegoen galdutako ekitaldirik?"
ovos-skill-alerts.openvoiceos,"missed_alerts.intent","Ba al zegoen galdutako gogorarazpenen bat?"
ovos-skill-alerts.openvoiceos,"missed_alerts.intent","Ba al zegoen galdutako gogorarazpenik?"
ovos-skill-alerts.openvoiceos,"missed_alerts.intent","Ba al zegoen galdutako tenporizadoreren bat?"
ovos-skill-alerts.openvoiceos,"missed_alerts.intent","Ba al zegoen galdutako tenporizadorerik?"
ovos-skill-confucius-quotes.openvoiceos,"who.intent","nor den konfuzio"
ovos-skill-confucius-quotes.openvoiceos,"who.intent","nor zen konfuzio"
ovos-skill-days-in-history.openvoiceos,"deaths_in_history.intent","nor hil zen gaur bezalako egun batean iraganean?"
ovos-skill-days-in-history.openvoiceos,"births_in_history.intent","nor jaio zen gaur bezalako egun batean iraganean?"
ovos-skill-days-in-history.openvoiceos,"today_in_history.intent","egun honetan iraganean"
ovos-skill-days-in-history.openvoiceos,"today_in_history.intent","gaur bezalako egun batean iraganean"
ovos-skill-days-in-history.openvoiceos,"today_in_history.intent","gaurko egunez iraganean"
ovos-skill-days-in-history.openvoiceos,"today_in_history.intent","kontadazu zer  gertatu zen egun honetan"
ovos-skill-days-in-history.openvoiceos,"today_in_history.intent","kontadazu zer  gertatu zen egun honetan iraganean"
ovos-skill-days-in-history.openvoiceos,"today_in_history.intent","kontadazu zer  gertatu zen gaur bezalako egun batean"
ovos-skill-days-in-history.openvoiceos,"today_in_history.intent","kontadazu zer  gertatu zen gaur bezalako egun batean iraganean"
ovos-skill-days-in-history.openvoiceos,"today_in_history.intent","kontadazu zer  gertatu zen gaurko egunez"
ovos-skill-days-in-history.openvoiceos,"today_in_history.intent","kontadazu zer  gertatu zen gaurko egunez iraganean"
ovos-skill-days-in-history.openvoiceos,"today_in_history.intent","kontadazu zer gertakari historiko gertatu zen egun honetan"
ovos-skill-days-in-history.openvoiceos,"today_in_history.intent","kontadazu zer gertakari historiko gertatu zen egun honetan iraganean"
ovos-skill-days-in-history.openvoiceos,"today_in_history.intent","kontadazu zer gertakari historiko gertatu zen gaur bezalako egun batean"
ovos-skill-days-in-history.openvoiceos,"today_in_history.intent","kontadazu zer gertakari historiko gertatu zen gaur bezalako egun batean iraganean"
ovos-skill-days-in-history.openvoiceos,"today_in_history.intent","kontadazu zer gertakari historiko gertatu zen gaurko egunez"
ovos-skill-days-in-history.openvoiceos,"today_in_history.intent","kontadazu zer gertakari historiko gertatu zen gaurko egunez iraganean"
ovos-skill-days-in-history.openvoiceos,"today_in_history.intent","zer  gertatu zen egun honetan"
ovos-skill-days-in-history.openvoiceos,"today_in_history.intent","zer  gertatu zen egun honetan iraganean"
ovos-skill-days-in-history.openvoiceos,"today_in_history.intent","zer  gertatu zen gaur bezalako egun batean"
ovos-skill-days-in-history.openvoiceos,"today_in_history.intent","zer  gertatu zen gaur bezalako egun batean iraganean"
ovos-skill-days-in-history.openvoiceos,"today_in_history.intent","zer  gertatu zen gaurko egunez"
ovos-skill-days-in-history.openvoiceos,"today_in_history.intent","zer  gertatu zen gaurko egunez iraganean"
ovos-skill-days-in-history.openvoiceos,"today_in_history.intent","zer gertakari historiko gertatu zen egun honetan"
ovos-skill-days-in-history.openvoiceos,"today_in_history.intent","zer gertakari historiko gertatu zen egun honetan iraganean"
ovos-skill-days-in-history.openvoiceos,"today_in_history.intent","zer gertakari historiko gertatu zen gaur bezalako egun batean"
ovos-skill-days-in-history.openvoiceos,"today_in_history.intent","zer gertakari historiko gertatu zen gaur bezalako egun batean iraganean"
ovos-skill-days-in-history.openvoiceos,"today_in_history.intent","zer gertakari historiko gertatu zen gaurko egunez"
ovos-skill-days-in-history.openvoiceos,"today_in_history.intent","zer gertakari historiko gertatu zen gaurko egunez iraganean"
ovos-skill-days-in-history.openvoiceos,"today_in_history.intent","kontadazu zer  gertatu zen {date} egunean"
ovos-skill-days-in-history.openvoiceos,"today_in_history.intent","kontadazu zer  gertatu zen {date} egunean iraganean"
ovos-skill-days-in-history.openvoiceos,"today_in_history.intent","kontadazu zer gertakari historiko gertatu zen {date} egunean"
ovos-skill-days-in-history.openvoiceos,"today_in_history.intent","kontadazu zer gertakari historiko gertatu zen {date} egunean iraganean"
ovos-skill-days-in-history.openvoiceos,"today_in_history.intent","zer  gertatu zen {date} egunean"
ovos-skill-days-in-history.openvoiceos,"today_in_history.intent","zer  gertatu zen {date} egunean iraganean"
ovos-skill-days-in-history.openvoiceos,"today_in_history.intent","zer gertakari historiko gertatu zen {date} egunean"
ovos-skill-days-in-history.openvoiceos,"today_in_history.intent","zer gertakari historiko gertatu zen {date} egunean iraganean"
ovos-skill-dictation.openvoiceos,"start_dictation.intent","aktibatu ahotsetik testurako grabaketa {name} gisa"
ovos-skill-dictation.openvoiceos,"start_dictation.intent","aktibatu diktaketa"
ovos-skill-dictation.openvoiceos,"start_dictation.intent","aktibatu diktaketa {name} izenarekin"
ovos-skill-dictation.openvoiceos,"start_dictation.intent","aktibatu testu-hautematea"
ovos-skill-dictation.openvoiceos,"start_dictation.intent","aktibatu testu-transkripzio modua {name} izenarekin"
ovos-skill-dictation.openvoiceos,"start_dictation.intent","aktibatu testu-transkripzioa"
ovos-skill-dictation.openvoiceos,"start_dictation.intent","aktibatu testu-transkripzioa {name} izenarekin"
ovos-skill-dictation.openvoiceos,"start_dictation.intent","aktibatu testua hautemateko modua"
ovos-skill-dictation.openvoiceos,"start_dictation.intent","gaitu ahotsetik testura modua"
ovos-skill-dictation.openvoiceos,"start_dictation.intent","gaitu al dezakezu diktaketa-modua"
ovos-skill-dictation.openvoiceos,"start_dictation.intent","gaitu al dezakezu testu-transkripzioa"
ovos-skill-dictation.openvoiceos,"start_dictation.intent","gaitu dezagun diktaketa modua"
ovos-skill-dictation.openvoiceos,"start_dictation.intent","gaitu dezagun testu-transkripzioa"
ovos-skill-dictation.openvoiceos,"start_dictation.intent","gaitu diktaketa modua"
ovos-skill-dictation.openvoiceos,"start_dictation.intent","gaitu diktaketa modua honetarako {name}"
ovos-skill-dictation.openvoiceos,"start_dictation.intent","gaitu diktaketa {name} izenarekin"
ovos-skill-dictation.openvoiceos,"start_dictation.intent","gaitu testu-transkripzioa"
ovos-skill-dictation.openvoiceos,"start_dictation.intent","gaitu testu-transkripzioa {name} izenarekin"
ovos-skill-dictation.openvoiceos,"start_dictation.intent","gaitu transkripzioaren funtzioa"
ovos-skill-dictation.openvoiceos,"start_dictation.intent","grabatu testua"
ovos-skill-dictation.openvoiceos,"start_dictation.intent","grabatu testua mesedez"
ovos-skill-dictation.openvoiceos,"start_dictation.intent","grabatu testua orain"
ovos-skill-dictation.openvoiceos,"start_dictation.intent","grabatu testua orain mesedez"
ovos-skill-dictation.openvoiceos,"start_dictation.intent","grabatu testua {name} gisa"
ovos-skill-dictation.openvoiceos,"start_dictation.intent","grabatu testua {name} gisa orain"
ovos-skill-dictation.openvoiceos,"start_dictation.intent","grabatu testua {name} gisa orain mesedez"
ovos-skill-dictation.openvoiceos,"start_dictation.intent","grabatu {name} izeneko testua"
ovos-skill-dictation.openvoiceos,"start_dictation.intent","grabatu {name} izeneko testua mesedez"
ovos-skill-dictation.openvoiceos,"start_dictation.intent","grabatu {name} izeneko testua orain"
ovos-skill-dictation.openvoiceos,"start_dictation.intent","grabatu {name} izeneko testua orain mesedez"
ovos-skill-dictation.openvoiceos,"start_dictation.intent","has al dezakegu diktaketa"
ovos-skill-dictation.openvoiceos,"start_dictation.intent","has al dezakegu {name} izeneko diktaketa"
ovos-skill-dictation.openvoiceos,"start_dictation.intent","has al dezakezu diktaketa"
ovos-skill-dictation.openvoiceos,"start_dictation.intent","has al dezakezu {name} izeneko diktaketa"
ovos-skill-dictation.openvoiceos,"start_dictation.intent","has al gaitezke testua gordetzen"
ovos-skill-dictation.openvoiceos,"start_dictation.intent","has al zaitezke testua gordetzen"
ovos-skill-dictation.openvoiceos,"start_dictation.intent","has dezagun diktaketa"
ovos-skill-dictation.openvoiceos,"start_dictation.intent","has dezagun {name} izeneko diktaketa"
ovos-skill-dictation.openvoiceos,"start_dictation.intent","has gaitezen testua gordetzen"
ovos-skill-dictation.openvoiceos,"start_dictation.intent","hasi ahotsa testu bihurtzen"
ovos-skill-dictation.openvoiceos,"start_dictation.intent","hasi ahotsa testu bihurtzen {name} gisa"
ovos-skill-dictation.openvoiceos,"start_dictation.intent","hasi ahotsetik testura grabatzen"
ovos-skill-dictation.openvoiceos,"start_dictation.intent","hasi ahotsetik testurako bihurketa"
ovos-skill-dictation.openvoiceos,"start_dictation.intent","hasi ahozko informazioa grabatzen"
ovos-skill-dictation.openvoiceos,"start_dictation.intent","hasi audioa transkribatzen {name} gisa"
ovos-skill-dictation.openvoiceos,"start_dictation.intent","hasi diktaketa"
ovos-skill-dictation.openvoiceos,"start_dictation.intent","hasi diktaketa hartzen"
ovos-skill-dictation.openvoiceos,"start_dictation.intent","hasi diktaketa {name} izenarekin"
ovos-skill-dictation.openvoiceos,"start_dictation.intent","hasi esandako hitzak gordetzen"
ovos-skill-dictation.openvoiceos,"start_dictation.intent","hasi hitzak grabatzen {name} gisa"
ovos-skill-dictation.openvoiceos,"start_dictation.intent","hasi idazten ahotsetik"
ovos-skill-dictation.openvoiceos,"start_dictation.intent","hasi ohar-konpilazioa"
ovos-skill-dictation.openvoiceos,"start_dictation.intent","hasi oharrak egiten"
ovos-skill-dictation.openvoiceos,"start_dictation.intent","hasi oharrak grabatzen"
ovos-skill-dictation.openvoiceos,"start_dictation.intent","hasi oharrak hartzen"
ovos-skill-dictation.openvoiceos,"start_dictation.intent","hasi oharrak hartzen mesedez"
ovos-skill-dictation.openvoiceos,"start_dictation.intent","hasi oharrak hartzen {name} gisa"
ovos-skill-dictation.openvoiceos,"start_dictation.intent","hasi oharrak hartzen {name} izenarekin"
ovos-skill-dictation.openvoiceos,"start_dictation.intent","hasi orain oharrak hartzen"
ovos-skill-dictation.openvoiceos,"start_dictation.intent","hasi orain oharrak hartzen mesedez"
ovos-skill-dictation.openvoiceos,"start_dictation.intent","hasi orain {name} izeneko oharrak hartzen"
ovos-skill-dictation.openvoiceos,"start_dictation.intent","hasi testu-edukiak sortzen"
ovos-skill-dictation.openvoiceos,"start_dictation.intent","hasi testu-grabaketa"
ovos-skill-dictation.openvoiceos,"start_dictation.intent","hasi testu-grabaketa {name} gisa"
ovos-skill-dictation.openvoiceos,"start_dictation.intent","hasi testu-oharrak hartzen"
ovos-skill-dictation.openvoiceos,"start_dictation.intent","hasi testu-transkripzioa"
ovos-skill-dictation.openvoiceos,"start_dictation.intent","hasi testu-transkripzioa sortzen"
ovos-skill-dictation.openvoiceos,"start_dictation.intent","hasi testua diktatzen"
ovos-skill-dictation.openvoiceos,"start_dictation.intent","hasi testua gordetzen"
ovos-skill-dictation.openvoiceos,"start_dictation.intent","hasi testua grabatzen"
ovos-skill-dictation.openvoiceos,"start_dictation.intent","hasi testua grabatzen {name} gisa"
ovos-skill-dictation.openvoiceos,"start_dictation.intent","hasi testua hautematen"
ovos-skill-dictation.openvoiceos,"start_dictation.intent","hasi testua hautematen {name} gisa"
ovos-skill-dictation.openvoiceos,"start_dictation.intent","hasi testua hautematen {name} izenarekin"
ovos-skill-dictation.openvoiceos,"start_dictation.intent","hasi testua idazten"
ovos-skill-dictation.openvoiceos,"start_dictation.intent","hasi testua idazten {name} gisa"
ovos-skill-dictation.openvoiceos,"start_dictation.intent","hasi testua transkribatzeko prozesua"
ovos-skill-dictation.openvoiceos,"start_dictation.intent","hasi testua transkribatzen"
ovos-skill-dictation.openvoiceos,"start_dictation.intent","hasi testuaren dokumentazioa"
ovos-skill-dictation.openvoiceos,"start_dictation.intent","hasi transkribatzen"
ovos-skill-dictation.openvoiceos,"start_dictation.intent","hasi transkribatzen {name} gisa"
ovos-skill-dictation.openvoiceos,"start_dictation.intent","hasi {name} izeneko diktaketa"
ovos-skill-dictation.openvoiceos,"start_dictation.intent","hasi {name} izeneko diktaketa hartzen"
ovos-skill-dictation.openvoiceos,"start_dictation.intent","hasi {name} izeneko ohar-konpilazioa"
ovos-skill-dictation.openvoiceos,"start_dictation.intent","hasi {name} izeneko oharrak hartzen"
ovos-skill-dictation.openvoiceos,"start_dictation.intent","hasi {name} izeneko oharrak hartzen mesedez"
ovos-skill-dictation.openvoiceos,"start_dictation.intent","hasi {name} izeneko testu-transkripzioa"
ovos-skill-dictation.openvoiceos,"start_dictation.intent","hasi {name} izeneko testua hautematen"
ovos-skill-dictation.openvoiceos,"stop_dictation.intent","amaitu al dezakegu diktaketa"
ovos-skill-dictation.openvoiceos,"stop_dictation.intent","amaitu al dezakegu oharrak hartzen"
ovos-skill-dictation.openvoiceos,"stop_dictation.intent","amaitu al dezakegu testua hautematen"
ovos-skill-dictation.openvoiceos,"stop_dictation.intent","amaitu al dezakegu transkripzioa"
ovos-skill-dictation.openvoiceos,"stop_dictation.intent","amaitu dezagun diktaketa"
ovos-skill-dictation.openvoiceos,"stop_dictation.intent","amaitu dezagun oharrak hartzen"
ovos-skill-dictation.openvoiceos,"stop_dictation.intent","amaitu dezagun testua hautematen"
ovos-skill-dictation.openvoiceos,"stop_dictation.intent","amaitu dezagun transkripzioa"
ovos-skill-dictation.openvoiceos,"stop_dictation.intent","amaitu diktaketa"
ovos-skill-dictation.openvoiceos,"stop_dictation.intent","amaitu oharrak hartzen"
ovos-skill-dictation.openvoiceos,"stop_dictation.intent","amaitu testua hautematen"
ovos-skill-dictation.openvoiceos,"stop_dictation.intent","amaitu transkripzioa"
ovos-skill-dictation.openvoiceos,"stop_dictation.intent","buka al dezakezu diktaketa"
ovos-skill-dictation.openvoiceos,"stop_dictation.intent","buka al dezakezu oharrak hartzen"
ovos-skill-dictation.openvoiceos,"stop_dictation.intent","buka al dezakezu testua hautematen"
ovos-skill-dictation.openvoiceos,"stop_dictation.intent","buka al dezakezu transkripzioa"
ovos-skill-dictation.openvoiceos,"stop_dictation.intent","buka dezagun diktaketa"
ovos-skill-dictation.openvoiceos,"stop_dictation.intent","buka dezagun ohar-hartzea"
ovos-skill-dictation.openvoiceos,"stop_dictation.intent","buka dezagun testu-hautematea"
ovos-skill-dictation.openvoiceos,"stop_dictation.intent","buka dezagun transkripzioa"
ovos-skill-dictation.openvoiceos,"stop_dictation.intent","bukatu diktaketa"
ovos-skill-dictation.openvoiceos,"stop_dictation.intent","bukatu ohar-hartzea"
ovos-skill-dictation.openvoiceos,"stop_dictation.intent","bukatu testu-hautematea"
ovos-skill-dictation.openvoiceos,"stop_dictation.intent","bukatu transkripzioa"
ovos-skill-dictation.openvoiceos,"stop_dictation.intent","desaktiba al dezakezu diktaketa"
ovos-skill-dictation.openvoiceos,"stop_dictation.intent","desaktiba al dezakezu testu-transkripzioa"
ovos-skill-dictation.openvoiceos,"stop_dictation.intent","desaktiba dezagun diktaketa"
ovos-skill-dictation.openvoiceos,"stop_dictation.intent","desaktiba dezagun testu-transkripzioa"
ovos-skill-dictation.openvoiceos,"stop_dictation.intent","desaktibatu diktaketa"
ovos-skill-dictation.openvoiceos,"stop_dictation.intent","desaktibatu testu-transkripzioa"
ovos-skill-dictation.openvoiceos,"stop_dictation.intent","desgaitu al dezakezu diktaketa-modua"
ovos-skill-dictation.openvoiceos,"stop_dictation.intent","desgaitu al dezakezu testu-transkripzioa"
ovos-skill-dictation.openvoiceos,"stop_dictation.intent","desgaitu dezagun diktaketa modua"
ovos-skill-dictation.openvoiceos,"stop_dictation.intent","desgaitu dezagun testu-transkripzioa"
ovos-skill-dictation.openvoiceos,"stop_dictation.intent","desgaitu diktaketa modua"
ovos-skill-dictation.openvoiceos,"stop_dictation.intent","desgaitu testu-transkripzioa"
ovos-skill-dictation.openvoiceos,"stop_dictation.intent","geldi al dezakezu diktaketa"
ovos-skill-dictation.openvoiceos,"stop_dictation.intent","geldi al dezakezu testu-hautematea"
ovos-skill-dictation.openvoiceos,"stop_dictation.intent","geldi al dezakezu transkripzioa"
ovos-skill-dictation.openvoiceos,"stop_dictation.intent","geldi dezagun diktaketa"
ovos-skill-dictation.openvoiceos,"stop_dictation.intent","geldi dezagun ohar-hartzea"
ovos-skill-dictation.openvoiceos,"stop_dictation.intent","geldi dezagun testu-hautematea"
ovos-skill-dictation.openvoiceos,"stop_dictation.intent","geldi dezagun transkripzioa"
ovos-skill-dictation.openvoiceos,"stop_dictation.intent","gelditu diktaketa"
ovos-skill-dictation.openvoiceos,"stop_dictation.intent","gelditu ohar-hartzea"
ovos-skill-dictation.openvoiceos,"stop_dictation.intent","gelditu testu-hautematea"
ovos-skill-dictation.openvoiceos,"stop_dictation.intent","gelditu transkripzioa"
ovos-skill-dictation.openvoiceos,"stop_dictation.intent","utz al dezakezu diktaketa"
ovos-skill-dictation.openvoiceos,"stop_dictation.intent","utz al dezakezu transkripzioa"
ovos-skill-dictation.openvoiceos,"stop_dictation.intent","utz al diezaiokezu oharrak hartzeari"
ovos-skill-dictation.openvoiceos,"stop_dictation.intent","utz al diezaiokezu testua hautemateari"
ovos-skill-dictation.openvoiceos,"stop_dictation.intent","utz dezagun diktaketa"
ovos-skill-dictation.openvoiceos,"stop_dictation.intent","utz dezagun transkripzioa"
ovos-skill-dictation.openvoiceos,"stop_dictation.intent","utz diezaiogun oharrak hartzeari"
ovos-skill-dictation.openvoiceos,"stop_dictation.intent","utz diezaiogun testua hautemateari"
ovos-skill-dictation.openvoiceos,"stop_dictation.intent","utzi diktaketa"
ovos-skill-dictation.openvoiceos,"stop_dictation.intent","utzi oharrak hartzeari"
ovos-skill-dictation.openvoiceos,"stop_dictation.intent","utzi testua hautemateari"
ovos-skill-dictation.openvoiceos,"stop_dictation.intent","utzi transkripzioa"
ovos-skill-ip.openvoiceos,"what.ssid.intent","zein sare ari zara erabiltzen konektatzeko"
ovos-skill-ip.openvoiceos,"what.ssid.intent","zein ssid ari zara erabiltzen konektatzeko"
ovos-skill-ip.openvoiceos,"what.ssid.intent","zein wifi ari zara erabiltzen konektatzeko"
ovos-skill-ip.openvoiceos,"what.ssid.intent","zein wifi-sare ari zara erabiltzen konektatzeko"
ovos-skill-iss-location.openvoiceos,"where_iss.intent","begira  estazio espaziala non dagoen"
ovos-skill-iss-location.openvoiceos,"where_iss.intent","begira N E E non dagoen"
ovos-skill-iss-location.openvoiceos,"where_iss.intent","begira NEE non dagoen"
ovos-skill-iss-location.openvoiceos,"where_iss.intent","begira nazioarteko estazio espaziala non dagoen"
ovos-skill-iss-location.openvoiceos,"where_iss.intent","kontadazu  estazio espaziala non dagoen"
ovos-skill-iss-location.openvoiceos,"where_iss.intent","kontadazu N E E non dagoen"
ovos-skill-iss-location.openvoiceos,"where_iss.intent","kontadazu NEE non dagoen"
ovos-skill-iss-location.openvoiceos,"where_iss.intent","kontadazu nazioarteko estazio espaziala non dagoen"
ovos-skill-iss-location.openvoiceos,"where_iss.intent","non dago  estazio espaziala?"
ovos-skill-iss-location.openvoiceos,"where_iss.intent","non dago N E E?"
ovos-skill-iss-location.openvoiceos,"where_iss.intent","non dago NEE?"
ovos-skill-iss-location.openvoiceos,"where_iss.intent","non dago nazioarteko estazio espaziala?"
ovos-skill-iss-location.openvoiceos,"where_iss.intent","non kokatzen da  estazio espaziala?"
ovos-skill-iss-location.openvoiceos,"where_iss.intent","non kokatzen da N E E?"
ovos-skill-iss-location.openvoiceos,"where_iss.intent","non kokatzen da NEE?"
ovos-skill-iss-location.openvoiceos,"where_iss.intent","non kokatzen da nazioarteko estazio espaziala?"
ovos-skill-iss-location.openvoiceos,"when_iss.intent","N E E noiz egongo da  gainean?"
ovos-skill-iss-location.openvoiceos,"when_iss.intent","N E E noiz egongo da  gainetik?"
ovos-skill-iss-location.openvoiceos,"when_iss.intent","N E E noiz egongo da gure gainean?"
ovos-skill-iss-location.openvoiceos,"when_iss.intent","N E E noiz egongo da gure gainetik?"
ovos-skill-iss-location.openvoiceos,"when_iss.intent","N E E noiz egongo da nire gainean?"
ovos-skill-iss-location.openvoiceos,"when_iss.intent","N E E noiz egongo da nire gainetik?"
ovos-skill-iss-location.openvoiceos,"when_iss.intent","N E E noiz igaroko da  gainean?"
ovos-skill-iss-location.openvoiceos,"when_iss.intent","N E E noiz igaroko da  gainetik?"
ovos-skill-iss-location.openvoiceos,"when_iss.intent","N E E noiz igaroko da  ondotik?"
ovos-skill-iss-location.openvoiceos,"when_iss.intent","N E E noiz igaroko da gure gainean?"
ovos-skill-iss-location.openvoiceos,"when_iss.intent","N E E noiz igaroko da gure gainetik?"
ovos-skill-iss-location.openvoiceos,"when_iss.intent","N E E noiz igaroko da gure ondotik?"
ovos-skill-iss-location.openvoiceos,"when_iss.intent","N E E noiz igaroko da nire gainean?"
ovos-skill-iss-location.openvoiceos,"when_iss.intent","N E E noiz igaroko da nire gainetik?"
ovos-skill-iss-location.openvoiceos,"when_iss.intent","N E E noiz igaroko da nire ondotik?"
ovos-skill-iss-location.openvoiceos,"when_iss.intent","NEE noiz egongo da  gainean?"
ovos-skill-iss-location.openvoiceos,"when_iss.intent","NEE noiz egongo da  gainetik?"
ovos-skill-iss-location.openvoiceos,"when_iss.intent","NEE noiz egongo da gure gainean?"
ovos-skill-iss-location.openvoiceos,"when_iss.intent","NEE noiz egongo da gure gainetik?"
ovos-skill-iss-location.openvoiceos,"when_iss.intent","NEE noiz egongo da nire gainean?"
ovos-skill-iss-location.openvoiceos,"when_iss.intent","NEE noiz egongo da nire gainetik?"
ovos-skill-iss-location.openvoiceos,"when_iss.intent","NEE noiz igaroko da  gainean?"
ovos-skill-iss-location.openvoiceos,"when_iss.intent","NEE noiz igaroko da  gainetik?"
ovos-skill-iss-location.openvoiceos,"when_iss.intent","NEE noiz igaroko da  ondotik?"
ovos-skill-iss-location.openvoiceos,"when_iss.intent","NEE noiz igaroko da gure gainean?"
ovos-skill-iss-location.openvoiceos,"when_iss.intent","NEE noiz igaroko da gure gainetik?"
ovos-skill-iss-location.openvoiceos,"when_iss.intent","NEE noiz igaroko da gure ondotik?"
ovos-skill-iss-location.openvoiceos,"when_iss.intent","NEE noiz igaroko da nire gainean?"
ovos-skill-iss-location.openvoiceos,"when_iss.intent","NEE noiz igaroko da nire gainetik?"
ovos-skill-iss-location.openvoiceos,"when_iss.intent","NEE noiz igaroko da nire ondotik?"
ovos-skill-iss-location.openvoiceos,"when_iss.intent","estazio espaziala noiz egongo da  gainean?"
ovos-skill-iss-location.openvoiceos,"when_iss.intent","estazio espaziala noiz egongo da  gainetik?"
ovos-skill-iss-location.openvoiceos,"when_iss.intent","estazio espaziala noiz egongo da gure gainean?"
ovos-skill-iss-location.openvoiceos,"when_iss.intent","estazio espaziala noiz egongo da gure gainetik?"
ovos-skill-iss-location.openvoiceos,"when_iss.intent","estazio espaziala noiz egongo da nire gainean?"
ovos-skill-iss-location.openvoiceos,"when_iss.intent","estazio espaziala noiz egongo da nire gainetik?"
ovos-skill-iss-location.openvoiceos,"when_iss.intent","estazio espaziala noiz igaroko da  gainean?"
ovos-skill-iss-location.openvoiceos,"when_iss.intent","estazio espaziala noiz igaroko da  gainetik?"
ovos-skill-iss-location.openvoiceos,"when_iss.intent","estazio espaziala noiz igaroko da  ondotik?"
ovos-skill-iss-location.openvoiceos,"when_iss.intent","estazio espaziala noiz igaroko da gure gainean?"
ovos-skill-iss-location.openvoiceos,"when_iss.intent","estazio espaziala noiz igaroko da gure gainetik?"
ovos-skill-iss-location.openvoiceos,"when_iss.intent","estazio espaziala noiz igaroko da gure ondotik?"
ovos-skill-iss-location.openvoiceos,"when_iss.intent","estazio espaziala noiz igaroko da nire gainean?"
ovos-skill-iss-location.openvoiceos,"when_iss.intent","estazio espaziala noiz igaroko da nire gainetik?"
ovos-skill-iss-location.openvoiceos,"when_iss.intent","estazio espaziala noiz igaroko da nire ondotik?"
ovos-skill-iss-location.openvoiceos,"when_iss.intent","nazioarteko estazio espaziala noiz egongo da  gainean?"
ovos-skill-iss-location.openvoiceos,"when_iss.intent","nazioarteko estazio espaziala noiz egongo da  gainetik?"
ovos-skill-iss-location.openvoiceos,"when_iss.intent","nazioarteko estazio espaziala noiz egongo da gure gainean?"
ovos-skill-iss-location.openvoiceos,"when_iss.intent","nazioarteko estazio espaziala noiz egongo da gure gainetik?"
ovos-skill-iss-location.openvoiceos,"when_iss.intent","nazioarteko estazio espaziala noiz egongo da nire gainean?"
ovos-skill-iss-location.openvoiceos,"when_iss.intent","nazioarteko estazio espaziala noiz egongo da nire gainetik?"
ovos-skill-iss-location.openvoiceos,"when_iss.intent","nazioarteko estazio espaziala noiz igaroko da  gainean?"
ovos-skill-iss-location.openvoiceos,"when_iss.intent","nazioarteko estazio espaziala noiz igaroko da  gainetik?"
ovos-skill-iss-location.openvoiceos,"when_iss.intent","nazioarteko estazio espaziala noiz igaroko da  ondotik?"
ovos-skill-iss-location.openvoiceos,"when_iss.intent","nazioarteko estazio espaziala noiz igaroko da gure gainean?"
ovos-skill-iss-location.openvoiceos,"when_iss.intent","nazioarteko estazio espaziala noiz igaroko da gure gainetik?"
ovos-skill-iss-location.openvoiceos,"when_iss.intent","nazioarteko estazio espaziala noiz igaroko da gure ondotik?"
ovos-skill-iss-location.openvoiceos,"when_iss.intent","nazioarteko estazio espaziala noiz igaroko da nire gainean?"
ovos-skill-iss-location.openvoiceos,"when_iss.intent","nazioarteko estazio espaziala noiz igaroko da nire gainetik?"
ovos-skill-iss-location.openvoiceos,"when_iss.intent","nazioarteko estazio espaziala noiz igaroko da nire ondotik?"
ovos-skill-iss-location.openvoiceos,"about.intent","hainbat datu  estazio espazialari buruz"
ovos-skill-iss-location.openvoiceos,"about.intent","hainbat datu nazioarteko estazio espazialari buruz"
ovos-skill-iss-location.openvoiceos,"about.intent","informazioa  estazio espazialari buruz"
ovos-skill-iss-location.openvoiceos,"about.intent","informazioa nazioarteko estazio espazialari buruz"
ovos-skill-iss-location.openvoiceos,"about.intent","jakingarriak  estazio espazialari buruz"
ovos-skill-iss-location.openvoiceos,"about.intent","jakingarriak nazioarteko estazio espazialari buruz"
ovos-skill-iss-location.openvoiceos,"about.intent","kontadazu  estazio espazialari buruz"
ovos-skill-iss-location.openvoiceos,"about.intent","kontadazu nazioarteko estazio espazialari buruz"
ovos-skill-laugh.openvoiceos,"haunted.intent","Exorzismo bat behar al duzu?"
ovos-skill-laugh.openvoiceos,"haunted.intent","Sorginduta al zaude?"
ovos-skill-laugh.openvoiceos,"Laugh.intent","algara maltzurra"
ovos-skill-laugh.openvoiceos,"Laugh.intent","barre egin al dezakezu?"
ovos-skill-laugh.openvoiceos,"Laugh.intent","barre egin alexa bezala"
ovos-skill-laugh.openvoiceos,"Laugh.intent","barre maltzurra"
ovos-skill-laugh.openvoiceos,"Laugh.intent","irri maltzurra"
ovos-skill-laugh.openvoiceos,"Laugh.intent","karkara maltzurra"
ovos-skill-laugh.openvoiceos,"RandomLaugh.intent","ausazko algara"
ovos-skill-laugh.openvoiceos,"RandomLaugh.intent","ausazko barre"
ovos-skill-laugh.openvoiceos,"RandomLaugh.intent","ausazko irri"
ovos-skill-laugh.openvoiceos,"RandomLaugh.intent","ausazko karkara"
ovos-skill-laugh.openvoiceos,"RandomLaugh.intent","barre egin ausaz"
ovos-skill-laugh.openvoiceos,"RandomLaugh.intent","eragin ausazko algara"
ovos-skill-laugh.openvoiceos,"RandomLaugh.intent","eragin ausazko barre"
ovos-skill-laugh.openvoiceos,"RandomLaugh.intent","eragin ausazko irri"
ovos-skill-laugh.openvoiceos,"RandomLaugh.intent","eragin ausazko karkara"
ovos-skill-personal.OpenVoiceOS,"WhoAreYou.intent","nor zara zu?"
ovos-skill-personal.OpenVoiceOS,"WhenWereYouBorn.intent","noiz asmatu zintuzten?"
ovos-skill-personal.OpenVoiceOS,"WhenWereYouBorn.intent","noiz egin zintuzten?"
ovos-skill-personal.OpenVoiceOS,"WhenWereYouBorn.intent","noiz jaio zinen?"
ovos-skill-personal.OpenVoiceOS,"WhenWereYouBorn.intent","noiz programatu zintuzten?"
ovos-skill-personal.OpenVoiceOS,"WhenWereYouBorn.intent","noiz sortu zintuzten?"
ovos-skill-personal.OpenVoiceOS,"WhatAreYou.intent","zer zara zu?"
ovos-skill-personal.OpenVoiceOS,"WhoMadeYou.intent","nor izan zen asmatu zintuena?"
ovos-skill-personal.OpenVoiceOS,"WhoMadeYou.intent","nor izan zen egin zintuena?"
ovos-skill-personal.OpenVoiceOS,"WhoMadeYou.intent","nor izan zen programatu zintuena?"
ovos-skill-personal.OpenVoiceOS,"WhoMadeYou.intent","nor izan zen sortu zintuena?"
ovos-skill-personal.OpenVoiceOS,"WhoMadeYou.intent","nork asmatu zintuen?"
ovos-skill-personal.OpenVoiceOS,"WhoMadeYou.intent","nork egin zintuen?"
ovos-skill-personal.OpenVoiceOS,"WhoMadeYou.intent","nork eraiki zintuen?"
ovos-skill-personal.OpenVoiceOS,"WhoMadeYou.intent","nork programatu zintuen?"
ovos-skill-personal.OpenVoiceOS,"WhoMadeYou.intent","nork sortu zintuen?"
ovos-skill-personal.OpenVoiceOS,"WhereWereYouBorn.intent","non asmatu zintuzten?"
ovos-skill-personal.OpenVoiceOS,"WhereWereYouBorn.intent","non egin zintuzten?"
ovos-skill-personal.OpenVoiceOS,"WhereWereYouBorn.intent","non jaio zinen?"
ovos-skill-personal.OpenVoiceOS,"WhereWereYouBorn.intent","non programatu zintuzten?"
ovos-skill-personal.OpenVoiceOS,"WhereWereYouBorn.intent","non sortu zintuzten?"
ovos-skill-spotify.openvoiceos,"StopMusic.intent","apaga el música"
ovos-skill-spotify.openvoiceos,"StopMusic.intent","apaga el spotify"
ovos-skill-spotify.openvoiceos,"StopMusic.intent","apaga la música"
ovos-skill-spotify.openvoiceos,"StopMusic.intent","apaga la spotify"
ovos-skill-spotify.openvoiceos,"StopMusic.intent","para el música"
ovos-skill-spotify.openvoiceos,"StopMusic.intent","para el spotify"
ovos-skill-spotify.openvoiceos,"StopMusic.intent","para la música"
ovos-skill-spotify.openvoiceos,"StopMusic.intent","para la spotify"
ovos-skill-spotify.openvoiceos,"StopMusic.intent","quita el música"
ovos-skill-spotify.openvoiceos,"StopMusic.intent","quita el spotify"
ovos-skill-spotify.openvoiceos,"StopMusic.intent","quita la música"
ovos-skill-spotify.openvoiceos,"StopMusic.intent","quita la spotify"
ovos-skill-spotify.openvoiceos,"WhatArtist.intent","a quién estamos escuchando"
ovos-skill-spotify.openvoiceos,"WhatArtist.intent","a quién estoy escuchando"
ovos-skill-spotify.openvoiceos,"WhatArtist.intent","quién es el artista"
ovos-skill-spotify.openvoiceos,"WhatArtist.intent","quién está tocando"
ovos-skill-spotify.openvoiceos,"WhatArtist.intent","quién está tocando esto"
ovos-skill-spotify.openvoiceos,"WhatArtist.intent","quién tocando"
ovos-skill-spotify.openvoiceos,"WhatArtist.intent","quién tocando esto"
ovos-skill-spotify.openvoiceos,"WhatArtist.intent","qué banda es esta"
ovos-skill-spotify.openvoiceos,"WhatArtist.intent","qué banda estamos escuchando"
ovos-skill-spotify.openvoiceos,"WhatArtist.intent","qué banda estás poniendo"
ovos-skill-spotify.openvoiceos,"WhatArtist.intent","qué artista es este"
ovos-skill-spotify.openvoiceos,"WhatAlbum.intent","qué album es eso"
ovos-skill-spotify.openvoiceos,"WhatAlbum.intent","qué album es esto"
ovos-skill-spotify.openvoiceos,"WhatAlbum.intent","qué cd es eso"
ovos-skill-spotify.openvoiceos,"WhatAlbum.intent","qué cd es esto"
ovos-skill-spotify.openvoiceos,"WhatAlbum.intent","qué lp es eso"
ovos-skill-spotify.openvoiceos,"WhatAlbum.intent","qué lp es esto"
ovos-skill-spotify.openvoiceos,"WhatAlbum.intent","qué pista es eso"
ovos-skill-spotify.openvoiceos,"WhatAlbum.intent","qué pista es esto"
ovos-skill-spotify.openvoiceos,"WhatAlbum.intent","cuál es este album"
ovos-skill-spotify.openvoiceos,"WhatAlbum.intent","cuál es este cd"
ovos-skill-spotify.openvoiceos,"WhatAlbum.intent","cuál es este disco"
ovos-skill-spotify.openvoiceos,"WhatAlbum.intent","cuál es este lp"
ovos-skill-spotify.openvoiceos,"WhatSong.intent","qué está sonando"
ovos-skill-spotify.openvoiceos,"WhatSong.intent","qué suena"
ovos-skill-spotify.openvoiceos,"WhatSong.intent","dime qué está sonando"
ovos-skill-spotify.openvoiceos,"WhatSong.intent","dime qué suena"
ovos-skill-spotify.openvoiceos,"WhatSong.intent","qué estamos escuchando"
ovos-skill-spotify.openvoiceos,"WhatSong.intent","qué estoy escuchando"
ovos-skill-spotify.openvoiceos,"WhatSong.intent","qué canción es esta"
ovos-skill-spotify.openvoiceos,"WhatSong.intent","cuál es esta canción"
ovos-skill-spotify.openvoiceos,"WhatSong.intent","dime cuál es esta canción"
ovos-skill-spotify.openvoiceos,"ShuffleOff.intent","deshabilita lista de reproducción de spotify"
ovos-skill-spotify.openvoiceos,"ShuffleOff.intent","deshabilita reproducción aleatoria de spotify"
ovos-skill-spotify.openvoiceos,"ShuffleOff.intent","detén lista de reproducción de spotify"
ovos-skill-spotify.openvoiceos,"ShuffleOff.intent","detén reproducción aleatoria de spotify"
ovos-skill-spotify.openvoiceos,"ShuffleOff.intent","para lista de reproducción de spotify"
ovos-skill-spotify.openvoiceos,"ShuffleOff.intent","para reproducción aleatoria de spotify"
ovos-skill-spotify.openvoiceos,"ShuffleOff.intent","quita la lista de reproducción de spotify"
ovos-skill-spotify.openvoiceos,"ShuffleOff.intent","quita la reproducción aleatoria de spotify"
ovos-skill-spotify.openvoiceos,"ShuffleOn.intent","activa  lista de reproducción de spotify"
ovos-skill-spotify.openvoiceos,"ShuffleOn.intent","activa  reproducción aleatoria de spotify"
ovos-skill-spotify.openvoiceos,"ShuffleOn.intent","activa la lista de reproducción de spotify"
ovos-skill-spotify.openvoiceos,"ShuffleOn.intent","activa la reproducción aleatoria de spotify"
ovos-skill-spotify.openvoiceos,"ShuffleOn.intent","habilita  lista de reproducción de spotify"
ovos-skill-spotify.openvoiceos,"ShuffleOn.intent","habilita  reproducción aleatoria de spotify"
ovos-skill-spotify.openvoiceos,"ShuffleOn.intent","habilita la lista de reproducción de spotify"
ovos-skill-spotify.openvoiceos,"ShuffleOn.intent","habilita la reproducción aleatoria de spotify"
ovos-skill-spotify.openvoiceos,"ShuffleOn.intent","pon  lista de reproducción de spotify"
ovos-skill-spotify.openvoiceos,"ShuffleOn.intent","pon  reproducción aleatoria de spotify"
ovos-skill-spotify.openvoiceos,"ShuffleOn.intent","pon la lista de reproducción de spotify"
ovos-skill-spotify.openvoiceos,"ShuffleOn.intent","pon la reproducción aleatoria de spotify"
ovos-skill-wikihow.openvoiceos,"wikihow.intent","bilatu wiki how  {query}"
ovos-skill-wikihow.openvoiceos,"wikihow.intent","bilatu wiki how honetarako: {query}"
ovos-skill-wikihow.openvoiceos,"wikihow.intent","bilatu wikihow  {query}"
ovos-skill-wikihow.openvoiceos,"wikihow.intent","bilatu wikihow honetarako: {query}"
ovos-skill-wikihow.openvoiceos,"wikihow.intent","zer dio wiki how-k honi buruz {query}?"
ovos-skill-wikihow.openvoiceos,"wikihow.intent","zer dio wikihow-k honi buruz {query}?"
ovos-skill-wikihow.openvoiceos,"wikihow.intent","zer pentsatzen du wiki how-k honi buruz {query}?"
ovos-skill-wikihow.openvoiceos,"wikihow.intent","zer pentsatzen du wikihow-k honi buruz {query}?"
ovos-skill-wikihow.openvoiceos,"howto.intent","azaldu urratsez urrats {query}"
ovos-skill-wikihow.openvoiceos,"howto.intent","urratsez urrats {query}"
ovos-skill-wikihow.openvoiceos,"howto.intent","nola egin dezaket {query}?"
ovos-skill-wikihow.openvoiceos,"howto.intent","nola egin {query}"
ovos-skill-wikihow.openvoiceos,"howto.intent","nola egingo dut {query}?"
ovos-skill-wikihow.openvoiceos,"howto.intent","{query} egiteko urratsak"
ovos-skill-wordnet.openvoiceos,"definition.intent","zein da honen definizioa {query}"
ovos-skill-wordnet.openvoiceos,"definition.intent","zer da {query}"
ovos-skill-wordnet.openvoiceos,"hypernym.intent","zein da honen holonimo bat {query}"
ovos-skill-wordnet.openvoiceos,"hypernym.intent","zein da honen holonimoa {query}"
ovos-skill-wordnet.openvoiceos,"hypernym.intent","zein dira honen hiperonimoak {query}"
ovos-skill-wordnet.openvoiceos,"search_wordnet.intent","bilatu word net datu-basean {query}"
ovos-skill-wordnet.openvoiceos,"search_wordnet.intent","bilatu wordnet datu-basean {query}"
ovos-skill-wordnet.openvoiceos,"search_wordnet.intent","zer dio word net datu-baseak honi buruz {query}"
ovos-skill-wordnet.openvoiceos,"search_wordnet.intent","zer dio wordnet datu-baseak honi buruz {query}"
ovos-skill-wordnet.openvoiceos,"antonym.intent","zein da honen antonimo bat {query}"
ovos-skill-wordnet.openvoiceos,"antonym.intent","zein da honen antonimoa {query}"
ovos-skill-wordnet.openvoiceos,"antonym.intent","zein dira honen antonimoak {query}"
ovos-skill-wordnet.openvoiceos,"holonym.intent","zein da honen holonimo bat {query}"
ovos-skill-wordnet.openvoiceos,"holonym.intent","zein da honen holonimoa {query}"
ovos-skill-wordnet.openvoiceos,"holonym.intent","zein dira honen holonimoak {query}"
ovos-skill-wordnet.openvoiceos,"lemma.intent","zein da honen lema bat {query}"
ovos-skill-wordnet.openvoiceos,"lemma.intent","zein da honen lema {query}"
ovos-skill-wordnet.openvoiceos,"lemma.intent","zein dira honen lemak {query}"
ovos-skill-wordnet.openvoiceos,"hyponym.intent","zein da honen hiponimo bat {query}"
ovos-skill-wordnet.openvoiceos,"hyponym.intent","zein da honen hiponimoa {query}"
ovos-skill-wordnet.openvoiceos,"hyponym.intent","zein dira honen hiponimoak {query}"
skill-ovos-audio-recording.openvoiceos,"start_recording.intent","aktibatu audio-grabaketa"
skill-ovos-audio-recording.openvoiceos,"start_recording.intent","aktibatu audio-grabaketa {name} gisa"
skill-ovos-audio-recording.openvoiceos,"start_recording.intent","aktibatu audio-grabaketa {name} izenburupean"
skill-ovos-audio-recording.openvoiceos,"start_recording.intent","aktibatu {name} izeneko audio-grabaketa"
skill-ovos-audio-recording.openvoiceos,"start_recording.intent","antolatu {name} izeneko grabaketa berria"
skill-ovos-audio-recording.openvoiceos,"start_recording.intent","ekin audio-grabaketari {name} izenarekin"
skill-ovos-audio-recording.openvoiceos,"start_recording.intent","ekin grabaketari"
skill-ovos-audio-recording.openvoiceos,"start_recording.intent","ekin grabaketari {name} izenarekin"
skill-ovos-audio-recording.openvoiceos,"start_recording.intent","ekin {name} izenburua duen audio-grabaketari"
skill-ovos-audio-recording.openvoiceos,"start_recording.intent","ekin {name} izeneko saio-grabaketari"
skill-ovos-audio-recording.openvoiceos,"start_recording.intent","ezarri {name} izeneko grabaketa"
skill-ovos-audio-recording.openvoiceos,"start_recording.intent","grabaketa berria"
skill-ovos-audio-recording.openvoiceos,"start_recording.intent","grabatu audio-fitxategi berri bat"
skill-ovos-audio-recording.openvoiceos,"start_recording.intent","grabatu audioa"
skill-ovos-audio-recording.openvoiceos,"start_recording.intent","grabatu audioa orain"
skill-ovos-audio-recording.openvoiceos,"start_recording.intent","grabatu audioa orain {name} izenarekin"
skill-ovos-audio-recording.openvoiceos,"start_recording.intent","grabatu audioa {name} gisa"
skill-ovos-audio-recording.openvoiceos,"start_recording.intent","grabatu {name} izeneko audio-fitxategi berri bat"
skill-ovos-audio-recording.openvoiceos,"start_recording.intent","grabatu {name} izeneko audioa"
skill-ovos-audio-recording.openvoiceos,"start_recording.intent","hasi audio-grabaketa"
skill-ovos-audio-recording.openvoiceos,"start_recording.intent","hasi audio-grabaketa berria"
skill-ovos-audio-recording.openvoiceos,"start_recording.intent","hasi audio-grabaketa orain"
skill-ovos-audio-recording.openvoiceos,"start_recording.intent","hasi audio-grabaketa orain {name} gisa"
skill-ovos-audio-recording.openvoiceos,"start_recording.intent","hasi audio-grabaketa, mesedez"
skill-ovos-audio-recording.openvoiceos,"start_recording.intent","hasi audio-grabaketa, mesedez, {name} gisa"
skill-ovos-audio-recording.openvoiceos,"start_recording.intent","hasi audioa grabatzeko eragiketa"
skill-ovos-audio-recording.openvoiceos,"start_recording.intent","hasi audioa grabatzeko eragiketa {name} gisa"
skill-ovos-audio-recording.openvoiceos,"start_recording.intent","hasi audioa grabatzen"
skill-ovos-audio-recording.openvoiceos,"start_recording.intent","hasi audioa hautematen"
skill-ovos-audio-recording.openvoiceos,"start_recording.intent","hasi audioa hautematen {name} gisa"
skill-ovos-audio-recording.openvoiceos,"start_recording.intent","hasi grabaketa"
skill-ovos-audio-recording.openvoiceos,"start_recording.intent","hasi grabaketa berehala {name} gisa"
skill-ovos-audio-recording.openvoiceos,"start_recording.intent","hasi grabaketa berria"
skill-ovos-audio-recording.openvoiceos,"start_recording.intent","hasi grabaketa berria {name} izenburuarekin"
skill-ovos-audio-recording.openvoiceos,"start_recording.intent","hasi grabaketa orain"
skill-ovos-audio-recording.openvoiceos,"start_recording.intent","hasi grabaketa orain {name} gisa"
skill-ovos-audio-recording.openvoiceos,"start_recording.intent","hasi grabaketa oraintxe bertan"
skill-ovos-audio-recording.openvoiceos,"start_recording.intent","hasi grabaketa {name} izenpean"
skill-ovos-audio-recording.openvoiceos,"start_recording.intent","hasi grabaketa, mesedez"
skill-ovos-audio-recording.openvoiceos,"start_recording.intent","hasi grabaketa, mesedez, {name} gisa"
skill-ovos-audio-recording.openvoiceos,"start_recording.intent","hasi grabaketa-saioa"
skill-ovos-audio-recording.openvoiceos,"start_recording.intent","hasi {name} audio-grabaketa"
skill-ovos-audio-recording.openvoiceos,"start_recording.intent","hasi {name} grabaketa"
skill-ovos-audio-recording.openvoiceos,"start_recording.intent","hasi {name} izenburua duen audioa hautematen"
skill-ovos-audio-recording.openvoiceos,"start_recording.intent","hasi {name} izeneko audio-grabaketa"
skill-ovos-audio-recording.openvoiceos,"start_recording.intent","hasi {name} izeneko audio-grabaketa berria"
skill-ovos-audio-recording.openvoiceos,"start_recording.intent","hasi {name} izeneko audio-grabaketa orain"
skill-ovos-audio-recording.openvoiceos,"start_recording.intent","hasi {name} izeneko audio-grabaketa, mesedez"
skill-ovos-audio-recording.openvoiceos,"start_recording.intent","hasi {name} izeneko audioa grabatzeko eragiketa"
skill-ovos-audio-recording.openvoiceos,"start_recording.intent","hasi {name} izeneko audioa hautematen"
skill-ovos-audio-recording.openvoiceos,"start_recording.intent","hasi {name} izeneko grabaketa"
skill-ovos-audio-recording.openvoiceos,"start_recording.intent","hasi {name} izeneko grabaketa berria"
skill-ovos-audio-recording.openvoiceos,"start_recording.intent","hasi {name} izeneko grabaketa orain"
skill-ovos-audio-recording.openvoiceos,"start_recording.intent","hasi {name} izeneko grabaketa, mesedez"
skill-ovos-audio-recording.openvoiceos,"start_recording.intent","jarraitu grabaketarekin"
skill-ovos-audio-recording.openvoiceos,"start_recording.intent","{name} izeneko grabaketa berria"
skill-ovos-boot-finished.openvoiceos,"disable_ready_notification.intent","desaktibatu abian dagoela adierazteko bunbuiloa"
skill-ovos-boot-finished.openvoiceos,"disable_ready_notification.intent","desaktibatu abian dagoela adierazteko jakinarazpena"
skill-ovos-boot-finished.openvoiceos,"disable_ready_notification.intent","desaktibatu abian dagoela adierazteko jakinarazpenak"
skill-ovos-boot-finished.openvoiceos,"disable_ready_notification.intent","desaktibatu abian dagoela adierazteko soinua"
skill-ovos-boot-finished.openvoiceos,"disable_ready_notification.intent","desaktibatu abian dagoela adierazteko soinuak"
skill-ovos-boot-finished.openvoiceos,"disable_ready_notification.intent","desaktibatu abiarazita dagoela adierazteko bunbuiloa"
skill-ovos-boot-finished.openvoiceos,"disable_ready_notification.intent","desaktibatu abiarazita dagoela adierazteko jakinarazpena"
skill-ovos-boot-finished.openvoiceos,"disable_ready_notification.intent","desaktibatu abiarazita dagoela adierazteko jakinarazpenak"
skill-ovos-boot-finished.openvoiceos,"disable_ready_notification.intent","desaktibatu abiarazita dagoela adierazteko soinua"
skill-ovos-boot-finished.openvoiceos,"disable_ready_notification.intent","desaktibatu abiarazita dagoela adierazteko soinuak"
skill-ovos-boot-finished.openvoiceos,"disable_ready_notification.intent","desaktibatu hasita dagoela adierazteko bunbuiloa"
skill-ovos-boot-finished.openvoiceos,"disable_ready_notification.intent","desaktibatu hasita dagoela adierazteko jakinarazpena"
skill-ovos-boot-finished.openvoiceos,"disable_ready_notification.intent","desaktibatu hasita dagoela adierazteko jakinarazpenak"
skill-ovos-boot-finished.openvoiceos,"disable_ready_notification.intent","desaktibatu hasita dagoela adierazteko soinua"
skill-ovos-boot-finished.openvoiceos,"disable_ready_notification.intent","desaktibatu hasita dagoela adierazteko soinuak"
skill-ovos-boot-finished.openvoiceos,"disable_ready_notification.intent","desaktibatu prest dagoela adierazteko bunbuiloa"
skill-ovos-boot-finished.openvoiceos,"disable_ready_notification.intent","desaktibatu prest dagoela adierazteko jakinarazpena"
skill-ovos-boot-finished.openvoiceos,"disable_ready_notification.intent","desaktibatu prest dagoela adierazteko jakinarazpenak"
skill-ovos-boot-finished.openvoiceos,"disable_ready_notification.intent","desaktibatu prest dagoela adierazteko soinua"
skill-ovos-boot-finished.openvoiceos,"disable_ready_notification.intent","desaktibatu prest dagoela adierazteko soinuak"
skill-ovos-boot-finished.openvoiceos,"disable_ready_notification.intent","desgaitu abian dagoela adierazteko bunbuiloa"
skill-ovos-boot-finished.openvoiceos,"disable_ready_notification.intent","desgaitu abian dagoela adierazteko jakinarazpena"
skill-ovos-boot-finished.openvoiceos,"disable_ready_notification.intent","desgaitu abian dagoela adierazteko jakinarazpenak"
skill-ovos-boot-finished.openvoiceos,"disable_ready_notification.intent","desgaitu abian dagoela adierazteko soinua"
skill-ovos-boot-finished.openvoiceos,"disable_ready_notification.intent","desgaitu abian dagoela adierazteko soinuak"
skill-ovos-boot-finished.openvoiceos,"disable_ready_notification.intent","desgaitu abiarazita dagoela adierazteko bunbuiloa"
skill-ovos-boot-finished.openvoiceos,"disable_ready_notification.intent","desgaitu abiarazita dagoela adierazteko jakinarazpena"
skill-ovos-boot-finished.openvoiceos,"disable_ready_notification.intent","desgaitu abiarazita dagoela adierazteko jakinarazpenak"
skill-ovos-boot-finished.openvoiceos,"disable_ready_notification.intent","desgaitu abiarazita dagoela adierazteko soinua"
skill-ovos-boot-finished.openvoiceos,"disable_ready_notification.intent","desgaitu abiarazita dagoela adierazteko soinuak"
skill-ovos-boot-finished.openvoiceos,"disable_ready_notification.intent","desgaitu hasita dagoela adierazteko bunbuiloa"
skill-ovos-boot-finished.openvoiceos,"disable_ready_notification.intent","desgaitu hasita dagoela adierazteko jakinarazpena"
skill-ovos-boot-finished.openvoiceos,"disable_ready_notification.intent","desgaitu hasita dagoela adierazteko jakinarazpenak"
skill-ovos-boot-finished.openvoiceos,"disable_ready_notification.intent","desgaitu hasita dagoela adierazteko soinua"
skill-ovos-boot-finished.openvoiceos,"disable_ready_notification.intent","desgaitu hasita dagoela adierazteko soinuak"
skill-ovos-boot-finished.openvoiceos,"disable_ready_notification.intent","desgaitu prest dagoela adierazteko bunbuiloa"
skill-ovos-boot-finished.openvoiceos,"disable_ready_notification.intent","desgaitu prest dagoela adierazteko jakinarazpena"
skill-ovos-boot-finished.openvoiceos,"disable_ready_notification.intent","desgaitu prest dagoela adierazteko jakinarazpenak"
skill-ovos-boot-finished.openvoiceos,"disable_ready_notification.intent","desgaitu prest dagoela adierazteko soinua"
skill-ovos-boot-finished.openvoiceos,"disable_ready_notification.intent","desgaitu prest dagoela adierazteko soinuak"
skill-ovos-boot-finished.openvoiceos,"disable_ready_notification.intent","itzali abian dagoela adierazteko bunbuiloa"
skill-ovos-boot-finished.openvoiceos,"disable_ready_notification.intent","itzali abian dagoela adierazteko jakinarazpena"
skill-ovos-boot-finished.openvoiceos,"disable_ready_notification.intent","itzali abian dagoela adierazteko jakinarazpenak"
skill-ovos-boot-finished.openvoiceos,"disable_ready_notification.intent","itzali abian dagoela adierazteko soinua"
skill-ovos-boot-finished.openvoiceos,"disable_ready_notification.intent","itzali abian dagoela adierazteko soinuak"
skill-ovos-boot-finished.openvoiceos,"disable_ready_notification.intent","itzali abiarazita dagoela adierazteko bunbuiloa"
skill-ovos-boot-finished.openvoiceos,"disable_ready_notification.intent","itzali abiarazita dagoela adierazteko jakinarazpena"
skill-ovos-boot-finished.openvoiceos,"disable_ready_notification.intent","itzali abiarazita dagoela adierazteko jakinarazpenak"
skill-ovos-boot-finished.openvoiceos,"disable_ready_notification.intent","itzali abiarazita dagoela adierazteko soinua"
skill-ovos-boot-finished.openvoiceos,"disable_ready_notification.intent","itzali abiarazita dagoela adierazteko soinuak"
skill-ovos-boot-finished.openvoiceos,"disable_ready_notification.intent","itzali hasita dagoela adierazteko bunbuiloa"
skill-ovos-boot-finished.openvoiceos,"disable_ready_notification.intent","itzali hasita dagoela adierazteko jakinarazpena"
skill-ovos-boot-finished.openvoiceos,"disable_ready_notification.intent","itzali hasita dagoela adierazteko jakinarazpenak"
skill-ovos-boot-finished.openvoiceos,"disable_ready_notification.intent","itzali hasita dagoela adierazteko soinua"
skill-ovos-boot-finished.openvoiceos,"disable_ready_notification.intent","itzali hasita dagoela adierazteko soinuak"
skill-ovos-boot-finished.openvoiceos,"disable_ready_notification.intent","itzali prest dagoela adierazteko bunbuiloa"
skill-ovos-boot-finished.openvoiceos,"disable_ready_notification.intent","itzali prest dagoela adierazteko jakinarazpena"
skill-ovos-boot-finished.openvoiceos,"disable_ready_notification.intent","itzali prest dagoela adierazteko jakinarazpenak"
skill-ovos-boot-finished.openvoiceos,"disable_ready_notification.intent","itzali prest dagoela adierazteko soinua"
skill-ovos-boot-finished.openvoiceos,"disable_ready_notification.intent","itzali prest dagoela adierazteko soinuak"
skill-ovos-boot-finished.openvoiceos,"enable_ready_notification.intent","aktibatu abian dagoela adierazteko bunbuiloa"
skill-ovos-boot-finished.openvoiceos,"enable_ready_notification.intent","aktibatu abian dagoela adierazteko jakinarazpena"
skill-ovos-boot-finished.openvoiceos,"enable_ready_notification.intent","aktibatu abian dagoela adierazteko jakinarazpenak"
skill-ovos-boot-finished.openvoiceos,"enable_ready_notification.intent","aktibatu abian dagoela adierazteko soinua"
skill-ovos-boot-finished.openvoiceos,"enable_ready_notification.intent","aktibatu abian dagoela adierazteko soinuak"
skill-ovos-boot-finished.openvoiceos,"enable_ready_notification.intent","aktibatu abiarazita dagoela adierazteko bunbuiloa"
skill-ovos-boot-finished.openvoiceos,"enable_ready_notification.intent","aktibatu abiarazita dagoela adierazteko jakinarazpena"
skill-ovos-boot-finished.openvoiceos,"enable_ready_notification.intent","aktibatu abiarazita dagoela adierazteko jakinarazpenak"
skill-ovos-boot-finished.openvoiceos,"enable_ready_notification.intent","aktibatu abiarazita dagoela adierazteko soinua"
skill-ovos-boot-finished.openvoiceos,"enable_ready_notification.intent","aktibatu abiarazita dagoela adierazteko soinuak"
skill-ovos-boot-finished.openvoiceos,"enable_ready_notification.intent","aktibatu hasita dagoela adierazteko bunbuiloa"
skill-ovos-boot-finished.openvoiceos,"enable_ready_notification.intent","aktibatu hasita dagoela adierazteko jakinarazpena"
skill-ovos-boot-finished.openvoiceos,"enable_ready_notification.intent","aktibatu hasita dagoela adierazteko jakinarazpenak"
skill-ovos-boot-finished.openvoiceos,"enable_ready_notification.intent","aktibatu hasita dagoela adierazteko soinua"
skill-ovos-boot-finished.openvoiceos,"enable_ready_notification.intent","aktibatu hasita dagoela adierazteko soinuak"
skill-ovos-boot-finished.openvoiceos,"enable_ready_notification.intent","aktibatu prest dagoela adierazteko bunbuiloa"
skill-ovos-boot-finished.openvoiceos,"enable_ready_notification.intent","aktibatu prest dagoela adierazteko jakinarazpena"
skill-ovos-boot-finished.openvoiceos,"enable_ready_notification.intent","aktibatu prest dagoela adierazteko jakinarazpenak"
skill-ovos-boot-finished.openvoiceos,"enable_ready_notification.intent","aktibatu prest dagoela adierazteko soinua"
skill-ovos-boot-finished.openvoiceos,"enable_ready_notification.intent","aktibatu prest dagoela adierazteko soinuak"
skill-ovos-boot-finished.openvoiceos,"enable_ready_notification.intent","gaitu abian dagoela adierazteko bunbuiloa"
skill-ovos-boot-finished.openvoiceos,"enable_ready_notification.intent","gaitu abian dagoela adierazteko jakinarazpena"
skill-ovos-boot-finished.openvoiceos,"enable_ready_notification.intent","gaitu abian dagoela adierazteko jakinarazpenak"
skill-ovos-boot-finished.openvoiceos,"enable_ready_notification.intent","gaitu abian dagoela adierazteko soinua"
skill-ovos-boot-finished.openvoiceos,"enable_ready_notification.intent","gaitu abian dagoela adierazteko soinuak"
skill-ovos-boot-finished.openvoiceos,"enable_ready_notification.intent","gaitu abiarazita dagoela adierazteko bunbuiloa"
skill-ovos-boot-finished.openvoiceos,"enable_ready_notification.intent","gaitu abiarazita dagoela adierazteko jakinarazpena"
skill-ovos-boot-finished.openvoiceos,"enable_ready_notification.intent","gaitu abiarazita dagoela adierazteko jakinarazpenak"
skill-ovos-boot-finished.openvoiceos,"enable_ready_notification.intent","gaitu abiarazita dagoela adierazteko soinua"
skill-ovos-boot-finished.openvoiceos,"enable_ready_notification.intent","gaitu abiarazita dagoela adierazteko soinuak"
skill-ovos-boot-finished.openvoiceos,"enable_ready_notification.intent","gaitu hasita dagoela adierazteko bunbuiloa"
skill-ovos-boot-finished.openvoiceos,"enable_ready_notification.intent","gaitu hasita dagoela adierazteko jakinarazpena"
skill-ovos-boot-finished.openvoiceos,"enable_ready_notification.intent","gaitu hasita dagoela adierazteko jakinarazpenak"
skill-ovos-boot-finished.openvoiceos,"enable_ready_notification.intent","gaitu hasita dagoela adierazteko soinua"
skill-ovos-boot-finished.openvoiceos,"enable_ready_notification.intent","gaitu hasita dagoela adierazteko soinuak"
skill-ovos-boot-finished.openvoiceos,"enable_ready_notification.intent","gaitu prest dagoela adierazteko bunbuiloa"
skill-ovos-boot-finished.openvoiceos,"enable_ready_notification.intent","gaitu prest dagoela adierazteko jakinarazpena"
skill-ovos-boot-finished.openvoiceos,"enable_ready_notification.intent","gaitu prest dagoela adierazteko jakinarazpenak"
skill-ovos-boot-finished.openvoiceos,"enable_ready_notification.intent","gaitu prest dagoela adierazteko soinua"
skill-ovos-boot-finished.openvoiceos,"enable_ready_notification.intent","gaitu prest dagoela adierazteko soinuak"
skill-ovos-boot-finished.openvoiceos,"enable_ready_notification.intent","piztu abian dagoela adierazteko bunbuiloa"
skill-ovos-boot-finished.openvoiceos,"enable_ready_notification.intent","piztu abian dagoela adierazteko jakinarazpena"
skill-ovos-boot-finished.openvoiceos,"enable_ready_notification.intent","piztu abian dagoela adierazteko jakinarazpenak"
skill-ovos-boot-finished.openvoiceos,"enable_ready_notification.intent","piztu abian dagoela adierazteko soinua"
skill-ovos-boot-finished.openvoiceos,"enable_ready_notification.intent","piztu abian dagoela adierazteko soinuak"
skill-ovos-boot-finished.openvoiceos,"enable_ready_notification.intent","piztu abiarazita dagoela adierazteko bunbuiloa"
skill-ovos-boot-finished.openvoiceos,"enable_ready_notification.intent","piztu abiarazita dagoela adierazteko jakinarazpena"
skill-ovos-boot-finished.openvoiceos,"enable_ready_notification.intent","piztu abiarazita dagoela adierazteko jakinarazpenak"
skill-ovos-boot-finished.openvoiceos,"enable_ready_notification.intent","piztu abiarazita dagoela adierazteko soinua"
skill-ovos-boot-finished.openvoiceos,"enable_ready_notification.intent","piztu abiarazita dagoela adierazteko soinuak"
skill-ovos-boot-finished.openvoiceos,"enable_ready_notification.intent","piztu hasita dagoela adierazteko bunbuiloa"
skill-ovos-boot-finished.openvoiceos,"enable_ready_notification.intent","piztu hasita dagoela adierazteko jakinarazpena"
skill-ovos-boot-finished.openvoiceos,"enable_ready_notification.intent","piztu hasita dagoela adierazteko jakinarazpenak"
skill-ovos-boot-finished.openvoiceos,"enable_ready_notification.intent","piztu hasita dagoela adierazteko soinua"
skill-ovos-boot-finished.openvoiceos,"enable_ready_notification.intent","piztu hasita dagoela adierazteko soinuak"
skill-ovos-boot-finished.openvoiceos,"enable_ready_notification.intent","piztu prest dagoela adierazteko bunbuiloa"
skill-ovos-boot-finished.openvoiceos,"enable_ready_notification.intent","piztu prest dagoela adierazteko jakinarazpena"
skill-ovos-boot-finished.openvoiceos,"enable_ready_notification.intent","piztu prest dagoela adierazteko jakinarazpenak"
skill-ovos-boot-finished.openvoiceos,"enable_ready_notification.intent","piztu prest dagoela adierazteko soinua"
skill-ovos-boot-finished.openvoiceos,"enable_ready_notification.intent","piztu prest dagoela adierazteko soinuak"
skill-ovos-date-time.openvoiceos,"what.month.is.it.intent","egungo hilabetea"
skill-ovos-date-time.openvoiceos,"what.month.is.it.intent","zein hilabete da"
skill-ovos-date-time.openvoiceos,"what.month.is.it.intent","zein hilabete da gaur"
skill-ovos-date-time.openvoiceos,"what.month.is.it.intent","zein hilabete da orain"
skill-ovos-date-time.openvoiceos,"what.month.is.it.intent","zein hilabete gaude gaur"
skill-ovos-date-time.openvoiceos,"what.month.is.it.intent","zein hilabetetan gaude"
skill-ovos-date-time.openvoiceos,"what.year.is.it.intent","urtea egungo"
skill-ovos-date-time.openvoiceos,"what.year.is.it.intent","zein urte da"
skill-ovos-date-time.openvoiceos,"what.year.is.it.intent","zein urte da gaur"
skill-ovos-date-time.openvoiceos,"what.year.is.it.intent","zein urte da orain"
skill-ovos-date-time.openvoiceos,"what.year.is.it.intent","zein urte gaude gaur"
skill-ovos-date-time.openvoiceos,"what.year.is.it.intent","zein urteetan gaude"
skill-ovos-date-time.openvoiceos,"what.time.is.it.intent","Ba al dakizu zer ordu den orain?"
skill-ovos-date-time.openvoiceos,"what.time.is.it.intent","Emango al didazu orduren berri, mesedez?"
skill-ovos-date-time.openvoiceos,"what.time.is.it.intent","Esadazu orain zer ordu den, mesedez."
skill-ovos-date-time.openvoiceos,"what.time.is.it.intent","Esadazu ordua, nahi baduzu."
skill-ovos-date-time.openvoiceos,"what.time.is.it.intent","Esadazu zer ordu den orain, mesedez."
skill-ovos-date-time.openvoiceos,"what.time.is.it.intent","Esan al diezadakezu oraintxe bertan zer ordu den?"
skill-ovos-date-time.openvoiceos,"what.time.is.it.intent","Esan al diezadakezu zer ordu den?"
skill-ovos-date-time.openvoiceos,"what.time.is.it.intent","Esan iezadazu ordua, mesedez."
skill-ovos-date-time.openvoiceos,"what.time.is.it.intent","Esango al didazu zer ordu den?"
skill-ovos-date-time.openvoiceos,"what.time.is.it.intent","Esango al zenidake orain zer ordu den, mesedez?"
skill-ovos-date-time.openvoiceos,"what.time.is.it.intent","Eskertuko nizuke ordua esango bazenit."
skill-ovos-date-time.openvoiceos,"what.time.is.it.intent","Ez duzu jakingo zer ordu den?"
skill-ovos-date-time.openvoiceos,"what.time.is.it.intent","Jakin al dezaket ordua?"
skill-ovos-date-time.openvoiceos,"what.time.is.it.intent","Jakin nahi dut. Zer ordu da?"
skill-ovos-date-time.openvoiceos,"what.time.is.it.intent","Mesedez, adierazi orain zer ordu den."
skill-ovos-date-time.openvoiceos,"what.time.is.it.intent","Mesedez, esadazu ordua."
skill-ovos-date-time.openvoiceos,"what.time.is.it.intent","Orain zer ordu den egiaztatu nahi dut."
skill-ovos-date-time.openvoiceos,"what.time.is.it.intent","Orain zer ordu den galdetzen diot neure buruari."
skill-ovos-date-time.openvoiceos,"what.time.is.it.intent","Orain zer ordu den jakin behar dut"
skill-ovos-date-time.openvoiceos,"what.time.is.it.intent","Orain zer ordu den jakin behar dut."
skill-ovos-date-time.openvoiceos,"what.time.is.it.intent","Orain zer ordu den jakin nahiko nuke"
skill-ovos-date-time.openvoiceos,"what.time.is.it.intent","Oraintxe zer ordu den jakin nahiko nuke."
skill-ovos-date-time.openvoiceos,"what.time.is.it.intent","Ordua jakin nahi dut"
skill-ovos-date-time.openvoiceos,"what.time.is.it.intent","Parteka al dezakezu ordua nirekin?"
skill-ovos-date-time.openvoiceos,"what.time.is.it.intent","Partekatuko zenidake ordua, mesedez?"
skill-ovos-date-time.openvoiceos,"what.time.is.it.intent","Zer ordu agertzen da?"
skill-ovos-date-time.openvoiceos,"what.time.is.it.intent","Zer ordu da orain?"
skill-ovos-date-time.openvoiceos,"what.time.is.it.intent","Zer ordu da oraintxe bertan?"
skill-ovos-date-time.openvoiceos,"what.time.is.it.intent","Zer ordu da oraintxe, axola ez bazaizu?"
skill-ovos-date-time.openvoiceos,"what.time.is.it.intent","Zer ordu da une honetan?"
skill-ovos-date-time.openvoiceos,"what.time.is.it.intent","Zer ordu da zure aldetik?"
skill-ovos-date-time.openvoiceos,"what.time.is.it.intent","Zer ordu da zure erlojuaren arabera?"
skill-ovos-date-time.openvoiceos,"what.time.is.it.intent","Zer ordu den egiaztatu behar dut."
skill-ovos-date-time.openvoiceos,"what.time.is.it.intent","badakizu zer ordu den"
skill-ovos-date-time.openvoiceos,"what.time.is.it.intent","baduzu oraingo ordua"
skill-ovos-date-time.openvoiceos,"what.time.is.it.intent","baduzu ordua"
skill-ovos-date-time.openvoiceos,"what.time.is.it.intent","baduzu ordua oraintxe bertan"
skill-ovos-date-time.openvoiceos,"what.time.is.it.intent","esadazu oraingo ordua"
skill-ovos-date-time.openvoiceos,"what.time.is.it.intent","esadazu ordua, mesedez"
skill-ovos-date-time.openvoiceos,"what.time.is.it.intent","esadazu zer ordu den"
skill-ovos-date-time.openvoiceos,"what.time.is.it.intent","esan iezadazu oraingo ordua"
skill-ovos-date-time.openvoiceos,"what.time.is.it.intent","esango al zenidake ordua"
skill-ovos-date-time.openvoiceos,"what.time.is.it.intent","esango didazu ordua"
skill-ovos-date-time.openvoiceos,"what.time.is.it.intent","jakinaraziko didazu ordua"
skill-ovos-date-time.openvoiceos,"what.time.is.it.intent","mesedez, adierazi ordua"
skill-ovos-date-time.openvoiceos,"what.time.is.it.intent","mesedez, esadazu oraingo ordua"
skill-ovos-date-time.openvoiceos,"what.time.is.it.intent","oraingo ordua"
skill-ovos-date-time.openvoiceos,"what.time.is.it.intent","ordua"
skill-ovos-date-time.openvoiceos,"what.time.is.it.intent","ordua orain"
skill-ovos-date-time.openvoiceos,"what.time.is.it.intent","ordua orain, mesedez"
skill-ovos-date-time.openvoiceos,"what.time.is.it.intent","ordua oraintxe bertan"
skill-ovos-date-time.openvoiceos,"what.time.is.it.intent","ordua oraintxe bertan, mesedez"
skill-ovos-date-time.openvoiceos,"what.time.is.it.intent","ordua, mesedez"
skill-ovos-date-time.openvoiceos,"what.time.is.it.intent","ordularia"
skill-ovos-date-time.openvoiceos,"what.time.is.it.intent","ordularia orain"
skill-ovos-date-time.openvoiceos,"what.time.is.it.intent","ordularia orain, mesedez"
skill-ovos-date-time.openvoiceos,"what.time.is.it.intent","ordularia oraintxe bertan"
skill-ovos-date-time.openvoiceos,"what.time.is.it.intent","ordularia oraintxe bertan, mesedez"
skill-ovos-date-time.openvoiceos,"what.time.is.it.intent","ordularia, mesedez"
skill-ovos-date-time.openvoiceos,"what.time.is.it.intent","zein da oraingo ordua"
skill-ovos-date-time.openvoiceos,"what.time.is.it.intent","zer ordu da"
skill-ovos-date-time.openvoiceos,"what.time.is.it.intent","zer ordu da orain"
skill-ovos-date-time.openvoiceos,"what.time.is.it.intent","zer ordu da une honetan"
skill-ovos-date-time.openvoiceos,"date.future.weekend.intent","Adieraziko al didazu datorren asteburua zer data den?"
skill-ovos-date-time.openvoiceos,"date.future.weekend.intent","Adieraziko al didazu hurrengo asteburua zer data den?"
skill-ovos-date-time.openvoiceos,"date.future.weekend.intent","Adieraziko al didazu oraingo honen hurrengo asteburua zer data den?"
skill-ovos-date-time.openvoiceos,"date.future.weekend.intent","Esadazu hurrengo asteburua zer data den."
skill-ovos-date-time.openvoiceos,"date.future.weekend.intent","Esadazu hurrengo asteburua zer egun den."
skill-ovos-date-time.openvoiceos,"date.future.weekend.intent","Esadazu oraingo honen hurrengo asteburua zer data den."
skill-ovos-date-time.openvoiceos,"date.future.weekend.intent","Esadazu oraingo honen hurrengo asteburua zer egun den."
skill-ovos-date-time.openvoiceos,"date.future.weekend.intent","Esadazu zer data aurreikusi diren hurrengo astebururako."
skill-ovos-date-time.openvoiceos,"date.future.weekend.intent","Esadazu zer data aurreikusi diren oraingo honen hurrengo astebururako."
skill-ovos-date-time.openvoiceos,"date.future.weekend.intent","Esadazu zer data aurreikusi diren oraingo honen ondoko astebururako."
skill-ovos-date-time.openvoiceos,"date.future.weekend.intent","Esango al didazu datorren asteburua zer data den?"
skill-ovos-date-time.openvoiceos,"date.future.weekend.intent","Esango al didazu hurrengo asteburua zer data den?"
skill-ovos-date-time.openvoiceos,"date.future.weekend.intent","Esango al didazu hurrengo asteburua zer egun den?"
skill-ovos-date-time.openvoiceos,"date.future.weekend.intent","Esango al didazu oraingo honen hurrengo asteburua zer data den?"
skill-ovos-date-time.openvoiceos,"date.future.weekend.intent","Esango al didazu oraingo honen ondoko asteburua zer data den?"
skill-ovos-date-time.openvoiceos,"date.future.weekend.intent","Zein da asteburu honetako data?"
skill-ovos-date-time.openvoiceos,"date.future.weekend.intent","Zein da asteburu honetarako data?"
skill-ovos-date-time.openvoiceos,"date.future.weekend.intent","Zein da asteburu honetarako programa?"
skill-ovos-date-time.openvoiceos,"date.future.weekend.intent","Zein da hurrengo asteburuko data?"
skill-ovos-date-time.openvoiceos,"date.future.weekend.intent","Zein da hurrengo astebururako data?"
skill-ovos-date-time.openvoiceos,"date.future.weekend.intent","Zein da oraingo honen ondoko astebururako programa?"
skill-ovos-date-time.openvoiceos,"date.future.weekend.intent","Zein data esleitu zaizkio asteburu honi?"
skill-ovos-date-time.openvoiceos,"date.future.weekend.intent","Zein data esleitu zaizkio oraingo honen hurrengo asteburuari?"
skill-ovos-date-time.openvoiceos,"date.future.weekend.intent","Zein dira asteburu honetako datak?"
skill-ovos-date-time.openvoiceos,"date.future.weekend.intent","Zein dira asteburu honetako egunak?"
skill-ovos-date-time.openvoiceos,"date.future.weekend.intent","Zein dira asteburu honetarako aurreikusitako egunak?"
skill-ovos-date-time.openvoiceos,"date.future.weekend.intent","Zein dira asteburu honetarako datak?"
skill-ovos-date-time.openvoiceos,"date.future.weekend.intent","Zein dira datorren astebururako aurreikusitako datak?"
skill-ovos-date-time.openvoiceos,"date.future.weekend.intent","Zein dira datorren astebururako espero diren datak?"
skill-ovos-date-time.openvoiceos,"date.future.weekend.intent","Zein dira hurrengo asteburuko datak?"
skill-ovos-date-time.openvoiceos,"date.future.weekend.intent","Zein dira hurrengo asteburuko egunak?"
skill-ovos-date-time.openvoiceos,"date.future.weekend.intent","Zein dira hurrengo astebururako aurreikusitako datak?"
skill-ovos-date-time.openvoiceos,"date.future.weekend.intent","Zein dira hurrengo astebururako datak?"
skill-ovos-date-time.openvoiceos,"date.future.weekend.intent","Zein dira hurrengo astebururako zehaztutako egunak?"
skill-ovos-date-time.openvoiceos,"date.future.weekend.intent","Zein dira oraingo honen hurrengo astebururako aurreikusitako datak?"
skill-ovos-date-time.openvoiceos,"date.future.weekend.intent","Zein egun aurreikusi dira aitzineko astebururako?"
skill-ovos-date-time.openvoiceos,"date.future.weekend.intent","Zein egun datoz asteburu honetan?"
skill-ovos-date-time.openvoiceos,"date.future.weekend.intent","Zein egun espero dira hurrengo astebururako?"
skill-ovos-date-time.openvoiceos,"date.future.weekend.intent","Zein egun espero dira oraingo honen ondoko astebururako?"
skill-ovos-date-time.openvoiceos,"date.future.weekend.intent","Zein egun gorde dira hurrengo astebururako?"
skill-ovos-date-time.openvoiceos,"date.future.weekend.intent","Zein egun pentsatu dira aitzineko astebururako?"
skill-ovos-date-time.openvoiceos,"date.future.weekend.intent","Zein egun pentsatu dira datorren astebururako?"
skill-ovos-date-time.openvoiceos,"date.future.weekend.intent","Zein egunek osatuko dute datorren asteburua?"
skill-ovos-date-time.openvoiceos,"date.future.weekend.intent","Zein izango dira aitzineko astebururako egunak?"
skill-ovos-date-time.openvoiceos,"date.future.weekend.intent","Zein izango dira asteburu honetarako egunak?"
skill-ovos-date-time.openvoiceos,"date.future.weekend.intent","Zein izango dira datorren astebururako egunak?"
skill-ovos-date-time.openvoiceos,"date.future.weekend.intent","Zein izango dira hurrengo astebururako egunak?"
skill-ovos-date-time.openvoiceos,"date.future.weekend.intent","Zein izango dira oraingo honen hurrengo astebururako egunak?"
skill-ovos-date-time.openvoiceos,"date.future.weekend.intent","Zein izango dira oraingo honen ondoko astebururako egunak?"
skill-ovos-date-time.openvoiceos,"date.future.weekend.intent","Zer data baieztatu dira asteburu honetarako?"
skill-ovos-date-time.openvoiceos,"date.future.weekend.intent","Zer data baieztatu dira hurrengo astebururako?"
skill-ovos-date-time.openvoiceos,"date.future.weekend.intent","Zer data baieztatu dira oraingo honen hurrengo astebururako?"
skill-ovos-date-time.openvoiceos,"date.future.weekend.intent","Zer data da asteburu hau?"
skill-ovos-date-time.openvoiceos,"date.future.weekend.intent","Zer data da hurrengo asteburua?"
skill-ovos-date-time.openvoiceos,"date.future.weekend.intent","Zer data markatu dira datorren astebururako?"
skill-ovos-date-time.openvoiceos,"date.future.weekend.intent","Zer data markatu dira hurrengo astebururako?"
skill-ovos-date-time.openvoiceos,"date.future.weekend.intent","Zer data programatu dira asteburu honetarako?"
skill-ovos-date-time.openvoiceos,"date.future.weekend.intent","Zer data programatu dira hurrengo astebururako?"
skill-ovos-date-time.openvoiceos,"date.future.weekend.intent","Zer data programatu dira oraingo honen hurrengo astebururako?"
skill-ovos-date-time.openvoiceos,"date.future.weekend.intent","Zer egun asteburu honetan?"
skill-ovos-date-time.openvoiceos,"date.future.weekend.intent","Zer egun asteburu honetarako?"
skill-ovos-date-time.openvoiceos,"date.future.weekend.intent","Zer egun da asteburu hau?"
skill-ovos-date-time.openvoiceos,"date.future.weekend.intent","Zer egun da hurrengo asteburua?"
skill-ovos-date-time.openvoiceos,"date.future.weekend.intent","Zer egun datoz asteburu honetan?"
skill-ovos-date-time.openvoiceos,"date.future.weekend.intent","Zer egun hurrengo asteburuan?"
skill-ovos-date-time.openvoiceos,"date.future.weekend.intent","Zer egun hurrengo astebururako?"
skill-ovos-date-time.openvoiceos,"date.future.weekend.intent","Zer egun zehaztu dira oraingo honen ondoko astebururako?"
skill-ovos-date-time.openvoiceos,"what.weekday.is.it.intent","asteko eguna zein da gaur"
skill-ovos-date-time.openvoiceos,"what.weekday.is.it.intent","zein asteegun da gaur"
skill-ovos-date-time.openvoiceos,"what.weekday.is.it.intent","zein asteegun gaude gaur"
skill-ovos-date-time.openvoiceos,"what.weekday.is.it.intent","zein eguna da astean"
skill-ovos-date-time.openvoiceos,"what.weekday.is.it.intent","zein egunean gaude"
skill-ovos-date-time.openvoiceos,"what.day.is.it.intent","eguna zein da gaur"
skill-ovos-date-time.openvoiceos,"what.day.is.it.intent","esan dezakezu zein egunean gauden"
skill-ovos-date-time.openvoiceos,"what.day.is.it.intent","zein da gaurko data"
skill-ovos-date-time.openvoiceos,"what.day.is.it.intent","zein egun da gaur"
skill-ovos-date-time.openvoiceos,"what.day.is.it.intent","zein egunean gaude"
skill-ovos-date-time.openvoiceos,"date.last.weekend.intent","Adierazi aurreko asteburuaren egunak."
skill-ovos-date-time.openvoiceos,"date.last.weekend.intent","Adierazi azkenekoaren aurreko asteburuaren data zehatzak."
skill-ovos-date-time.openvoiceos,"date.last.weekend.intent","Adierazi, mesedez, aurreko asteburuaren egunak."
skill-ovos-date-time.openvoiceos,"date.last.weekend.intent","Adieraziko al didazu asteburu honen aurrekoa zer data den?"
skill-ovos-date-time.openvoiceos,"date.last.weekend.intent","Adieraziko al didazu azken asteburua zer egun izan den?"
skill-ovos-date-time.openvoiceos,"date.last.weekend.intent","Azken asteburua osatu zuten egunen berri izan nahi dut."
skill-ovos-date-time.openvoiceos,"date.last.weekend.intent","Azken asteburuaren datak jakin nahi nituzke."
skill-ovos-date-time.openvoiceos,"date.last.weekend.intent","Azken asteburuaren daten berri izan nahi dut, mesedez."
skill-ovos-date-time.openvoiceos,"date.last.weekend.intent","Azkenekoaren aurreko asteburuaren daten berri izan nahi dut."
skill-ovos-date-time.openvoiceos,"date.last.weekend.intent","Emazkidazu aurreko asteburuaren data zehatzak."
skill-ovos-date-time.openvoiceos,"date.last.weekend.intent","Emazkidazu aurreko asteburuaren datak."
skill-ovos-date-time.openvoiceos,"date.last.weekend.intent","Emazkidazu azkenekoaren aurreko asteburuaren datak."
skill-ovos-date-time.openvoiceos,"date.last.weekend.intent","Esango al didazu aurreko asteburua zer egun izan den?"
skill-ovos-date-time.openvoiceos,"date.last.weekend.intent","Esango al didazu azken asteburua zein egun izan zen?"
skill-ovos-date-time.openvoiceos,"date.last.weekend.intent","Esazkidazu amaitu berri den asteburuaren datak."
skill-ovos-date-time.openvoiceos,"date.last.weekend.intent","Esazkidazu azken asteburua osatu zuten egunak."
skill-ovos-date-time.openvoiceos,"date.last.weekend.intent","Esazkidazu azken asteburuan sartu ziren egunak."
skill-ovos-date-time.openvoiceos,"date.last.weekend.intent","Esazkidazu azken asteburuaren data zehatzak."
skill-ovos-date-time.openvoiceos,"date.last.weekend.intent","Esazkidazu azkenekoaren aurreko asteburuaren datak."
skill-ovos-date-time.openvoiceos,"date.last.weekend.intent","Esazkidazu igaro berri den asteburua osatu zuten egunak."
skill-ovos-date-time.openvoiceos,"date.last.weekend.intent","Esazkidazu igaro berri den asteburuaren datak."
skill-ovos-date-time.openvoiceos,"date.last.weekend.intent","Esazkidazu oraingo honen aurreko asteburuaren datak."
skill-ovos-date-time.openvoiceos,"date.last.weekend.intent","Igaro berri den asteburuaren daten berri izan nahi dut."
skill-ovos-date-time.openvoiceos,"date.last.weekend.intent","Noiz izan zen aurreko asteburua?"
skill-ovos-date-time.openvoiceos,"date.last.weekend.intent","Zein data sartu ziren azken asteburuan?"
skill-ovos-date-time.openvoiceos,"date.last.weekend.intent","Zein datak osatu zuten azken asteburua?"
skill-ovos-date-time.openvoiceos,"date.last.weekend.intent","Zein egun izan ziren azken asteburua?"
skill-ovos-date-time.openvoiceos,"date.last.weekend.intent","Zein egun sartu ziren azken asteburuan?"
skill-ovos-date-time.openvoiceos,"date.last.weekend.intent","Zein egunek osatu zuten asteburu honen aurrekoa?"
skill-ovos-date-time.openvoiceos,"date.last.weekend.intent","Zein egunek osatu zuten azken asteburua?"
skill-ovos-date-time.openvoiceos,"date.last.weekend.intent","Zein izan ziren aurreko asteburuaren datak?"
skill-ovos-date-time.openvoiceos,"date.last.weekend.intent","Zein izan ziren aurreko asteburuaren egunak?"
skill-ovos-date-time.openvoiceos,"date.last.weekend.intent","Zein izan ziren oraingo honen aurreko asteburuaren datak?"
skill-ovos-date-time.openvoiceos,"date.last.weekend.intent","Zein izan ziren pasa berri den asteburuaren datak?"
skill-ovos-date-time.openvoiceos,"date.last.weekend.intent","Zer data bildu ziren azken asteburuan?"
skill-ovos-date-time.openvoiceos,"date.last.weekend.intent","Zer data sartu ziren azken asteburuan?"
skill-ovos-date-time.openvoiceos,"date.last.weekend.intent","Zer egun bildu ziren azken asteburuan?"
skill-ovos-date-time.openvoiceos,"date.last.weekend.intent","Zer egun izan ziren asteburu honen aurrekoa?"
skill-ovos-date-time.openvoiceos,"date.last.weekend.intent","Zer egun izan ziren azken asteburua?"
skill-ovos-date-time.openvoiceos,"date.last.weekend.intent","Zer egun izan ziren oraingo honen aurreko asteburua?"
skill-ovos-date-time.openvoiceos,"date.last.weekend.intent","Zer egun sartu ziren azken asteburuan?"
skill-ovos-date-time.openvoiceos,"date.last.weekend.intent","Zer egunek osatu zuten azken asteburua?"
skill-ovos-date-time.openvoiceos,"date.last.weekend.intent","Zer egunek osatu zuten igaro berri den asteburua?"
skill-ovos-date-time.openvoiceos,"date.last.weekend.intent","zein izan zen azken asteburuaren data"
skill-ovos-date-time.openvoiceos,"date.last.weekend.intent","zein izan ziren azken asteburuaren datak"
skill-ovos-date-time.openvoiceos,"date.last.weekend.intent","zein izan ziren azken asteburuaren egunak"
skill-ovos-date-time.openvoiceos,"date.last.weekend.intent","zer data izan zen azken asteburua"
skill-ovos-date-time.openvoiceos,"date.last.weekend.intent","zer data izan ziren azken asteburua"
skill-ovos-date-time.openvoiceos,"date.last.weekend.intent","zer egun izan zen azken asteburua"
skill-ovos-date-time.openvoiceos,"date.last.weekend.intent","zer egun izan ziren azken asteburua"
skill-ovos-date-time.openvoiceos,"what.time.will.it.be.intent","noiz da hemendik {offset} minutu"
skill-ovos-date-time.openvoiceos,"what.time.will.it.be.intent","noiz da hemendik {offset} minutu leku honetan: {location}"
skill-ovos-date-time.openvoiceos,"what.time.will.it.be.intent","noiz da hemendik {offset} ordu"
skill-ovos-date-time.openvoiceos,"what.time.will.it.be.intent","noiz da hemendik {offset} ordu leku honetan: {location}"
skill-ovos-date-time.openvoiceos,"what.time.will.it.be.intent","noiz da hemendik {offset} segundo"
skill-ovos-date-time.openvoiceos,"what.time.will.it.be.intent","noiz da hemendik {offset} segundo leku honetan: {location}"
skill-ovos-date-time.openvoiceos,"what.time.will.it.be.intent","noiz da {offset} minutu"
skill-ovos-date-time.openvoiceos,"what.time.will.it.be.intent","noiz da {offset} minutu leku honetan: {location}"
skill-ovos-date-time.openvoiceos,"what.time.will.it.be.intent","noiz da {offset} ordu"
skill-ovos-date-time.openvoiceos,"what.time.will.it.be.intent","noiz da {offset} ordu leku honetan: {location}"
skill-ovos-date-time.openvoiceos,"what.time.will.it.be.intent","noiz da {offset} segundo"
skill-ovos-date-time.openvoiceos,"what.time.will.it.be.intent","noiz da {offset} segundo leku honetan: {location}"
skill-ovos-date-time.openvoiceos,"what.time.will.it.be.intent","noiz izango da hemendik {offset} minutu"
skill-ovos-date-time.openvoiceos,"what.time.will.it.be.intent","noiz izango da hemendik {offset} minutu leku honetan: {location}"
skill-ovos-date-time.openvoiceos,"what.time.will.it.be.intent","noiz izango da hemendik {offset} ordu"
skill-ovos-date-time.openvoiceos,"what.time.will.it.be.intent","noiz izango da hemendik {offset} segundo"
skill-ovos-date-time.openvoiceos,"what.time.will.it.be.intent","noiz izango da hemendik {offset} segundo leku honetan: {location}"
skill-ovos-date-time.openvoiceos,"what.time.will.it.be.intent","noiz izango da {offset} minutu"
skill-ovos-date-time.openvoiceos,"what.time.will.it.be.intent","noiz izango da {offset} minutu leku honetan: {location}"
skill-ovos-date-time.openvoiceos,"what.time.will.it.be.intent","noiz izango da {offset} ordu"
skill-ovos-date-time.openvoiceos,"what.time.will.it.be.intent","noiz izango da {offset} ordu leku honetan: {location}"
skill-ovos-date-time.openvoiceos,"what.time.will.it.be.intent","noiz izango da {offset} segundo"
skill-ovos-date-time.openvoiceos,"what.time.will.it.be.intent","noiz izango da {offset} segundo leku honetan: {location}"
skill-ovos-date-time.openvoiceos,"what.time.will.it.be.intent","zer ordu izango da hemendik {offset} minutura"
skill-ovos-date-time.openvoiceos,"what.time.will.it.be.intent","zer ordu izango da hemendik {offset} minutura leku honetan: {location}"
skill-ovos-date-time.openvoiceos,"what.time.will.it.be.intent","zer ordu izango da hemendik {offset} ordura"
skill-ovos-date-time.openvoiceos,"what.time.will.it.be.intent","zer ordu izango da hemendik {offset} ordura leku honetan: {location}"
skill-ovos-date-time.openvoiceos,"what.time.will.it.be.intent","zer ordu izango da hemendik {offset} segundora"
skill-ovos-date-time.openvoiceos,"what.time.will.it.be.intent","zer ordu izango da hemendik {offset} segundora leku honetan: {location}"
skill-ovos-date-time.openvoiceos,"what.time.will.it.be.intent","zer ordu izango da {offset} minutura"
skill-ovos-date-time.openvoiceos,"what.time.will.it.be.intent","zer ordu izango da {offset} minutura leku honetan: {location}"
skill-ovos-date-time.openvoiceos,"what.time.will.it.be.intent","zer ordu izango da {offset} ordura"
skill-ovos-date-time.openvoiceos,"what.time.will.it.be.intent","zer ordu izango da {offset} ordura leku honetan: {location}"
skill-ovos-date-time.openvoiceos,"what.time.will.it.be.intent","zer ordu izango da {offset} segundora"
skill-ovos-date-time.openvoiceos,"what.time.will.it.be.intent","zer ordu izango da {offset} segundora leku honetan: {location}"
skill-ovos-ddg.openvoiceos,"official_website.intent","zein da {keyword} webgune ofiziala"
skill-ovos-ddg.openvoiceos,"search_duck.intent","bilatu duck duck bilatzailean {keyword}"
skill-ovos-ddg.openvoiceos,"search_duck.intent","bilatu duck duck go bilatzailean {keyword}"
skill-ovos-ddg.openvoiceos,"search_duck.intent","bilatu the duck bilatzailean {keyword}"
skill-ovos-ddg.openvoiceos,"search_duck.intent","zer dio duck duck bilatzaileak honi buruz {keyword}"
skill-ovos-ddg.openvoiceos,"search_duck.intent","zer dio duck duck go bilatzaileak honi buruz {keyword}"
skill-ovos-ddg.openvoiceos,"search_duck.intent","zer dio the duck bilatzaileak honi buruz {keyword}"
skill-ovos-ddg.openvoiceos,"education.intent","non egin zituen {keyword} ikasketak"
skill-ovos-ddg.openvoiceos,"education.intent","non ikasi zuen {keyword}"
skill-ovos-ddg.openvoiceos,"died.intent","noiz hil zen {keyword}"
skill-ovos-ddg.openvoiceos,"died.intent","noiz zendu zen {keyword}"
skill-ovos-ddg.openvoiceos,"died.intent","{keyword} heriotza-data"
skill-ovos-ddg.openvoiceos,"died.intent","{keyword} heriotza-eguna"
skill-ovos-ddg.openvoiceos,"age_at_death.intent","zenbat urte zituen {keyword} hil zen egunean"
skill-ovos-ddg.openvoiceos,"age_at_death.intent","zenbat urte zituen {keyword} hil zenean"
skill-ovos-ddg.openvoiceos,"born.intent","noiz da {keyword} jaioteguna"
skill-ovos-ddg.openvoiceos,"born.intent","noiz da {keyword} jaiotze-data"
skill-ovos-ddg.openvoiceos,"born.intent","noiz jaio zen {keyword}"
skill-ovos-ddg.openvoiceos,"born.intent","{keyword} jaioteguna"
skill-ovos-ddg.openvoiceos,"born.intent","{keyword} jaiotze-data"
skill-ovos-ddg.openvoiceos,"thesis.intent","zein da {keyword} tesiaren gaia"
skill-ovos-ddg.openvoiceos,"alma_mater.intent","zer da {keyword} alma mater"
skill-ovos-ddg.openvoiceos,"known_for.intent","zergatik da ezagun {keyword}"
skill-ovos-ddg.openvoiceos,"known_for.intent","zergatik da ospetsu {keyword}"
skill-ovos-ddg.openvoiceos,"children.intent","zenbat haur  ditu {keyword}"
skill-ovos-ddg.openvoiceos,"children.intent","zenbat haur izan ditu {keyword}"
skill-ovos-ddg.openvoiceos,"birthdate.intent","noiz jaio zen {person}"
skill-ovos-ddg.openvoiceos,"birthdate.intent","zein da {person} jaioteguna"
skill-ovos-ddg.openvoiceos,"birthdate.intent","zein da {person} jaiotze-data"
skill-ovos-ddg.openvoiceos,"birthdate.intent","{person} noiz jaio zen"
skill-ovos-ddg.openvoiceos,"resting_place.intent","non dago lurperatuta {keyword}"
skill-ovos-ddg.openvoiceos,"resting_place.intent","non datza {keyword}"
skill-ovos-ddg.openvoiceos,"fields.intent","zein da {keyword} espezializaio-arloa"
skill-ovos-ddg.openvoiceos,"who.intent","nor da {person}"
skill-ovos-hello-world.openvoiceos,"Greetings.intent","arratsalde on"
skill-ovos-hello-world.openvoiceos,"Greetings.intent","aspaldi ikusi gabe"
skill-ovos-hello-world.openvoiceos,"Greetings.intent","egun on"
skill-ovos-hello-world.openvoiceos,"Greetings.intent","epa"
skill-ovos-hello-world.openvoiceos,"Greetings.intent","gau on"
skill-ovos-hello-world.openvoiceos,"Greetings.intent","kaixo"
skill-ovos-hello-world.openvoiceos,"Greetings.intent","kaixo berriro"
skill-ovos-hello-world.openvoiceos,"Greetings.intent","zer moduz"
skill-ovos-hello-world.openvoiceos,"HowAreYou.intent","nola  eguna"
skill-ovos-hello-world.openvoiceos,"HowAreYou.intent","nola doa eguna"
skill-ovos-hello-world.openvoiceos,"HowAreYou.intent","nola doa zure eguna"
skill-ovos-hello-world.openvoiceos,"HowAreYou.intent","nola doakizu eguna"
skill-ovos-hello-world.openvoiceos,"HowAreYou.intent","nola joan da eguna"
skill-ovos-hello-world.openvoiceos,"HowAreYou.intent","nola joan zaizu eguna"
skill-ovos-hello-world.openvoiceos,"HowAreYou.intent","ondo  eguna"
skill-ovos-hello-world.openvoiceos,"HowAreYou.intent","ondo  zabiltz"
skill-ovos-hello-world.openvoiceos,"HowAreYou.intent","ondo  zabiltza"
skill-ovos-hello-world.openvoiceos,"HowAreYou.intent","ondo  zagoz"
skill-ovos-hello-world.openvoiceos,"HowAreYou.intent","ondo  zaude"
skill-ovos-hello-world.openvoiceos,"HowAreYou.intent","ondo al zabiltz"
skill-ovos-hello-world.openvoiceos,"HowAreYou.intent","ondo al zabiltza"
skill-ovos-hello-world.openvoiceos,"HowAreYou.intent","ondo al zagoz"
skill-ovos-hello-world.openvoiceos,"HowAreYou.intent","ondo al zaude"
skill-ovos-hello-world.openvoiceos,"HowAreYou.intent","ondo doa eguna"
skill-ovos-hello-world.openvoiceos,"HowAreYou.intent","ondo doa zure eguna"
skill-ovos-hello-world.openvoiceos,"HowAreYou.intent","ondo doakizu eguna"
skill-ovos-hello-world.openvoiceos,"HowAreYou.intent","ondo joan da eguna"
skill-ovos-hello-world.openvoiceos,"HowAreYou.intent","ondo joan zaizu eguna"
skill-ovos-hello-world.openvoiceos,"HowAreYou.intent","ongi  eguna"
skill-ovos-hello-world.openvoiceos,"HowAreYou.intent","ongi  zabiltz"
skill-ovos-hello-world.openvoiceos,"HowAreYou.intent","ongi  zabiltza"
skill-ovos-hello-world.openvoiceos,"HowAreYou.intent","ongi  zagoz"
skill-ovos-hello-world.openvoiceos,"HowAreYou.intent","ongi  zaude"
skill-ovos-hello-world.openvoiceos,"HowAreYou.intent","ongi al zabiltz"
skill-ovos-hello-world.openvoiceos,"HowAreYou.intent","ongi al zabiltza"
skill-ovos-hello-world.openvoiceos,"HowAreYou.intent","ongi al zagoz"
skill-ovos-hello-world.openvoiceos,"HowAreYou.intent","ongi al zaude"
skill-ovos-hello-world.openvoiceos,"HowAreYou.intent","ongi doa eguna"
skill-ovos-hello-world.openvoiceos,"HowAreYou.intent","ongi doa zure eguna"
skill-ovos-hello-world.openvoiceos,"HowAreYou.intent","ongi doakizu eguna"
skill-ovos-hello-world.openvoiceos,"HowAreYou.intent","ongi joan da eguna"
skill-ovos-hello-world.openvoiceos,"HowAreYou.intent","ongi joan zaizu eguna"
skill-ovos-hello-world.openvoiceos,"HowAreYou.intent","zelan"
skill-ovos-hello-world.openvoiceos,"HowAreYou.intent","zelan  eguna"
skill-ovos-hello-world.openvoiceos,"HowAreYou.intent","zelan doa eguna"
skill-ovos-hello-world.openvoiceos,"HowAreYou.intent","zelan doa zure eguna"
skill-ovos-hello-world.openvoiceos,"HowAreYou.intent","zelan doakizu eguna"
skill-ovos-hello-world.openvoiceos,"HowAreYou.intent","zelan eguna"
skill-ovos-hello-world.openvoiceos,"HowAreYou.intent","zelan joan da eguna"
skill-ovos-hello-world.openvoiceos,"HowAreYou.intent","zelan joan zaizu eguna"
skill-ovos-hello-world.openvoiceos,"HowAreYou.intent","zelan zabiltz"
skill-ovos-hello-world.openvoiceos,"HowAreYou.intent","zelan zabiltza"
skill-ovos-hello-world.openvoiceos,"HowAreYou.intent","zelan zagoz"
skill-ovos-hello-world.openvoiceos,"HowAreYou.intent","zelan zaude"
skill-ovos-hello-world.openvoiceos,"HowAreYou.intent","zer moduz"
skill-ovos-hello-world.openvoiceos,"HowAreYou.intent","zer moduz  eguna"
skill-ovos-hello-world.openvoiceos,"HowAreYou.intent","zer moduz doa eguna"
skill-ovos-hello-world.openvoiceos,"HowAreYou.intent","zer moduz doa zure eguna"
skill-ovos-hello-world.openvoiceos,"HowAreYou.intent","zer moduz doakizu eguna"
skill-ovos-hello-world.openvoiceos,"HowAreYou.intent","zer moduz eguna"
skill-ovos-hello-world.openvoiceos,"HowAreYou.intent","zer moduz joan da eguna"
skill-ovos-hello-world.openvoiceos,"HowAreYou.intent","zer moduz joan zaizu eguna"
skill-ovos-hello-world.openvoiceos,"HowAreYou.intent","zer moduz zabiltz"
skill-ovos-hello-world.openvoiceos,"HowAreYou.intent","zer moduz zabiltza"
skill-ovos-hello-world.openvoiceos,"HowAreYou.intent","zer moduz zagoz"
skill-ovos-hello-world.openvoiceos,"HowAreYou.intent","zer moduz zaude"
skill-ovos-icanhazdadjokes.openvoiceos,"joke.intent","badakizu txisterik"
skill-ovos-icanhazdadjokes.openvoiceos,"joke.intent","eginaraz iezadazu barre"
skill-ovos-icanhazdadjokes.openvoiceos,"joke.intent","kontadazu txiste bat"
skill-ovos-icanhazdadjokes.openvoiceos,"joke.intent","kontatu txiste bat"
skill-ovos-icanhazdadjokes.openvoiceos,"joke.intent","txisteak konta ditzakezu"
skill-ovos-icanhazdadjokes.openvoiceos,"search_joke.intent","badakizu txiste {search}"
skill-ovos-icanhazdadjokes.openvoiceos,"search_joke.intent","badakizu {search} buruzko txisterik"
skill-ovos-icanhazdadjokes.openvoiceos,"search_joke.intent","konta dezakezu txiste {search}"
skill-ovos-icanhazdadjokes.openvoiceos,"search_joke.intent","konta ditzakezu honi buruzko txisteak {search}"
skill-ovos-icanhazdadjokes.openvoiceos,"search_joke.intent","kontadazu txiste {search} bat"
skill-ovos-icanhazdadjokes.openvoiceos,"search_joke.intent","kontadazu {search} buruzko txiste bat"
skill-ovos-icanhazdadjokes.openvoiceos,"search_joke.intent","kontatu txiste {search} bat"
skill-ovos-icanhazdadjokes.openvoiceos,"search_joke.intent","kontatu {search} buruzko txiste bat"
skill-ovos-icanhazdadjokes.openvoiceos,"search_joke.intent","{search} buruzko txistea"
skill-ovos-local-media.openvoiceos,"open.file.browser.intent","erakutsi    drive usb-a"
skill-ovos-local-media.openvoiceos,"open.file.browser.intent","erakutsi    usb-a"
skill-ovos-local-media.openvoiceos,"open.file.browser.intent","erakutsi   nire  drive usb-a"
skill-ovos-local-media.openvoiceos,"open.file.browser.intent","erakutsi   nire  usb-a"
skill-ovos-local-media.openvoiceos,"open.file.browser.intent","ireki    drive usb-a"
skill-ovos-local-media.openvoiceos,"open.file.browser.intent","ireki    usb-a"
skill-ovos-local-media.openvoiceos,"open.file.browser.intent","ireki   nire  drive usb-a"
skill-ovos-local-media.openvoiceos,"open.file.browser.intent","ireki   nire  usb-a"
skill-ovos-local-media.openvoiceos,"open.file.browser.intent","erakutsi  app fitxategi-arakatzailea"
skill-ovos-local-media.openvoiceos,"open.file.browser.intent","hasi app fitxategi-arakatzailea"
skill-ovos-local-media.openvoiceos,"open.file.browser.intent","ireki  app fitxategi-arakatzailea"
skill-ovos-local-media.openvoiceos,"open.file.browser.intent","erakutsi  app usb-arakatzailea"
skill-ovos-local-media.openvoiceos,"open.file.browser.intent","hasi app usb-arakatzailea"
skill-ovos-local-media.openvoiceos,"open.file.browser.intent","ireki  app usb-arakatzailea"
skill-ovos-local-media.openvoiceos,"open.file.browser.intent","erakutsi  fitxategi-arakatzailea"
skill-ovos-local-media.openvoiceos,"open.file.browser.intent","hasi fitxategi-arakatzailea"
skill-ovos-local-media.openvoiceos,"open.file.browser.intent","ireki  fitxategi-arakatzailea"
skill-ovos-local-media.openvoiceos,"open.file.browser.intent","erakutsi  usb-arakatzailea"
skill-ovos-local-media.openvoiceos,"open.file.browser.intent","hasi usb-arakatzailea"
skill-ovos-local-media.openvoiceos,"open.file.browser.intent","ireki  usb-arakatzailea"
skill-ovos-local-media.openvoiceos,"open.file.browser.intent","erakutsi   drive fitxategi-arakatzailea"
skill-ovos-local-media.openvoiceos,"open.file.browser.intent","erakutsi   fitxategi-arakatzailea"
skill-ovos-local-media.openvoiceos,"open.file.browser.intent","erakutsi  nire  drive fitxategi-arakatzailea"
skill-ovos-local-media.openvoiceos,"open.file.browser.intent","erakutsi  nire  fitxategi-arakatzailea"
skill-ovos-local-media.openvoiceos,"open.file.browser.intent","ireki    drive fitxategi-arakatzailea"
skill-ovos-local-media.openvoiceos,"open.file.browser.intent","ireki    fitxategi-arakatzailea"
skill-ovos-local-media.openvoiceos,"open.file.browser.intent","ireki   nire  drive fitxategi-arakatzailea"
skill-ovos-local-media.openvoiceos,"open.file.browser.intent","ireki   nire  fitxategi-arakatzailea"
skill-ovos-local-media.openvoiceos,"open.file.browser.intent","erakutsi app fitxategi-arakatzailea"
skill-ovos-local-media.openvoiceos,"open.file.browser.intent","erakutsi app usb-arakatzailea"
skill-ovos-local-media.openvoiceos,"open.file.browser.intent","erakutsi drive fitxategi-arakatzailea"
skill-ovos-local-media.openvoiceos,"open.file.browser.intent","erakutsi drive usb-a"
skill-ovos-local-media.openvoiceos,"open.file.browser.intent","erakutsi fitxategi-arakatzailea"
skill-ovos-local-media.openvoiceos,"open.file.browser.intent","erakutsi nire drive fitxategi-arakatzailea"
skill-ovos-local-media.openvoiceos,"open.file.browser.intent","erakutsi nire drive usb-a"
skill-ovos-local-media.openvoiceos,"open.file.browser.intent","erakutsi nire fitxategi-arakatzailea"
skill-ovos-local-media.openvoiceos,"open.file.browser.intent","erakutsi nire usb-a"
skill-ovos-local-media.openvoiceos,"open.file.browser.intent","erakutsi usb"
skill-ovos-local-media.openvoiceos,"open.file.browser.intent","erakutsi usb-arakatzailea"
skill-ovos-local-media.openvoiceos,"open.file.browser.intent","hasi app fitxategi-arakatzailea"
skill-ovos-local-media.openvoiceos,"open.file.browser.intent","hasi app usb-arakatzailea"
skill-ovos-local-media.openvoiceos,"open.file.browser.intent","hasi fitxategi-arakatzailea"
skill-ovos-local-media.openvoiceos,"open.file.browser.intent","hasi usb-arakatzailea"
skill-ovos-local-media.openvoiceos,"open.file.browser.intent","ireki app fitxategi-arakatzailea"
skill-ovos-local-media.openvoiceos,"open.file.browser.intent","ireki app usb-arakatzailea"
skill-ovos-local-media.openvoiceos,"open.file.browser.intent","ireki drive fitxategi-arakatzailea"
skill-ovos-local-media.openvoiceos,"open.file.browser.intent","ireki drive usb-a"
skill-ovos-local-media.openvoiceos,"open.file.browser.intent","ireki fitxategi-arakatzailea"
skill-ovos-local-media.openvoiceos,"open.file.browser.intent","ireki nire drive fitxategi-arakatzailea"
skill-ovos-local-media.openvoiceos,"open.file.browser.intent","ireki nire drive usb-a"
skill-ovos-local-media.openvoiceos,"open.file.browser.intent","ireki nire fitxategi-arakatzailea"
skill-ovos-local-media.openvoiceos,"open.file.browser.intent","ireki nire usb-a"
skill-ovos-local-media.openvoiceos,"open.file.browser.intent","ireki usb"
skill-ovos-local-media.openvoiceos,"open.file.browser.intent","ireki usb-arakatzailea"
skill-ovos-naptime.openvoiceos,"naptime.intent","aktibatu lo-modua"
skill-ovos-naptime.openvoiceos,"naptime.intent","egin dezagun siesta"
skill-ovos-naptime.openvoiceos,"naptime.intent","goazen lotara"
skill-ovos-naptime.openvoiceos,"naptime.intent","hasi begi-itxiera"
skill-ovos-naptime.openvoiceos,"naptime.intent","hasi jardun gabeko denbora"
skill-ovos-naptime.openvoiceos,"naptime.intent","hasi kuluxka-modua"
skill-ovos-naptime.openvoiceos,"naptime.intent","hasi lasaitasun-denbora"
skill-ovos-naptime.openvoiceos,"naptime.intent","hasi lo-denbora"
skill-ovos-naptime.openvoiceos,"naptime.intent","hasi lo-modua"
skill-ovos-naptime.openvoiceos,"naptime.intent","hasi lo-saioa"
skill-ovos-naptime.openvoiceos,"naptime.intent","hasi loaldia"
skill-ovos-naptime.openvoiceos,"naptime.intent","hasi lokartzen"
skill-ovos-naptime.openvoiceos,"naptime.intent","hasi lotan"
skill-ovos-naptime.openvoiceos,"naptime.intent","hasi siesta"
skill-ovos-naptime.openvoiceos,"naptime.intent","hasi siesta suspergarria"
skill-ovos-naptime.openvoiceos,"naptime.intent","hasi siesta-denbora"
skill-ovos-naptime.openvoiceos,"naptime.intent","hasi siesta-garaia"
skill-ovos-naptime.openvoiceos,"naptime.intent","hasi siesta-modua"
skill-ovos-naptime.openvoiceos,"naptime.intent","izan dezagun lasaitasun-denbora"
skill-ovos-naptime.openvoiceos,"naptime.intent","joan lotara"
skill-ovos-naptime.openvoiceos,"naptime.intent","lo-denbora"
skill-ovos-naptime.openvoiceos,"naptime.intent","sartu ametsen lurraldean"
skill-ovos-naptime.openvoiceos,"naptime.intent","sartu atseden-moduan"
skill-ovos-naptime.openvoiceos,"naptime.intent","sartu hibernazioan"
skill-ovos-naptime.openvoiceos,"naptime.intent","sartu lo-modua"
skill-ovos-naptime.openvoiceos,"naptime.intent","sartu lo-moduan"
skill-ovos-naptime.openvoiceos,"naptime.intent","sartu modu isilean"
skill-ovos-naptime.openvoiceos,"naptime.intent","siesta-denbora"
skill-ovos-naptime.openvoiceos,"naptime.intent","siestarako denbora"
skill-ovos-news.openvoiceos,"global_news.intent","Badago albiste garrantzitsu globalak?"
skill-ovos-news.openvoiceos,"global_news.intent","Badago albiste garrantzitsu internazionalak?"
skill-ovos-news.openvoiceos,"global_news.intent","Badago albiste garrantzitsu mundialak?"
skill-ovos-news.openvoiceos,"global_news.intent","Badago azken orduko albisterik globalki?"
skill-ovos-news.openvoiceos,"global_news.intent","Badago azken orduko albisterik internazionalki?"
skill-ovos-news.openvoiceos,"global_news.intent","Badago azken orduko albisterik mundialki?"
skill-ovos-news.openvoiceos,"global_news.intent","Eman albiste globalak eguneraketa"
skill-ovos-news.openvoiceos,"global_news.intent","Eman albiste munduko eguneraketa"
skill-ovos-news.openvoiceos,"global_news.intent","Eman albiste nazioarteko eguneraketa"
skill-ovos-news.openvoiceos,"global_news.intent","Esan albiste globalak"
skill-ovos-news.openvoiceos,"global_news.intent","Esan albiste munduko"
skill-ovos-news.openvoiceos,"global_news.intent","Esan albiste nazioarteko"
skill-ovos-news.openvoiceos,"global_news.intent","Esan zer gertatzen den munduan"
skill-ovos-news.openvoiceos,"global_news.intent","Esan zer gertatzen den nazioartean"
skill-ovos-news.openvoiceos,"global_news.intent","Zer da azken albiste globalak?"
skill-ovos-news.openvoiceos,"global_news.intent","Zer da azken albiste internazionalak?"
skill-ovos-news.openvoiceos,"global_news.intent","Zer da azken albiste mundialak?"
skill-ovos-news.openvoiceos,"global_news.intent","Zer gertatu da mundu osoan?"
skill-ovos-news.openvoiceos,"global_news.intent","Zer gertatu da munduan?"
skill-ovos-news.openvoiceos,"global_news.intent","Zer gertatu da nazioartean?"
skill-ovos-news.openvoiceos,"global_news.intent","Zer moduz doa mundua gaur?"
skill-ovos-news.openvoiceos,"global_news.intent","azkenak albiste globalak"
skill-ovos-news.openvoiceos,"global_news.intent","azkenak albiste munduko"
skill-ovos-news.openvoiceos,"global_news.intent","azkenak albiste nazioarteko"
skill-ovos-news.openvoiceos,"global_news.intent","emadazu albiste globalak"
skill-ovos-news.openvoiceos,"global_news.intent","emadazu albiste munduko"
skill-ovos-news.openvoiceos,"global_news.intent","emadazu albiste nazioarteko"
skill-ovos-news.openvoiceos,"global_news.intent","jarri albiste globalak"
skill-ovos-news.openvoiceos,"global_news.intent","jarri albiste munduko"
skill-ovos-news.openvoiceos,"global_news.intent","jarri albiste nazioarteko"
skill-ovos-news.openvoiceos,"global_news.intent","nahi dut albiste globalak"
skill-ovos-news.openvoiceos,"global_news.intent","nahi dut albiste munduko"
skill-ovos-news.openvoiceos,"global_news.intent","nahi dut albiste nazioarteko"
skill-ovos-news.openvoiceos,"news.intent","albisteen azken eguneraketa"
skill-ovos-news.openvoiceos,"news.intent","albisteen txostena"
skill-ovos-news.openvoiceos,"news.intent","albisteetako titularrak"
skill-ovos-news.openvoiceos,"news.intent","azken orduko albisteak"
skill-ovos-news.openvoiceos,"news.intent","behar dut albisteak entzuteko"
skill-ovos-news.openvoiceos,"news.intent","behar dut jakiteko"
skill-ovos-news.openvoiceos,"news.intent","behar dut jakiteko albisteekin"
skill-ovos-news.openvoiceos,"news.intent","edozein azken  berri"
skill-ovos-news.openvoiceos,"news.intent","edozein azken eskualdeko berri"
skill-ovos-news.openvoiceos,"news.intent","edozein azken tokiko berri"
skill-ovos-news.openvoiceos,"news.intent","eguneratu nazazu"
skill-ovos-news.openvoiceos,"news.intent","eguneratu nazazu albisteekin"
skill-ovos-news.openvoiceos,"news.intent","emadazu"
skill-ovos-news.openvoiceos,"news.intent","emadazu albisteekin"
skill-ovos-news.openvoiceos,"news.intent","eman albiste labur bat"
skill-ovos-news.openvoiceos,"news.intent","entzun"
skill-ovos-news.openvoiceos,"news.intent","entzun albisteak"
skill-ovos-news.openvoiceos,"news.intent","esan"
skill-ovos-news.openvoiceos,"news.intent","esan albisteak"
skill-ovos-news.openvoiceos,"news.intent","esan gaurko albisteak"
skill-ovos-news.openvoiceos,"news.intent","esplikatu gaurko albisteak"
skill-ovos-news.openvoiceos,"news.intent","gustatuko litzaidake albisteak entzuteko"
skill-ovos-news.openvoiceos,"news.intent","gustatuko litzaidake entzuteko"
skill-ovos-news.openvoiceos,"news.intent","gustatuko litzaidake entzuteko albisteekin"
skill-ovos-news.openvoiceos,"news.intent","informatu"
skill-ovos-news.openvoiceos,"news.intent","informatu albisteekin"
skill-ovos-news.openvoiceos,"news.intent","irakurri al didazu albisteak"
skill-ovos-news.openvoiceos,"news.intent","irakurri gaurko albisteak"
skill-ovos-news.openvoiceos,"news.intent","irakurtzen al didazu albisteak"
skill-ovos-news.openvoiceos,"news.intent","jarri"
skill-ovos-news.openvoiceos,"news.intent","jarri albisteak"
skill-ovos-news.openvoiceos,"news.intent","jarri gaurko albisteak"
skill-ovos-news.openvoiceos,"news.intent","jokatu"
skill-ovos-news.openvoiceos,"news.intent","jokatu albisteak"
skill-ovos-news.openvoiceos,"news.intent","kontatu gaurko  berriak"
skill-ovos-news.openvoiceos,"news.intent","kontatu gaurko eskualdeko berriak"
skill-ovos-news.openvoiceos,"news.intent","kontatu gaurko tokiko berriak"
skill-ovos-news.openvoiceos,"news.intent","nahi dut albisteak entzuteko"
skill-ovos-news.openvoiceos,"news.intent","toka"
skill-ovos-news.openvoiceos,"news.intent","toka albisteak"
skill-ovos-news.openvoiceos,"news.intent","zein albiste azken ordukoak"
skill-ovos-news.openvoiceos,"news.intent","zeintzuk dira"
skill-ovos-news.openvoiceos,"news.intent","zer dago albisteetan"
skill-ovos-news.openvoiceos,"news.intent","zer diote albisteek"
skill-ovos-news.openvoiceos,"news.intent","zer gertatzen da albisteetan"
skill-ovos-parrot.openvoiceos,"stop_parrot.intent","errepikatzea  bertan behera utzi"
skill-ovos-parrot.openvoiceos,"stop_parrot.intent","loro-modua  bertan behera utzi"
skill-ovos-parrot.openvoiceos,"stop_parrot.intent","errepikatzea  desaktibatu"
skill-ovos-parrot.openvoiceos,"stop_parrot.intent","loro-modua  desaktibatu"
skill-ovos-parrot.openvoiceos,"stop_parrot.intent","errepikatzea  desgaitu"
skill-ovos-parrot.openvoiceos,"stop_parrot.intent","loro-modua  desgaitu"
skill-ovos-parrot.openvoiceos,"stop_parrot.intent","errepikatzea  gelditu"
skill-ovos-parrot.openvoiceos,"stop_parrot.intent","loro-modua  gelditu"
skill-ovos-parrot.openvoiceos,"stop_parrot.intent","errepikatzea  utzi"
skill-ovos-parrot.openvoiceos,"stop_parrot.intent","loro-modua  utzi"
skill-ovos-parrot.openvoiceos,"stop_parrot.intent","desaktibatu  errepikatzea"
skill-ovos-parrot.openvoiceos,"stop_parrot.intent","desaktibatu loro-modua"
skill-ovos-parrot.openvoiceos,"stop_parrot.intent","desgaitu  errepikatzea"
skill-ovos-parrot.openvoiceos,"stop_parrot.intent","desgaitu loro-modua"
skill-ovos-parrot.openvoiceos,"stop_parrot.intent","gelditu  errepikatzea"
skill-ovos-parrot.openvoiceos,"stop_parrot.intent","gelditu loro-modua"
skill-ovos-parrot.openvoiceos,"stop_parrot.intent","gelditu nik esandakoa errepikatzen"
skill-ovos-parrot.openvoiceos,"stop_parrot.intent","utzi  errepikatzea"
skill-ovos-parrot.openvoiceos,"stop_parrot.intent","utzi loro-modua"
skill-ovos-parrot.openvoiceos,"stop_parrot.intent","utzi bertan behera  errepikatzea"
skill-ovos-parrot.openvoiceos,"stop_parrot.intent","utzi bertan behera loro-modua"
skill-ovos-parrot.openvoiceos,"start_parrot.intent","aktibatu loro-modua"
skill-ovos-parrot.openvoiceos,"start_parrot.intent","errepikatu dena"
skill-ovos-parrot.openvoiceos,"start_parrot.intent","errepikatu entzuten duzun guztia"
skill-ovos-parrot.openvoiceos,"start_parrot.intent","hasi errepikatzen"
skill-ovos-parrot.openvoiceos,"start_parrot.intent","hasi loro-modua"
skill-ovos-parrot.openvoiceos,"start_parrot.intent","hasi loroa"
skill-ovos-parrot.openvoiceos,"start_parrot.intent","loro-modua piztuta"
skill-ovos-parrot.openvoiceos,"start_parrot.intent","loro-moduaren hasiera"
skill-ovos-parrot.openvoiceos,"speak.intent","errepikatu {sentence} nire ondoren"
skill-ovos-parrot.openvoiceos,"speak.intent","esan {sentence} nire ondoren"
skill-ovos-parrot.openvoiceos,"speak.intent","errepikatu {sentence}"
skill-ovos-parrot.openvoiceos,"speak.intent","esan nire ondoren {sentence}"
skill-ovos-parrot.openvoiceos,"speak.intent","esan {sentence}"
skill-ovos-parrot.openvoiceos,"did.you.hear.me.intent","Entzun al didazu?"
skill-ovos-parrot.openvoiceos,"did.you.hear.me.intent","Entzun al duzu?"
skill-ovos-parrot.openvoiceos,"did.you.hear.me.intent","Entzun al zenidan?"
skill-ovos-parrot.openvoiceos,"did.you.hear.me.intent","Entzun al zenuen?"
skill-ovos-parrot.openvoiceos,"did.you.hear.me.intent","Entzuten al didazu?"
skill-ovos-parrot.openvoiceos,"did.you.hear.me.intent","Entzuten al duzu?"
skill-ovos-parrot.openvoiceos,"did.you.hear.me.intent","Entzuten al zenidan?"
skill-ovos-parrot.openvoiceos,"did.you.hear.me.intent","Entzuten al zenuen?"
skill-ovos-parrot.openvoiceos,"repeat.stt.intent","Zer entzun didazu esaten?"
skill-ovos-parrot.openvoiceos,"repeat.stt.intent","Zer esan  dizut?"
skill-ovos-parrot.openvoiceos,"repeat.stt.intent","Zer esan  dut?"
skill-ovos-parrot.openvoiceos,"repeat.stt.intent","Zer esan berri dizut?"
skill-ovos-parrot.openvoiceos,"repeat.stt.intent","Zer esan berri dut?"
skill-ovos-parrot.openvoiceos,"repeat.stt.intent","Zer uste duzu esan dudala?"
skill-ovos-parrot.openvoiceos,"repeat.stt.intent","esadazu zer esan  dudan."
skill-ovos-parrot.openvoiceos,"repeat.stt.intent","esadazu zer esan berri dudan."
skill-ovos-parrot.openvoiceos,"repeat.tts.intent","Berriro?"
skill-ovos-parrot.openvoiceos,"repeat.tts.intent","Errepikatu al dezakezu?"
skill-ovos-parrot.openvoiceos,"repeat.tts.intent","Errepikatu esan  duzuna."
skill-ovos-parrot.openvoiceos,"repeat.tts.intent","Errepikatu esan berri duzuna."
skill-ovos-parrot.openvoiceos,"repeat.tts.intent","Errepikatu hori."
skill-ovos-parrot.openvoiceos,"repeat.tts.intent","Esan  berriro?"
skill-ovos-parrot.openvoiceos,"repeat.tts.intent","Esan al dezakezu berriro?"
skill-ovos-parrot.openvoiceos,"repeat.tts.intent","Esan hori berriro."
skill-ovos-parrot.openvoiceos,"repeat.tts.intent","Esan hori beste behin."
skill-ovos-parrot.openvoiceos,"repeat.tts.intent","Zer esan  didazu?"
skill-ovos-parrot.openvoiceos,"repeat.tts.intent","Zer esan  duzu?"
skill-ovos-parrot.openvoiceos,"repeat.tts.intent","Zer esan berri didazu?"
skill-ovos-parrot.openvoiceos,"repeat.tts.intent","Zer esan berri duzu?"
skill-ovos-parrot.openvoiceos,"repeat.tts.intent","Zer zen hori?"
skill-ovos-randomness.openvoiceos,"roll-single-die.intent","bota dadoa"
skill-ovos-randomness.openvoiceos,"roll-single-die.intent","bota dadoa"
skill-ovos-randomness.openvoiceos,"roll-single-die.intent","bota {faces} aldeko dadoa"
skill-ovos-randomness.openvoiceos,"roll-single-die.intent","bota {faces} aldeko dadoa"
skill-ovos-randomness.openvoiceos,"flip-a-coin.intent","bota txanpona airera"
skill-ovos-randomness.openvoiceos,"roll-multiple-dice.intent","bota {faces} aldeko {number} dado"
skill-ovos-randomness.openvoiceos,"roll-multiple-dice.intent","bota {number} d {faces}"
skill-ovos-randomness.openvoiceos,"roll-multiple-dice.intent","bota {number} dado"
skill-ovos-randomness.openvoiceos,"pick-a-number.intent","aukeratu {lower} eta {upper} arteko zenbaki bat"
skill-ovos-randomness.openvoiceos,"pick-a-number.intent","hautatu {lower} eta {upper} arteko zenbaki bat"
skill-ovos-randomness.openvoiceos,"make-a-choice.intent","lagun iezadazu aukera bat hautatzen"
skill-ovos-randomness.openvoiceos,"make-a-choice.intent","lagun iezadazu erabaki bat hartzen"
skill-ovos-randomness.openvoiceos,"fortune-teller.intent","Esadazu etorkizuna"
skill-ovos-randomness.openvoiceos,"fortune-teller.intent","Esadazu nire etorkizuna"
skill-ovos-randomness.openvoiceos,"fortune-teller.intent","Esadazu nire patua"
skill-ovos-randomness.openvoiceos,"fortune-teller.intent","Esadazu patua"
skill-ovos-volume.openvoiceos,"volume.default.intent","bolumen ertaina"
skill-ovos-volume.openvoiceos,"volume.default.intent","bolumen lehenetsia"
skill-ovos-volume.openvoiceos,"volume.default.intent","bolumena berrezartzea"
skill-ovos-volume.openvoiceos,"volume.default.intent","bolumena leheneratzea"
skill-ovos-volume.openvoiceos,"volume.default.intent","ezarri bolumen ertaina"
skill-ovos-volume.openvoiceos,"volume.default.intent","ezarri bolumen lehenetsia"
skill-ovos-volume.openvoiceos,"volume.default.intent","ezarri bolumen-maila lehenetsia"
skill-ovos-volume.openvoiceos,"volume.mute.toggle.intent","kommutatu audioa"
skill-ovos-volume.openvoiceos,"volume.mute.toggle.intent","kommutatu mututzea"
skill-ovos-volume.openvoiceos,"volume.max.intent","bolumen gorena"
skill-ovos-volume.openvoiceos,"volume.max.intent","ezarri bolumen gorena"
skill-ovos-volume.openvoiceos,"volume.max.intent","ezarri bolumen-maila gorena"
skill-ovos-volume.openvoiceos,"volume.low.intent","bolumen baxua"
skill-ovos-volume.openvoiceos,"volume.low.intent","bolumen-maila baxua"
skill-ovos-volume.openvoiceos,"volume.low.intent","bolumen-maila jaistea"
skill-ovos-volume.openvoiceos,"volume.low.intent","bolumena jaistea"
skill-ovos-volume.openvoiceos,"volume.unmute.intent","desmututu"
skill-ovos-volume.openvoiceos,"volume.unmute.intent","desmututu audioa"
skill-ovos-volume.openvoiceos,"volume.unmute.intent","desmututu bolumena"
skill-ovos-volume.openvoiceos,"volume.high.intent","bolumen altua"
skill-ovos-volume.openvoiceos,"volume.high.intent","bolumen-maila altua"
skill-ovos-volume.openvoiceos,"volume.high.intent","bolumen-maila igotzea"
skill-ovos-volume.openvoiceos,"volume.high.intent","bolumena igotzea"
skill-ovos-volume.openvoiceos,"volume.mute.intent","mututu"
skill-ovos-volume.openvoiceos,"volume.mute.intent","mututu audioa"
skill-ovos-volume.openvoiceos,"volume.mute.intent","mututu bolumena"
skill-ovos-weather.openvoiceos,"do-i-need-an-umbrella.intent","arratsalderako euria espero da"
skill-ovos-weather.openvoiceos,"do-i-need-an-umbrella.intent","aterki bat behar al dut bihar"
skill-ovos-weather.openvoiceos,"do-i-need-an-umbrella.intent","aterki bat behar al dut lanera joateko"
skill-ovos-weather.openvoiceos,"do-i-need-an-umbrella.intent","aterki bat eraman beharko nuke"
skill-ovos-weather.openvoiceos,"do-i-need-an-umbrella.intent","aterki bat eraman beharko nuke poltsan"
skill-ovos-weather.openvoiceos,"do-i-need-an-umbrella.intent","aterki bat hartu behar al dut ekitaldirako"
skill-ovos-weather.openvoiceos,"do-i-need-an-umbrella.intent","aterkia hartu behako nuke parkerako"
skill-ovos-weather.openvoiceos,"do-i-need-an-umbrella.intent","aterkia hartu beharko nuke gaur"
skill-ovos-weather.openvoiceos,"do-i-need-an-umbrella.intent","beste plan izan beharko nuke euriagatik"
skill-ovos-weather.openvoiceos,"do-i-need-an-umbrella.intent","egun euritsua izango al da"
skill-ovos-weather.openvoiceos,"do-i-need-an-umbrella.intent","eguraldi euritsurako jantzi behar al dut"
skill-ovos-weather.openvoiceos,"do-i-need-an-umbrella.intent","euri asko egingo al du"
skill-ovos-weather.openvoiceos,"do-i-need-an-umbrella.intent","euri-jasak egingo al ditu gaur"
skill-ovos-weather.openvoiceos,"do-i-need-an-umbrella.intent","euri-zaparrada baterako prestatu behar al dut"
skill-ovos-weather.openvoiceos,"do-i-need-an-umbrella.intent","euria al dago eguraldiaren iragarpenean"
skill-ovos-weather.openvoiceos,"do-i-need-an-umbrella.intent","euria egin al dezake gaur"
skill-ovos-weather.openvoiceos,"do-i-need-an-umbrella.intent","euria egingo al du"
skill-ovos-weather.openvoiceos,"do-i-need-an-umbrella.intent","euria egingo al du asteburuan"
skill-ovos-weather.openvoiceos,"do-i-need-an-umbrella.intent","euria egingo al du bihar"
skill-ovos-weather.openvoiceos,"do-i-need-an-umbrella.intent","euria egingo al du gaur"
skill-ovos-weather.openvoiceos,"do-i-need-an-umbrella.intent","euria egingo al du kanpoan"
skill-ovos-weather.openvoiceos,"do-i-need-an-umbrella.intent","euria egitea al dago aurreikusita"
skill-ovos-weather.openvoiceos,"do-i-need-an-umbrella.intent","euria egiteko aukera al dago gaur"
skill-ovos-weather.openvoiceos,"do-i-need-an-umbrella.intent","euria egiteko aukera izango al da bihar"
skill-ovos-weather.openvoiceos,"do-i-need-an-umbrella.intent","euria espero da geroago"
skill-ovos-weather.openvoiceos,"do-i-need-an-umbrella.intent","euriagatik kezkatu egin behar al dut"
skill-ovos-weather.openvoiceos,"do-i-need-an-umbrella.intent","euritarako kapela hartu beharko nuke"
skill-ovos-weather.openvoiceos,"do-i-need-an-umbrella.intent","euritarako neurriak hartu behar al ditut"
skill-ovos-weather.openvoiceos,"do-i-need-an-umbrella.intent","euritarako prestatu behar al dut"
skill-ovos-weather.openvoiceos,"do-i-need-an-umbrella.intent","euritarako prestatu beharko nuke"
skill-ovos-weather.openvoiceos,"do-i-need-an-umbrella.intent","euritatik babestu behar al dut"
skill-ovos-weather.openvoiceos,"do-i-need-an-umbrella.intent","gabardina behar al dut bihar"
skill-ovos-weather.openvoiceos,"do-i-need-an-umbrella.intent","gabardina sartu beharko nuke bidaiarako"
skill-ovos-weather.openvoiceos,"do-i-need-an-umbrella.intent","katiuskak hartu beharko nituzke"
skill-ovos-weather.openvoiceos,"do-i-need-an-umbrella.intent","kontuz ibili behar al dut euri-jasekin"
skill-ovos-weather.openvoiceos,"do-i-need-an-umbrella.intent","zira hartu behar al dut"
skill-ovos-wikipedia.openvoiceos,"wikiroulette.intent","(erakutsi|bistaratu|ireki wiki ausaz"
skill-ovos-wikipedia.openvoiceos,"wikiroulette.intent","(erakutsi|bistaratu|ireki wikipedia ausaz"
skill-ovos-wikipedia.openvoiceos,"wikiroulette.intent","erreproduzitu wiki erruleta"
skill-ovos-wikipedia.openvoiceos,"wikiroulette.intent","erreproduzitu wikipedia erruleta"
skill-ovos-wikipedia.openvoiceos,"wikiroulette.intent","wiki ausaz"
skill-ovos-wikipedia.openvoiceos,"wikiroulette.intent","wiki ausazko orria"
skill-ovos-wikipedia.openvoiceos,"wikiroulette.intent","wiki erruleta"
skill-ovos-wikipedia.openvoiceos,"wikiroulette.intent","wikipedia ausaz"
skill-ovos-wikipedia.openvoiceos,"wikiroulette.intent","wikipedia ausazko orria"
skill-ovos-wikipedia.openvoiceos,"wikiroulette.intent","wikipedia erruleta"
skill-ovos-wikipedia.openvoiceos,"query.intent","Adieraz al ditzakezu honi buruzko xehetasunak: {keyword}?"
skill-ovos-wikipedia.openvoiceos,"query.intent","Azal al dezakezu zer den {keyword}?"
skill-ovos-wikipedia.openvoiceos,"query.intent","Emadazu informazioa honi buruz: {keyword}"
skill-ovos-wikipedia.openvoiceos,"query.intent","Emango al didazu azalpenik honi buruz: {keyword}?"
skill-ovos-wikipedia.openvoiceos,"query.intent","Gai honi buruzko datuak jakin nahi ditut: {keyword}"
skill-ovos-wikipedia.openvoiceos,"query.intent","Gai honi buruzko xehetasunak bilatzen ari naiz: {keyword}"
skill-ovos-wikipedia.openvoiceos,"query.intent","Honi buruzko informazio gehiago nahiko nuke: {keyword}"
skill-ovos-wikipedia.openvoiceos,"query.intent","Honi buruzko informazioa nahiko nuke: {keyword}"
skill-ovos-wikipedia.openvoiceos,"query.intent","Zer jakin nahi duzu gai honi buruz: {keyword}?"
skill-ovos-wikipedia.openvoiceos,"query.intent","kontadazu honi buruz: {keyword}"
skill-ovos-wikipedia.openvoiceos,"query.intent","nor da {keyword}?"
skill-ovos-wikipedia.openvoiceos,"query.intent","nor zen {keyword}?"
skill-ovos-wikipedia.openvoiceos,"query.intent","zer da {keyword}?"
skill-ovos-wikipedia.openvoiceos,"wiki.intent","bilatu wiki-n {query}"
skill-ovos-wikipedia.openvoiceos,"wiki.intent","bilatu wikipedian {query}"
skill-ovos-wikipedia.openvoiceos,"wiki.intent","egiaztatu wiki-n {query}"
skill-ovos-wikipedia.openvoiceos,"wiki.intent","egiaztatu wikipedian {query}"
skill-ovos-wikipedia.openvoiceos,"wiki.intent","wiki {query}"
skill-ovos-wikipedia.openvoiceos,"wiki.intent","wikipedia {query}"
skill-ovos-wikipedia.openvoiceos,"wiki.intent","zer dio wiki-k honi buruz: {query}?"
skill-ovos-wikipedia.openvoiceos,"wiki.intent","zer dio wikipediak honi buruz: {query}?"
skill-ovos-wolfie.openvoiceos,"search_wolfie.intent","bilatu the wolf bilatzailean {query}"
skill-ovos-wolfie.openvoiceos,"search_wolfie.intent","bilatu the wolfram alpha bilatzailean {query}"
skill-ovos-wolfie.openvoiceos,"search_wolfie.intent","bilatu the wolfram bilatzailean {query}"
skill-ovos-wolfie.openvoiceos,"search_wolfie.intent","bilatu wolfram alpha bilatzailean {query}"
skill-ovos-wolfie.openvoiceos,"search_wolfie.intent","bilatu wolfram bilatzailean {query}"
skill-ovos-wolfie.openvoiceos,"search_wolfie.intent","zer dio the wolf bilatzaileak honi buruz: {query}?"
skill-ovos-wolfie.openvoiceos,"search_wolfie.intent","zer dio wolfram alpha bilatzaileak honi buruz: {query}?"
skill-ovos-wolfie.openvoiceos,"search_wolfie.intent","zer dio wolfram bilatzaileak honi buruz: {query}?"