domain,intent,utterance
ovos-skill-alerts.openvoiceos,"missed_alerts.intent","hab ich  alarm verpasst"
ovos-skill-alerts.openvoiceos,"missed_alerts.intent","hab ich  alarm versäumt"
ovos-skill-alerts.openvoiceos,"missed_alerts.intent","hab ich  alarme verpasst"
ovos-skill-alerts.openvoiceos,"missed_alerts.intent","hab ich  alarme versäumt"
ovos-skill-alerts.openvoiceos,"missed_alerts.intent","hab ich  ereignis verpasst"
ovos-skill-alerts.openvoiceos,"missed_alerts.intent","hab ich  ereignis versäumt"
ovos-skill-alerts.openvoiceos,"missed_alerts.intent","hab ich  ereignisse verpasst"
ovos-skill-alerts.openvoiceos,"missed_alerts.intent","hab ich  ereignisse versäumt"
ovos-skill-alerts.openvoiceos,"missed_alerts.intent","hab ich  erinnerung verpasst"
ovos-skill-alerts.openvoiceos,"missed_alerts.intent","hab ich  erinnerung versäumt"
ovos-skill-alerts.openvoiceos,"missed_alerts.intent","hab ich  erinnerungen verpasst"
ovos-skill-alerts.openvoiceos,"missed_alerts.intent","hab ich  erinnerungen versäumt"
ovos-skill-alerts.openvoiceos,"missed_alerts.intent","hab ich  termin verpasst"
ovos-skill-alerts.openvoiceos,"missed_alerts.intent","hab ich  termin versäumt"
ovos-skill-alerts.openvoiceos,"missed_alerts.intent","hab ich  termine verpasst"
ovos-skill-alerts.openvoiceos,"missed_alerts.intent","hab ich  termine versäumt"
ovos-skill-alerts.openvoiceos,"missed_alerts.intent","hab ich ein alarm verpasst"
ovos-skill-alerts.openvoiceos,"missed_alerts.intent","hab ich ein alarm versäumt"
ovos-skill-alerts.openvoiceos,"missed_alerts.intent","hab ich ein alarme verpasst"
ovos-skill-alerts.openvoiceos,"missed_alerts.intent","hab ich ein alarme versäumt"
ovos-skill-alerts.openvoiceos,"missed_alerts.intent","hab ich ein ereignis verpasst"
ovos-skill-alerts.openvoiceos,"missed_alerts.intent","hab ich ein ereignis versäumt"
ovos-skill-alerts.openvoiceos,"missed_alerts.intent","hab ich ein ereignisse verpasst"
ovos-skill-alerts.openvoiceos,"missed_alerts.intent","hab ich ein ereignisse versäumt"
ovos-skill-alerts.openvoiceos,"missed_alerts.intent","hab ich ein erinnerung verpasst"
ovos-skill-alerts.openvoiceos,"missed_alerts.intent","hab ich ein erinnerung versäumt"
ovos-skill-alerts.openvoiceos,"missed_alerts.intent","hab ich ein erinnerungen verpasst"
ovos-skill-alerts.openvoiceos,"missed_alerts.intent","hab ich ein erinnerungen versäumt"
ovos-skill-alerts.openvoiceos,"missed_alerts.intent","hab ich ein termin verpasst"
ovos-skill-alerts.openvoiceos,"missed_alerts.intent","hab ich ein termin versäumt"
ovos-skill-alerts.openvoiceos,"missed_alerts.intent","hab ich ein termine verpasst"
ovos-skill-alerts.openvoiceos,"missed_alerts.intent","hab ich ein termine versäumt"
ovos-skill-alerts.openvoiceos,"missed_alerts.intent","hab ich eine alarm verpasst"
ovos-skill-alerts.openvoiceos,"missed_alerts.intent","hab ich eine alarm versäumt"
ovos-skill-alerts.openvoiceos,"missed_alerts.intent","hab ich eine alarme verpasst"
ovos-skill-alerts.openvoiceos,"missed_alerts.intent","hab ich eine alarme versäumt"
ovos-skill-alerts.openvoiceos,"missed_alerts.intent","hab ich eine ereignis verpasst"
ovos-skill-alerts.openvoiceos,"missed_alerts.intent","hab ich eine ereignis versäumt"
ovos-skill-alerts.openvoiceos,"missed_alerts.intent","hab ich eine ereignisse verpasst"
ovos-skill-alerts.openvoiceos,"missed_alerts.intent","hab ich eine ereignisse versäumt"
ovos-skill-alerts.openvoiceos,"missed_alerts.intent","hab ich eine erinnerung verpasst"
ovos-skill-alerts.openvoiceos,"missed_alerts.intent","hab ich eine erinnerung versäumt"
ovos-skill-alerts.openvoiceos,"missed_alerts.intent","hab ich eine erinnerungen verpasst"
ovos-skill-alerts.openvoiceos,"missed_alerts.intent","hab ich eine erinnerungen versäumt"
ovos-skill-alerts.openvoiceos,"missed_alerts.intent","hab ich eine termin verpasst"
ovos-skill-alerts.openvoiceos,"missed_alerts.intent","hab ich eine termin versäumt"
ovos-skill-alerts.openvoiceos,"missed_alerts.intent","hab ich eine termine verpasst"
ovos-skill-alerts.openvoiceos,"missed_alerts.intent","hab ich eine termine versäumt"
ovos-skill-alerts.openvoiceos,"missed_alerts.intent","hab ich einen alarm verpasst"
ovos-skill-alerts.openvoiceos,"missed_alerts.intent","hab ich einen alarm versäumt"
ovos-skill-alerts.openvoiceos,"missed_alerts.intent","hab ich einen alarme verpasst"
ovos-skill-alerts.openvoiceos,"missed_alerts.intent","hab ich einen alarme versäumt"
ovos-skill-alerts.openvoiceos,"missed_alerts.intent","hab ich einen ereignis verpasst"
ovos-skill-alerts.openvoiceos,"missed_alerts.intent","hab ich einen ereignis versäumt"
ovos-skill-alerts.openvoiceos,"missed_alerts.intent","hab ich einen ereignisse verpasst"
ovos-skill-alerts.openvoiceos,"missed_alerts.intent","hab ich einen ereignisse versäumt"
ovos-skill-alerts.openvoiceos,"missed_alerts.intent","hab ich einen erinnerung verpasst"
ovos-skill-alerts.openvoiceos,"missed_alerts.intent","hab ich einen erinnerung versäumt"
ovos-skill-alerts.openvoiceos,"missed_alerts.intent","hab ich einen erinnerungen verpasst"
ovos-skill-alerts.openvoiceos,"missed_alerts.intent","hab ich einen erinnerungen versäumt"
ovos-skill-alerts.openvoiceos,"missed_alerts.intent","hab ich einen termin verpasst"
ovos-skill-alerts.openvoiceos,"missed_alerts.intent","hab ich einen termin versäumt"
ovos-skill-alerts.openvoiceos,"missed_alerts.intent","hab ich einen termine verpasst"
ovos-skill-alerts.openvoiceos,"missed_alerts.intent","hab ich einen termine versäumt"
ovos-skill-alerts.openvoiceos,"missed_alerts.intent","habe ich  alarm verpasst"
ovos-skill-alerts.openvoiceos,"missed_alerts.intent","habe ich  alarm versäumt"
ovos-skill-alerts.openvoiceos,"missed_alerts.intent","habe ich  alarme verpasst"
ovos-skill-alerts.openvoiceos,"missed_alerts.intent","habe ich  alarme versäumt"
ovos-skill-alerts.openvoiceos,"missed_alerts.intent","habe ich  ereignis verpasst"
ovos-skill-alerts.openvoiceos,"missed_alerts.intent","habe ich  ereignis versäumt"
ovos-skill-alerts.openvoiceos,"missed_alerts.intent","habe ich  ereignisse verpasst"
ovos-skill-alerts.openvoiceos,"missed_alerts.intent","habe ich  ereignisse versäumt"
ovos-skill-alerts.openvoiceos,"missed_alerts.intent","habe ich  erinnerung verpasst"
ovos-skill-alerts.openvoiceos,"missed_alerts.intent","habe ich  erinnerung versäumt"
ovos-skill-alerts.openvoiceos,"missed_alerts.intent","habe ich  erinnerungen verpasst"
ovos-skill-alerts.openvoiceos,"missed_alerts.intent","habe ich  erinnerungen versäumt"
ovos-skill-alerts.openvoiceos,"missed_alerts.intent","habe ich  termin verpasst"
ovos-skill-alerts.openvoiceos,"missed_alerts.intent","habe ich  termin versäumt"
ovos-skill-alerts.openvoiceos,"missed_alerts.intent","habe ich  termine verpasst"
ovos-skill-alerts.openvoiceos,"missed_alerts.intent","habe ich  termine versäumt"
ovos-skill-alerts.openvoiceos,"missed_alerts.intent","habe ich ein alarm verpasst"
ovos-skill-alerts.openvoiceos,"missed_alerts.intent","habe ich ein alarm versäumt"
ovos-skill-alerts.openvoiceos,"missed_alerts.intent","habe ich ein alarme verpasst"
ovos-skill-alerts.openvoiceos,"missed_alerts.intent","habe ich ein alarme versäumt"
ovos-skill-alerts.openvoiceos,"missed_alerts.intent","habe ich ein ereignis verpasst"
ovos-skill-alerts.openvoiceos,"missed_alerts.intent","habe ich ein ereignis versäumt"
ovos-skill-alerts.openvoiceos,"missed_alerts.intent","habe ich ein ereignisse verpasst"
ovos-skill-alerts.openvoiceos,"missed_alerts.intent","habe ich ein ereignisse versäumt"
ovos-skill-alerts.openvoiceos,"missed_alerts.intent","habe ich ein erinnerung verpasst"
ovos-skill-alerts.openvoiceos,"missed_alerts.intent","habe ich ein erinnerung versäumt"
ovos-skill-alerts.openvoiceos,"missed_alerts.intent","habe ich ein erinnerungen verpasst"
ovos-skill-alerts.openvoiceos,"missed_alerts.intent","habe ich ein erinnerungen versäumt"
ovos-skill-alerts.openvoiceos,"missed_alerts.intent","habe ich ein termin verpasst"
ovos-skill-alerts.openvoiceos,"missed_alerts.intent","habe ich ein termin versäumt"
ovos-skill-alerts.openvoiceos,"missed_alerts.intent","habe ich ein termine verpasst"
ovos-skill-alerts.openvoiceos,"missed_alerts.intent","habe ich ein termine versäumt"
ovos-skill-alerts.openvoiceos,"missed_alerts.intent","habe ich eine alarm verpasst"
ovos-skill-alerts.openvoiceos,"missed_alerts.intent","habe ich eine alarm versäumt"
ovos-skill-alerts.openvoiceos,"missed_alerts.intent","habe ich eine alarme verpasst"
ovos-skill-alerts.openvoiceos,"missed_alerts.intent","habe ich eine alarme versäumt"
ovos-skill-alerts.openvoiceos,"missed_alerts.intent","habe ich eine ereignis verpasst"
ovos-skill-alerts.openvoiceos,"missed_alerts.intent","habe ich eine ereignis versäumt"
ovos-skill-alerts.openvoiceos,"missed_alerts.intent","habe ich eine ereignisse verpasst"
ovos-skill-alerts.openvoiceos,"missed_alerts.intent","habe ich eine ereignisse versäumt"
ovos-skill-alerts.openvoiceos,"missed_alerts.intent","habe ich eine erinnerung verpasst"
ovos-skill-alerts.openvoiceos,"missed_alerts.intent","habe ich eine erinnerung versäumt"
ovos-skill-alerts.openvoiceos,"missed_alerts.intent","habe ich eine erinnerungen verpasst"
ovos-skill-alerts.openvoiceos,"missed_alerts.intent","habe ich eine erinnerungen versäumt"
ovos-skill-alerts.openvoiceos,"missed_alerts.intent","habe ich eine termin verpasst"
ovos-skill-alerts.openvoiceos,"missed_alerts.intent","habe ich eine termin versäumt"
ovos-skill-alerts.openvoiceos,"missed_alerts.intent","habe ich eine termine verpasst"
ovos-skill-alerts.openvoiceos,"missed_alerts.intent","habe ich eine termine versäumt"
ovos-skill-alerts.openvoiceos,"missed_alerts.intent","habe ich einen alarm verpasst"
ovos-skill-alerts.openvoiceos,"missed_alerts.intent","habe ich einen alarm versäumt"
ovos-skill-alerts.openvoiceos,"missed_alerts.intent","habe ich einen alarme verpasst"
ovos-skill-alerts.openvoiceos,"missed_alerts.intent","habe ich einen alarme versäumt"
ovos-skill-alerts.openvoiceos,"missed_alerts.intent","habe ich einen ereignis verpasst"
ovos-skill-alerts.openvoiceos,"missed_alerts.intent","habe ich einen ereignis versäumt"
ovos-skill-alerts.openvoiceos,"missed_alerts.intent","habe ich einen ereignisse verpasst"
ovos-skill-alerts.openvoiceos,"missed_alerts.intent","habe ich einen ereignisse versäumt"
ovos-skill-alerts.openvoiceos,"missed_alerts.intent","habe ich einen erinnerung verpasst"
ovos-skill-alerts.openvoiceos,"missed_alerts.intent","habe ich einen erinnerung versäumt"
ovos-skill-alerts.openvoiceos,"missed_alerts.intent","habe ich einen erinnerungen verpasst"
ovos-skill-alerts.openvoiceos,"missed_alerts.intent","habe ich einen erinnerungen versäumt"
ovos-skill-alerts.openvoiceos,"missed_alerts.intent","habe ich einen termin verpasst"
ovos-skill-alerts.openvoiceos,"missed_alerts.intent","habe ich einen termin versäumt"
ovos-skill-alerts.openvoiceos,"missed_alerts.intent","habe ich einen termine verpasst"
ovos-skill-alerts.openvoiceos,"missed_alerts.intent","habe ich einen termine versäumt"
ovos-skill-alerts.openvoiceos,"missed_alerts.intent","haben wir  alarm verpasst"
ovos-skill-alerts.openvoiceos,"missed_alerts.intent","haben wir  alarm versäumt"
ovos-skill-alerts.openvoiceos,"missed_alerts.intent","haben wir  alarme verpasst"
ovos-skill-alerts.openvoiceos,"missed_alerts.intent","haben wir  alarme versäumt"
ovos-skill-alerts.openvoiceos,"missed_alerts.intent","haben wir  ereignis verpasst"
ovos-skill-alerts.openvoiceos,"missed_alerts.intent","haben wir  ereignis versäumt"
ovos-skill-alerts.openvoiceos,"missed_alerts.intent","haben wir  ereignisse verpasst"
ovos-skill-alerts.openvoiceos,"missed_alerts.intent","haben wir  ereignisse versäumt"
ovos-skill-alerts.openvoiceos,"missed_alerts.intent","haben wir  erinnerung verpasst"
ovos-skill-alerts.openvoiceos,"missed_alerts.intent","haben wir  erinnerung versäumt"
ovos-skill-alerts.openvoiceos,"missed_alerts.intent","haben wir  erinnerungen verpasst"
ovos-skill-alerts.openvoiceos,"missed_alerts.intent","haben wir  erinnerungen versäumt"
ovos-skill-alerts.openvoiceos,"missed_alerts.intent","haben wir  termin verpasst"
ovos-skill-alerts.openvoiceos,"missed_alerts.intent","haben wir  termin versäumt"
ovos-skill-alerts.openvoiceos,"missed_alerts.intent","haben wir  termine verpasst"
ovos-skill-alerts.openvoiceos,"missed_alerts.intent","haben wir  termine versäumt"
ovos-skill-alerts.openvoiceos,"missed_alerts.intent","haben wir ein alarm verpasst"
ovos-skill-alerts.openvoiceos,"missed_alerts.intent","haben wir ein alarm versäumt"
ovos-skill-alerts.openvoiceos,"missed_alerts.intent","haben wir ein alarme verpasst"
ovos-skill-alerts.openvoiceos,"missed_alerts.intent","haben wir ein alarme versäumt"
ovos-skill-alerts.openvoiceos,"missed_alerts.intent","haben wir ein ereignis verpasst"
ovos-skill-alerts.openvoiceos,"missed_alerts.intent","haben wir ein ereignis versäumt"
ovos-skill-alerts.openvoiceos,"missed_alerts.intent","haben wir ein ereignisse verpasst"
ovos-skill-alerts.openvoiceos,"missed_alerts.intent","haben wir ein ereignisse versäumt"
ovos-skill-alerts.openvoiceos,"missed_alerts.intent","haben wir ein erinnerung verpasst"
ovos-skill-alerts.openvoiceos,"missed_alerts.intent","haben wir ein erinnerung versäumt"
ovos-skill-alerts.openvoiceos,"missed_alerts.intent","haben wir ein erinnerungen verpasst"
ovos-skill-alerts.openvoiceos,"missed_alerts.intent","haben wir ein erinnerungen versäumt"
ovos-skill-alerts.openvoiceos,"missed_alerts.intent","haben wir ein termin verpasst"
ovos-skill-alerts.openvoiceos,"missed_alerts.intent","haben wir ein termin versäumt"
ovos-skill-alerts.openvoiceos,"missed_alerts.intent","haben wir ein termine verpasst"
ovos-skill-alerts.openvoiceos,"missed_alerts.intent","haben wir ein termine versäumt"
ovos-skill-alerts.openvoiceos,"missed_alerts.intent","haben wir eine alarm verpasst"
ovos-skill-alerts.openvoiceos,"missed_alerts.intent","haben wir eine alarm versäumt"
ovos-skill-alerts.openvoiceos,"missed_alerts.intent","haben wir eine alarme verpasst"
ovos-skill-alerts.openvoiceos,"missed_alerts.intent","haben wir eine alarme versäumt"
ovos-skill-alerts.openvoiceos,"missed_alerts.intent","haben wir eine ereignis verpasst"
ovos-skill-alerts.openvoiceos,"missed_alerts.intent","haben wir eine ereignis versäumt"
ovos-skill-alerts.openvoiceos,"missed_alerts.intent","haben wir eine ereignisse verpasst"
ovos-skill-alerts.openvoiceos,"missed_alerts.intent","haben wir eine ereignisse versäumt"
ovos-skill-alerts.openvoiceos,"missed_alerts.intent","haben wir eine erinnerung verpasst"
ovos-skill-alerts.openvoiceos,"missed_alerts.intent","haben wir eine erinnerung versäumt"
ovos-skill-alerts.openvoiceos,"missed_alerts.intent","haben wir eine erinnerungen verpasst"
ovos-skill-alerts.openvoiceos,"missed_alerts.intent","haben wir eine erinnerungen versäumt"
ovos-skill-alerts.openvoiceos,"missed_alerts.intent","haben wir eine termin verpasst"
ovos-skill-alerts.openvoiceos,"missed_alerts.intent","haben wir eine termin versäumt"
ovos-skill-alerts.openvoiceos,"missed_alerts.intent","haben wir eine termine verpasst"
ovos-skill-alerts.openvoiceos,"missed_alerts.intent","haben wir eine termine versäumt"
ovos-skill-alerts.openvoiceos,"missed_alerts.intent","haben wir einen alarm verpasst"
ovos-skill-alerts.openvoiceos,"missed_alerts.intent","haben wir einen alarm versäumt"
ovos-skill-alerts.openvoiceos,"missed_alerts.intent","haben wir einen alarme verpasst"
ovos-skill-alerts.openvoiceos,"missed_alerts.intent","haben wir einen alarme versäumt"
ovos-skill-alerts.openvoiceos,"missed_alerts.intent","haben wir einen ereignis verpasst"
ovos-skill-alerts.openvoiceos,"missed_alerts.intent","haben wir einen ereignis versäumt"
ovos-skill-alerts.openvoiceos,"missed_alerts.intent","haben wir einen ereignisse verpasst"
ovos-skill-alerts.openvoiceos,"missed_alerts.intent","haben wir einen ereignisse versäumt"
ovos-skill-alerts.openvoiceos,"missed_alerts.intent","haben wir einen erinnerung verpasst"
ovos-skill-alerts.openvoiceos,"missed_alerts.intent","haben wir einen erinnerung versäumt"
ovos-skill-alerts.openvoiceos,"missed_alerts.intent","haben wir einen erinnerungen verpasst"
ovos-skill-alerts.openvoiceos,"missed_alerts.intent","haben wir einen erinnerungen versäumt"
ovos-skill-alerts.openvoiceos,"missed_alerts.intent","haben wir einen termin verpasst"
ovos-skill-alerts.openvoiceos,"missed_alerts.intent","haben wir einen termin versäumt"
ovos-skill-alerts.openvoiceos,"missed_alerts.intent","haben wir einen termine verpasst"
ovos-skill-alerts.openvoiceos,"missed_alerts.intent","haben wir einen termine versäumt"
ovos-skill-alerts.openvoiceos,"missed_alerts.intent","welche alarme hab ich verpasst"
ovos-skill-alerts.openvoiceos,"missed_alerts.intent","welche alarme hab ich versäumt"
ovos-skill-alerts.openvoiceos,"missed_alerts.intent","welche alarme habe ich verpasst"
ovos-skill-alerts.openvoiceos,"missed_alerts.intent","welche alarme habe ich versäumt"
ovos-skill-alerts.openvoiceos,"missed_alerts.intent","welche alarme haben wir verpasst"
ovos-skill-alerts.openvoiceos,"missed_alerts.intent","welche alarme haben wir versäumt"
ovos-skill-alerts.openvoiceos,"missed_alerts.intent","welche ereignisse hab ich verpasst"
ovos-skill-alerts.openvoiceos,"missed_alerts.intent","welche ereignisse hab ich versäumt"
ovos-skill-alerts.openvoiceos,"missed_alerts.intent","welche ereignisse habe ich verpasst"
ovos-skill-alerts.openvoiceos,"missed_alerts.intent","welche ereignisse habe ich versäumt"
ovos-skill-alerts.openvoiceos,"missed_alerts.intent","welche ereignisse haben wir verpasst"
ovos-skill-alerts.openvoiceos,"missed_alerts.intent","welche ereignisse haben wir versäumt"
ovos-skill-alerts.openvoiceos,"missed_alerts.intent","welche erinnerung hab ich verpasst"
ovos-skill-alerts.openvoiceos,"missed_alerts.intent","welche erinnerung hab ich versäumt"
ovos-skill-alerts.openvoiceos,"missed_alerts.intent","welche erinnerung habe ich verpasst"
ovos-skill-alerts.openvoiceos,"missed_alerts.intent","welche erinnerung habe ich versäumt"
ovos-skill-alerts.openvoiceos,"missed_alerts.intent","welche erinnerung haben wir verpasst"
ovos-skill-alerts.openvoiceos,"missed_alerts.intent","welche erinnerung haben wir versäumt"
ovos-skill-alerts.openvoiceos,"missed_alerts.intent","welche erinnerungen hab ich verpasst"
ovos-skill-alerts.openvoiceos,"missed_alerts.intent","welche erinnerungen hab ich versäumt"
ovos-skill-alerts.openvoiceos,"missed_alerts.intent","welche erinnerungen habe ich verpasst"
ovos-skill-alerts.openvoiceos,"missed_alerts.intent","welche erinnerungen habe ich versäumt"
ovos-skill-alerts.openvoiceos,"missed_alerts.intent","welche erinnerungen haben wir verpasst"
ovos-skill-alerts.openvoiceos,"missed_alerts.intent","welche erinnerungen haben wir versäumt"
ovos-skill-alerts.openvoiceos,"missed_alerts.intent","welche termine hab ich verpasst"
ovos-skill-alerts.openvoiceos,"missed_alerts.intent","welche termine hab ich versäumt"
ovos-skill-alerts.openvoiceos,"missed_alerts.intent","welche termine habe ich verpasst"
ovos-skill-alerts.openvoiceos,"missed_alerts.intent","welche termine habe ich versäumt"
ovos-skill-alerts.openvoiceos,"missed_alerts.intent","welche termine haben wir verpasst"
ovos-skill-alerts.openvoiceos,"missed_alerts.intent","welche termine haben wir versäumt"
ovos-skill-alerts.openvoiceos,"missed_alerts.intent","welchen alarm hab ich verpasst"
ovos-skill-alerts.openvoiceos,"missed_alerts.intent","welchen alarm hab ich versäumt"
ovos-skill-alerts.openvoiceos,"missed_alerts.intent","welchen alarm habe ich verpasst"
ovos-skill-alerts.openvoiceos,"missed_alerts.intent","welchen alarm habe ich versäumt"
ovos-skill-alerts.openvoiceos,"missed_alerts.intent","welchen alarm haben wir verpasst"
ovos-skill-alerts.openvoiceos,"missed_alerts.intent","welchen alarm haben wir versäumt"
ovos-skill-alerts.openvoiceos,"missed_alerts.intent","welchen termin hab ich verpasst"
ovos-skill-alerts.openvoiceos,"missed_alerts.intent","welchen termin hab ich versäumt"
ovos-skill-alerts.openvoiceos,"missed_alerts.intent","welchen termin habe ich verpasst"
ovos-skill-alerts.openvoiceos,"missed_alerts.intent","welchen termin habe ich versäumt"
ovos-skill-alerts.openvoiceos,"missed_alerts.intent","welchen termin haben wir verpasst"
ovos-skill-alerts.openvoiceos,"missed_alerts.intent","welchen termin haben wir versäumt"
ovos-skill-confucius-quotes.openvoiceos,"who.intent","Wer ist Konfuzius?"
ovos-skill-confucius-quotes.openvoiceos,"who.intent","Wer war Konfuzius?"
ovos-skill-days-in-history.openvoiceos,"deaths_in_history.intent","wer ist heute in der Geschichte gestorben"
ovos-skill-days-in-history.openvoiceos,"births_in_history.intent","wer wurde heute in der Geschichte geboren"
ovos-skill-days-in-history.openvoiceos,"today_in_history.intent","dieser Tag in der Geschichte"
ovos-skill-days-in-history.openvoiceos,"today_in_history.intent","dieses Datum in der Geschichte"
ovos-skill-days-in-history.openvoiceos,"today_in_history.intent","heute in der Geschichte"
ovos-skill-days-in-history.openvoiceos,"today_in_history.intent","nenne mir von  am {date}  passiert sind"
ovos-skill-days-in-history.openvoiceos,"today_in_history.intent","nenne mir von  am {date} in der Geschichte passiert sind"
ovos-skill-days-in-history.openvoiceos,"today_in_history.intent","nenne mir von historischen Ereignissen am {date}  passiert sind"
ovos-skill-days-in-history.openvoiceos,"today_in_history.intent","nenne mir von historischen Ereignissen am {date} in der Geschichte passiert sind"
ovos-skill-days-in-history.openvoiceos,"today_in_history.intent","welche  am {date}  passiert sind"
ovos-skill-days-in-history.openvoiceos,"today_in_history.intent","welche  am {date} in der Geschichte passiert sind"
ovos-skill-days-in-history.openvoiceos,"today_in_history.intent","welche historischen Ereignissen am {date}  passiert sind"
ovos-skill-days-in-history.openvoiceos,"today_in_history.intent","welche historischen Ereignissen am {date} in der Geschichte passiert sind"
ovos-skill-days-in-history.openvoiceos,"today_in_history.intent","nenne mir  an diesem Datum  passiert sind"
ovos-skill-days-in-history.openvoiceos,"today_in_history.intent","nenne mir  an diesem Datum in der Geschichte passiert sind"
ovos-skill-days-in-history.openvoiceos,"today_in_history.intent","nenne mir  an diesem Tag  passiert sind"
ovos-skill-days-in-history.openvoiceos,"today_in_history.intent","nenne mir  an diesem Tag in der Geschichte passiert sind"
ovos-skill-days-in-history.openvoiceos,"today_in_history.intent","nenne mir  heute  passiert sind"
ovos-skill-days-in-history.openvoiceos,"today_in_history.intent","nenne mir  heute in der Geschichte passiert sind"
ovos-skill-days-in-history.openvoiceos,"today_in_history.intent","nenne mir historischen Ereignissen an diesem Datum  passiert sind"
ovos-skill-days-in-history.openvoiceos,"today_in_history.intent","nenne mir historischen Ereignissen an diesem Datum in der Geschichte passiert sind"
ovos-skill-days-in-history.openvoiceos,"today_in_history.intent","nenne mir historischen Ereignissen an diesem Tag  passiert sind"
ovos-skill-days-in-history.openvoiceos,"today_in_history.intent","nenne mir historischen Ereignissen an diesem Tag in der Geschichte passiert sind"
ovos-skill-days-in-history.openvoiceos,"today_in_history.intent","nenne mir historischen Ereignissen heute  passiert sind"
ovos-skill-days-in-history.openvoiceos,"today_in_history.intent","nenne mir historischen Ereignissen heute in der Geschichte passiert sind"
ovos-skill-days-in-history.openvoiceos,"today_in_history.intent","welche  an diesem Datum  passiert sind"
ovos-skill-days-in-history.openvoiceos,"today_in_history.intent","welche  an diesem Datum in der Geschichte passiert sind"
ovos-skill-days-in-history.openvoiceos,"today_in_history.intent","welche  an diesem Tag  passiert sind"
ovos-skill-days-in-history.openvoiceos,"today_in_history.intent","welche  an diesem Tag in der Geschichte passiert sind"
ovos-skill-days-in-history.openvoiceos,"today_in_history.intent","welche  heute  passiert sind"
ovos-skill-days-in-history.openvoiceos,"today_in_history.intent","welche  heute in der Geschichte passiert sind"
ovos-skill-days-in-history.openvoiceos,"today_in_history.intent","welche historischen Ereignissen an diesem Datum  passiert sind"
ovos-skill-days-in-history.openvoiceos,"today_in_history.intent","welche historischen Ereignissen an diesem Datum in der Geschichte passiert sind"
ovos-skill-days-in-history.openvoiceos,"today_in_history.intent","welche historischen Ereignissen an diesem Tag  passiert sind"
ovos-skill-days-in-history.openvoiceos,"today_in_history.intent","welche historischen Ereignissen an diesem Tag in der Geschichte passiert sind"
ovos-skill-days-in-history.openvoiceos,"today_in_history.intent","welche historischen Ereignissen heute  passiert sind"
ovos-skill-days-in-history.openvoiceos,"today_in_history.intent","welche historischen Ereignissen heute in der Geschichte passiert sind"
ovos-skill-diagnostics.openvoiceos,"query_primary_lang.intent","Nenne mir Deine Hauptsprache"
ovos-skill-diagnostics.openvoiceos,"query_primary_lang.intent","Was ist Deine Hauptsprache?"
ovos-skill-diagnostics.openvoiceos,"query_primary_lang.intent","Was ist Deine Muttersprache?"
ovos-skill-diagnostics.openvoiceos,"query_primary_lang.intent","Was ist Deine Systemsprache"
ovos-skill-diagnostics.openvoiceos,"query_primary_lang.intent","Welche Sprache ist Deine Standardsprache?"
ovos-skill-diagnostics.openvoiceos,"query_primary_lang.intent","auf welche Sprache bist du eingestellt"
ovos-skill-diagnostics.openvoiceos,"query_primary_lang.intent","sag mir deine Sprache"
ovos-skill-diagnostics.openvoiceos,"query_primary_lang.intent","welche Sprache verwendest du"
ovos-skill-diagnostics.openvoiceos,"query_ovos_location.intent","Sag mir deinen Standort"
ovos-skill-diagnostics.openvoiceos,"query_ovos_location.intent","Was ist Dein aktueller Standort"
ovos-skill-diagnostics.openvoiceos,"query_ovos_location.intent","Wie ist Deine Lokation"
ovos-skill-diagnostics.openvoiceos,"query_ovos_location.intent","Wo bist du"
ovos-skill-diagnostics.openvoiceos,"query_langs.intent","Liste  Sprachen"
ovos-skill-diagnostics.openvoiceos,"query_langs.intent","Liste Deine Sprachen"
ovos-skill-diagnostics.openvoiceos,"query_langs.intent","Liste unterstützten Sprachen"
ovos-skill-diagnostics.openvoiceos,"query_langs.intent","Liste verfügbaren Sprachen"
ovos-skill-diagnostics.openvoiceos,"query_langs.intent","Verfügbare Sprachen"
ovos-skill-diagnostics.openvoiceos,"query_langs.intent","Was sind Deine Systemsprachen?"
ovos-skill-diagnostics.openvoiceos,"query_langs.intent","Welche Sprachen sind verfügbar"
ovos-skill-diagnostics.openvoiceos,"query_langs.intent","nenne mir alle deine Sprachen"
ovos-skill-diagnostics.openvoiceos,"query_langs.intent","welche Sprachen kannst du sprechen"
ovos-skill-diagnostics.openvoiceos,"query_langs.intent","welche Sprachen kannst du verstehen"
ovos-skill-diagnostics.openvoiceos,"query_langs.intent","welche Sprachen verwendest du"
ovos-skill-diagnostics.openvoiceos,"query_memory_usage.intent","Speicherdiagnose"
ovos-skill-diagnostics.openvoiceos,"query_memory_usage.intent","Wie viel Speicher ist verfügbar?"
ovos-skill-diagnostics.openvoiceos,"query_memory_usage.intent","aktuelle Speichernutzung"
ovos-skill-diagnostics.openvoiceos,"query_memory_usage.intent","nenne mir deinen Speicherstatus"
ovos-skill-diagnostics.openvoiceos,"query_memory_usage.intent","wie hoch ist deine Speichernutzung"
ovos-skill-diagnostics.openvoiceos,"query_memory_usage.intent","wie viel RAM verwendest du"
ovos-skill-diagnostics.openvoiceos,"query_extra_langs.intent","Hast Du zusätzliche Sprachen"
ovos-skill-diagnostics.openvoiceos,"query_extra_langs.intent","Nenne mir Deine weiteren Sprachen"
ovos-skill-diagnostics.openvoiceos,"query_extra_langs.intent","Nenne mir Deine zusätzlichen Sprachen"
ovos-skill-diagnostics.openvoiceos,"query_extra_langs.intent","Was sind Deine zusätzlichen Sprachen?"
ovos-skill-diagnostics.openvoiceos,"query_extra_langs.intent","welche anderen Sprachen hast du"
ovos-skill-diagnostics.openvoiceos,"query_extra_langs.intent","welche zusätzlichen Sprachen verwendest Du"
ovos-skill-diagnostics.openvoiceos,"query_cpu_usage.intent","CPU Diagnose"
ovos-skill-diagnostics.openvoiceos,"query_cpu_usage.intent","Sag mir deine CPU-Auslastung"
ovos-skill-diagnostics.openvoiceos,"query_cpu_usage.intent","aktuelle CPU-Auslastung"
ovos-skill-diagnostics.openvoiceos,"query_cpu_usage.intent","wie hoch ist Deine CPU-Auslastung"
ovos-skill-diagnostics.openvoiceos,"query_cpu_usage.intent","wie hoch ist die CPU-Auslastung"
ovos-skill-diagnostics.openvoiceos,"query_cpu_usage.intent","wie viel CPU verwendest Du"
ovos-skill-diagnostics.openvoiceos,"query_cpu_usage.intent","wie viel Prozessor wird verwendet"
ovos-skill-diagnostics.openvoiceos,"query_kernel_version.intent","Sag mir deine Kernel-Version"
ovos-skill-diagnostics.openvoiceos,"query_kernel_version.intent","Was ist Deine Kernel-Version?"
ovos-skill-diagnostics.openvoiceos,"query_kernel_version.intent","welche Kernel-Version verwendest Du"
ovos-skill-diagnostics.openvoiceos,"query_kernel_version.intent","welchen Kernel hast du"
ovos-skill-diagnostics.openvoiceos,"query_user_lang.intent","welche Sprache sprechen wir"
ovos-skill-diagnostics.openvoiceos,"query_user_lang.intent","welche Sprache verwenden wir"
ovos-skill-diagnostics.openvoiceos,"query_user_lang.intent","welche Sprache spreche ich"
ovos-skill-diagnostics.openvoiceos,"query_user_lang.intent","welche Sprache verwende ich"
ovos-skill-diagnostics.openvoiceos,"query_user_location.intent","Sag mir meinen Standort"
ovos-skill-diagnostics.openvoiceos,"query_user_location.intent","Was ist mein aktueller Standort?"
ovos-skill-diagnostics.openvoiceos,"query_user_location.intent","wie ist mein Standort"
ovos-skill-diagnostics.openvoiceos,"query_user_location.intent","wo bin ich"
ovos-skill-diagnostics.openvoiceos,"query_gpu.intent","Befindet sich in Deinem System eine GPU?"
ovos-skill-diagnostics.openvoiceos,"query_gpu.intent","Befindet sich in Deinem System eine Grafikkarte?"
ovos-skill-diagnostics.openvoiceos,"query_gpu.intent","Hat Ihr System eine GPU"
ovos-skill-diagnostics.openvoiceos,"query_gpu.intent","Hat Ihr System eine Grafikkarte"
ovos-skill-diagnostics.openvoiceos,"query_gpu.intent","hast du eine  GPU"
ovos-skill-diagnostics.openvoiceos,"query_gpu.intent","hast du eine  Grafikkarte"
ovos-skill-diagnostics.openvoiceos,"query_gpu.intent","verwendest du eine GPU"
ovos-skill-diagnostics.openvoiceos,"query_gpu.intent","verwendest du eine Grafikkarte"
ovos-skill-dictation.openvoiceos,"start_dictation.intent","Aktiviere Text-to-Speech-Modus"
ovos-skill-dictation.openvoiceos,"start_dictation.intent","Aktiviere Textaufzeichnung"
ovos-skill-dictation.openvoiceos,"start_dictation.intent","Aktiviere die Texttranskription"
ovos-skill-dictation.openvoiceos,"start_dictation.intent","Aufzeichnen von Notizen mit dem Namen {name} beginnen"
ovos-skill-dictation.openvoiceos,"start_dictation.intent","Aufzeichnen von Notizen mit dem Namen {name} starten"
ovos-skill-dictation.openvoiceos,"start_dictation.intent","Beginne Diktat"
ovos-skill-dictation.openvoiceos,"start_dictation.intent","Beginne Diktat mit Namen {name}"
ovos-skill-dictation.openvoiceos,"start_dictation.intent","Beginne Diktat mit dem {name}"
ovos-skill-dictation.openvoiceos,"start_dictation.intent","Beginne Erfassung von Text mit dem Namen {name}"
ovos-skill-dictation.openvoiceos,"start_dictation.intent","Beginne Notizaufzeichnung"
ovos-skill-dictation.openvoiceos,"start_dictation.intent","Beginne Notizaufzeichnung als {name}"
ovos-skill-dictation.openvoiceos,"start_dictation.intent","Beginne Notizaufzeichnung bitte"
ovos-skill-dictation.openvoiceos,"start_dictation.intent","Beginne Notizaufzeichnung jetzt"
ovos-skill-dictation.openvoiceos,"start_dictation.intent","Beginne Notizaufzeichnung mit dem Namen {name}"
ovos-skill-dictation.openvoiceos,"start_dictation.intent","Beginne Notizen zu machen mit dem Namen {name}"
ovos-skill-dictation.openvoiceos,"start_dictation.intent","Beginne Textaufzeichnung"
ovos-skill-dictation.openvoiceos,"start_dictation.intent","Beginne Textaufzeichnung mit dem Namen {name}"
ovos-skill-dictation.openvoiceos,"start_dictation.intent","Beginne Texttranskription"
ovos-skill-dictation.openvoiceos,"start_dictation.intent","Beginne bitte Notizaufzeichnung mit dem Namen {name}"
ovos-skill-dictation.openvoiceos,"start_dictation.intent","Beginne das Diktat mit dem Namen {name}"
ovos-skill-dictation.openvoiceos,"start_dictation.intent","Beginne den Text zu speichern"
ovos-skill-dictation.openvoiceos,"start_dictation.intent","Beginne diktieren"
ovos-skill-dictation.openvoiceos,"start_dictation.intent","Beginne ein Diktat"
ovos-skill-dictation.openvoiceos,"start_dictation.intent","Beginne jetzt Notizaufzeichnung mit dem Namen {name}"
ovos-skill-dictation.openvoiceos,"start_dictation.intent","Beginne jetzt mit der Notizaufzeichnung bitte"
ovos-skill-dictation.openvoiceos,"start_dictation.intent","Beginne jetzt mit der Notizaufzeichnung mit dem Namen {name} bitte"
ovos-skill-dictation.openvoiceos,"start_dictation.intent","Beginne mit dem Aufzeichnen von Notizen mit dem Namen {name}"
ovos-skill-dictation.openvoiceos,"start_dictation.intent","Beginne mit dem Noitzenmachen mit dem Namen {name}"
ovos-skill-dictation.openvoiceos,"start_dictation.intent","Beginne mit dem Schreiben von Text"
ovos-skill-dictation.openvoiceos,"start_dictation.intent","Beginne mit dem Schreiben von Text als {name}"
ovos-skill-dictation.openvoiceos,"start_dictation.intent","Beginne mit dem Speichern gesprochener Wörter"
ovos-skill-dictation.openvoiceos,"start_dictation.intent","Beginne mit der Audiotranskription als {name}"
ovos-skill-dictation.openvoiceos,"start_dictation.intent","Beginne mit der Aufzeichnung verbaler Informationen"
ovos-skill-dictation.openvoiceos,"start_dictation.intent","Beginne mit der Aufzeichnung von Wörtern als {name}"
ovos-skill-dictation.openvoiceos,"start_dictation.intent","Beginne mit der Erstellung des Texttranskripts"
ovos-skill-dictation.openvoiceos,"start_dictation.intent","Beginne mit der Notizaufzeichnung mit dem Namen {name} bitte"
ovos-skill-dictation.openvoiceos,"start_dictation.intent","Beginne mit der Notizenzusammenstellung"
ovos-skill-dictation.openvoiceos,"start_dictation.intent","Beginne mit der Notizenzusammenstellung mit dem Namen {name}"
ovos-skill-dictation.openvoiceos,"start_dictation.intent","Beginne mit der Textaufzeichnung"
ovos-skill-dictation.openvoiceos,"start_dictation.intent","Beginne mit der Textaufzeichnung als {name}"
ovos-skill-dictation.openvoiceos,"start_dictation.intent","Beginne mit der Texterfassung"
ovos-skill-dictation.openvoiceos,"start_dictation.intent","Beginne mit der Texttranskription"
ovos-skill-dictation.openvoiceos,"start_dictation.intent","Beginne mit der Texttranskription mit dem Namen {name}"
ovos-skill-dictation.openvoiceos,"start_dictation.intent","Beginne mit der Transkription"
ovos-skill-dictation.openvoiceos,"start_dictation.intent","Beginne mit der Transkription als {name}"
ovos-skill-dictation.openvoiceos,"start_dictation.intent","Beginne mit der textlichen dokumentation"
ovos-skill-dictation.openvoiceos,"start_dictation.intent","Beginnen mit der Umwandlung von Sprache in Text"
ovos-skill-dictation.openvoiceos,"start_dictation.intent","Bitte jetzt Text als {name} aufzeichnen"
ovos-skill-dictation.openvoiceos,"start_dictation.intent","Diktat aktivieren"
ovos-skill-dictation.openvoiceos,"start_dictation.intent","Diktat mit Namen {name} starten"
ovos-skill-dictation.openvoiceos,"start_dictation.intent","Diktat mit dem Namen {name} aktivieren"
ovos-skill-dictation.openvoiceos,"start_dictation.intent","Diktat mit dem Namen {name} beginnen"
ovos-skill-dictation.openvoiceos,"start_dictation.intent","Diktat mit dem Namen {name} starten"
ovos-skill-dictation.openvoiceos,"start_dictation.intent","Diktat starten"
ovos-skill-dictation.openvoiceos,"start_dictation.intent","Diktatmodus aktivieren"
ovos-skill-dictation.openvoiceos,"start_dictation.intent","Diktieren beginnen"
ovos-skill-dictation.openvoiceos,"start_dictation.intent","Diktieren starten"
ovos-skill-dictation.openvoiceos,"start_dictation.intent","Diktierfunktion aktivieren"
ovos-skill-dictation.openvoiceos,"start_dictation.intent","Diktiermodus aktivieren"
ovos-skill-dictation.openvoiceos,"start_dictation.intent","Diktiermodus für {name} aktivieren"
ovos-skill-dictation.openvoiceos,"start_dictation.intent","Erfassung von Text mit dem Namen {name} beginnen"
ovos-skill-dictation.openvoiceos,"start_dictation.intent","Erfassung von Text mit dem Namen {name} starten"
ovos-skill-dictation.openvoiceos,"start_dictation.intent","Jetzt Text aufnehmen"
ovos-skill-dictation.openvoiceos,"start_dictation.intent","Kannst Du Texttranskription aktivieren"
ovos-skill-dictation.openvoiceos,"start_dictation.intent","Kannst Du ein Diktat mit dem Namen {name} beginnen"
ovos-skill-dictation.openvoiceos,"start_dictation.intent","Kannst Du ein Diktat mit dem Namen {name} starten"
ovos-skill-dictation.openvoiceos,"start_dictation.intent","Lass uns das Diktat mit dem Namen {name} starten"
ovos-skill-dictation.openvoiceos,"start_dictation.intent","Lass uns den Diktiermodus aktivieren"
ovos-skill-dictation.openvoiceos,"start_dictation.intent","Lass uns ein Diktat beginnen"
ovos-skill-dictation.openvoiceos,"start_dictation.intent","Lass uns ein Diktat machen"
ovos-skill-dictation.openvoiceos,"start_dictation.intent","Lass uns ein Diktat mit dem Namen {name} beginnen"
ovos-skill-dictation.openvoiceos,"start_dictation.intent","Lass uns ein Diktat mit dem Namen {name} starten"
ovos-skill-dictation.openvoiceos,"start_dictation.intent","Lass uns mit Speichern eines Textes beginnen"
ovos-skill-dictation.openvoiceos,"start_dictation.intent","Lass uns mit Speichern eines Textes starten"
ovos-skill-dictation.openvoiceos,"start_dictation.intent","Lass uns mit dem Diktat beginnen"
ovos-skill-dictation.openvoiceos,"start_dictation.intent","Nehme bitte einen Text auf"
ovos-skill-dictation.openvoiceos,"start_dictation.intent","Nehme bitte einen Text mit dem Namen {name} auf"
ovos-skill-dictation.openvoiceos,"start_dictation.intent","Nehme bitte einen Text mit der Bezeichnung {name} auf"
ovos-skill-dictation.openvoiceos,"start_dictation.intent","Nehme bitte jetzt einen Text auf"
ovos-skill-dictation.openvoiceos,"start_dictation.intent","Nehme bitte jetzt einen Text mit der Bezeichnung {name} auf"
ovos-skill-dictation.openvoiceos,"start_dictation.intent","Neues Diktat mit dem Namen {name}"
ovos-skill-dictation.openvoiceos,"start_dictation.intent","Speichern als Text starten"
ovos-skill-dictation.openvoiceos,"start_dictation.intent","Sprach-zu-Text-Aufzeichnung als {name} aktivieren"
ovos-skill-dictation.openvoiceos,"start_dictation.intent","Sprach-zu-Text-Aufzeichnung starten"
ovos-skill-dictation.openvoiceos,"start_dictation.intent","Sprache-zu-Text-Konvertierung starten"
ovos-skill-dictation.openvoiceos,"start_dictation.intent","Start Textaufzeichnung"
ovos-skill-dictation.openvoiceos,"start_dictation.intent","Starte Diktat"
ovos-skill-dictation.openvoiceos,"start_dictation.intent","Starte Diktat mit Namen {name}"
ovos-skill-dictation.openvoiceos,"start_dictation.intent","Starte Erfassung von Text mit dem Namen {name}"
ovos-skill-dictation.openvoiceos,"start_dictation.intent","Starte Textaufzeichnung als {name}"
ovos-skill-dictation.openvoiceos,"start_dictation.intent","Starte Textaufzeichnung mit dem Namen {name}"
ovos-skill-dictation.openvoiceos,"start_dictation.intent","Starte den Text zu speichern"
ovos-skill-dictation.openvoiceos,"start_dictation.intent","Starte diktieren"
ovos-skill-dictation.openvoiceos,"start_dictation.intent","Starte ein Diktat"
ovos-skill-dictation.openvoiceos,"start_dictation.intent","Starte mit dem Aufzeichnen von Notizen mit dem Namen {name}"
ovos-skill-dictation.openvoiceos,"start_dictation.intent","Starte mit dem Schreiben von Text"
ovos-skill-dictation.openvoiceos,"start_dictation.intent","Starte mit dem Schreiben von Text als {name}"
ovos-skill-dictation.openvoiceos,"start_dictation.intent","Starte mit den Transkription"
ovos-skill-dictation.openvoiceos,"start_dictation.intent","Starte mit der Erstellung von Textnotizen"
ovos-skill-dictation.openvoiceos,"start_dictation.intent","Starte mit der Textaufzeichnung"
ovos-skill-dictation.openvoiceos,"start_dictation.intent","Starte mit der Textaufzeichnung als {name}"
ovos-skill-dictation.openvoiceos,"start_dictation.intent","Starte mit der Texterfassung"
ovos-skill-dictation.openvoiceos,"start_dictation.intent","Starte mit der Transkription als {name}"
ovos-skill-dictation.openvoiceos,"start_dictation.intent","Text als {name} aufzeichnen"
ovos-skill-dictation.openvoiceos,"start_dictation.intent","Text aufzeichnen"
ovos-skill-dictation.openvoiceos,"start_dictation.intent","Text jetzt als {name} aufzeichnen"
ovos-skill-dictation.openvoiceos,"start_dictation.intent","Text mit dem Namen {name} aufzeichnen"
ovos-skill-dictation.openvoiceos,"start_dictation.intent","Text schreiben als {name} beginnen"
ovos-skill-dictation.openvoiceos,"start_dictation.intent","Text schreiben als {name} starten"
ovos-skill-dictation.openvoiceos,"start_dictation.intent","Text schreiben beginnen"
ovos-skill-dictation.openvoiceos,"start_dictation.intent","Text schreiben starten"
ovos-skill-dictation.openvoiceos,"start_dictation.intent","Text-to-Speech-Modus aktivieren"
ovos-skill-dictation.openvoiceos,"start_dictation.intent","Textaufzeichnung aktivieren"
ovos-skill-dictation.openvoiceos,"start_dictation.intent","Textaufzeichnung als {name} beginnen"
ovos-skill-dictation.openvoiceos,"start_dictation.intent","Textaufzeichnung als {name} starten"
ovos-skill-dictation.openvoiceos,"start_dictation.intent","Textaufzeichnung beginnen"
ovos-skill-dictation.openvoiceos,"start_dictation.intent","Textaufzeichnung mit dem Namen {name} beginnen"
ovos-skill-dictation.openvoiceos,"start_dictation.intent","Textaufzeichnung mit dem Namen {name} starten"
ovos-skill-dictation.openvoiceos,"start_dictation.intent","Textaufzeichnung starten"
ovos-skill-dictation.openvoiceos,"start_dictation.intent","Textdiktat starten"
ovos-skill-dictation.openvoiceos,"start_dictation.intent","Texterfassung als {name} starten"
ovos-skill-dictation.openvoiceos,"start_dictation.intent","Texterfassung beginnen"
ovos-skill-dictation.openvoiceos,"start_dictation.intent","Texterfassung mit dem Namen {name} starten"
ovos-skill-dictation.openvoiceos,"start_dictation.intent","Texterfassung starten"
ovos-skill-dictation.openvoiceos,"start_dictation.intent","Texterfassungsmodus aktivieren"
ovos-skill-dictation.openvoiceos,"start_dictation.intent","Textinhaltsgenerierung starten"
ovos-skill-dictation.openvoiceos,"start_dictation.intent","Texttranskription aktivieren"
ovos-skill-dictation.openvoiceos,"start_dictation.intent","Texttranskription beginnen"
ovos-skill-dictation.openvoiceos,"start_dictation.intent","Texttranskription mit dem Namen {name} aktivieren"
ovos-skill-dictation.openvoiceos,"start_dictation.intent","Texttranskription mit dem Namen {name} beginnen"
ovos-skill-dictation.openvoiceos,"start_dictation.intent","Texttranskriptionsprozess starten"
ovos-skill-dictation.openvoiceos,"start_dictation.intent","Transkription als {name} beginnen"
ovos-skill-dictation.openvoiceos,"start_dictation.intent","Transkription als {name} starten"
ovos-skill-dictation.openvoiceos,"start_dictation.intent","Transkriptionsfunktion aktivieren"
ovos-skill-dictation.openvoiceos,"start_dictation.intent","aktiviere Diktatmodus"
ovos-skill-dictation.openvoiceos,"start_dictation.intent","aktiviere Diktiermodus"
ovos-skill-dictation.openvoiceos,"start_dictation.intent","aktiviere den Texttranskriptionsmodus mit dem Namen {name}"
ovos-skill-dictation.openvoiceos,"start_dictation.intent","beginne Diktat mit dem Namen {name}"
ovos-skill-dictation.openvoiceos,"start_dictation.intent","beginne Notizen zu machen"
ovos-skill-dictation.openvoiceos,"start_dictation.intent","beginne Notizfunktion"
ovos-skill-dictation.openvoiceos,"start_dictation.intent","diktieren mit dem Namen {name} beginnen"
ovos-skill-dictation.openvoiceos,"start_dictation.intent","diktieren mit dem Namen {name} starten"
ovos-skill-dictation.openvoiceos,"start_dictation.intent","initiiere die Sprach-zu-Text-Konvertierung mit dem Namen {name}"
ovos-skill-dictation.openvoiceos,"start_dictation.intent","jetzt Text mit dem Namen {name} aufzeichnen"
ovos-skill-dictation.openvoiceos,"start_dictation.intent","kannst du anfangen Text zu speichern"
ovos-skill-dictation.openvoiceos,"start_dictation.intent","kannst du beginnen Text zu speichern"
ovos-skill-dictation.openvoiceos,"start_dictation.intent","kannst du den Diktiermodus aktivieren"
ovos-skill-dictation.openvoiceos,"start_dictation.intent","kannst du ein Diktat beginnen"
ovos-skill-dictation.openvoiceos,"stop_dictation.intent","Transskription beenden"
ovos-skill-dictation.openvoiceos,"stop_dictation.intent","Verschriftlichung beenden"
ovos-skill-dictation.openvoiceos,"stop_dictation.intent","Übersetzung beenden"
ovos-skill-dictation.openvoiceos,"stop_dictation.intent","Diktat beenden"
ovos-skill-dictation.openvoiceos,"stop_dictation.intent","lass uns das Diktat beenden"
ovos-skill-dictation.openvoiceos,"stop_dictation.intent","Abbruch der Aufzeichnung"
ovos-skill-dictation.openvoiceos,"stop_dictation.intent","Beende Transkript"
ovos-skill-dictation.openvoiceos,"stop_dictation.intent","Beende Transkription"
ovos-skill-dictation.openvoiceos,"stop_dictation.intent","Beende  Notizenaufzeichnung"
ovos-skill-dictation.openvoiceos,"stop_dictation.intent","Beende die Notizenaufzeichnung"
ovos-skill-dictation.openvoiceos,"stop_dictation.intent","Beende Diktat"
ovos-skill-dictation.openvoiceos,"stop_dictation.intent","Beende Notizen"
ovos-skill-dictation.openvoiceos,"stop_dictation.intent","Beende Notizen machen"
ovos-skill-dictation.openvoiceos,"stop_dictation.intent","Beende Textaufzeichnung"
ovos-skill-dictation.openvoiceos,"stop_dictation.intent","Beende Transkription"
ovos-skill-dictation.openvoiceos,"stop_dictation.intent","Beende das Diktat"
ovos-skill-dictation.openvoiceos,"stop_dictation.intent","Beende die Textaufzeichnung"
ovos-skill-dictation.openvoiceos,"stop_dictation.intent","Breche Aufzeichnung ab"
ovos-skill-dictation.openvoiceos,"stop_dictation.intent","Breche Diktat ab"
ovos-skill-dictation.openvoiceos,"stop_dictation.intent","Breche Textaufzeichnung ab"
ovos-skill-dictation.openvoiceos,"stop_dictation.intent","Breche Transkription ab"
ovos-skill-dictation.openvoiceos,"stop_dictation.intent","Breche das Diktat ab"
ovos-skill-dictation.openvoiceos,"stop_dictation.intent","Deaktivere Aufzeichnung"
ovos-skill-dictation.openvoiceos,"stop_dictation.intent","Deaktiviere Texttranskription"
ovos-skill-dictation.openvoiceos,"stop_dictation.intent","Diktat abbrechen"
ovos-skill-dictation.openvoiceos,"stop_dictation.intent","Diktat beenden"
ovos-skill-dictation.openvoiceos,"stop_dictation.intent","Diktat stoppen"
ovos-skill-dictation.openvoiceos,"stop_dictation.intent","Diktatfunktion deaktivieren"
ovos-skill-dictation.openvoiceos,"stop_dictation.intent","Diktatmodus deaktivieren"
ovos-skill-dictation.openvoiceos,"stop_dictation.intent","Diktierfunktion deaktivieren"
ovos-skill-dictation.openvoiceos,"stop_dictation.intent","Diktiermodus deaktivieren"
ovos-skill-dictation.openvoiceos,"stop_dictation.intent","Ende der Transkription"
ovos-skill-dictation.openvoiceos,"stop_dictation.intent","Hör auf Notizen zu machen"
ovos-skill-dictation.openvoiceos,"stop_dictation.intent","Höre auf Notizen zu machen"
ovos-skill-dictation.openvoiceos,"stop_dictation.intent","Kannst du die Aufzeichnung abbrechen"
ovos-skill-dictation.openvoiceos,"stop_dictation.intent","Lass uns Notizen machen beenden"
ovos-skill-dictation.openvoiceos,"stop_dictation.intent","Lass uns Notizen machen stoppen"
ovos-skill-dictation.openvoiceos,"stop_dictation.intent","Lass uns das Diktat abbrechen"
ovos-skill-dictation.openvoiceos,"stop_dictation.intent","Lass uns das Diktat beenden"
ovos-skill-dictation.openvoiceos,"stop_dictation.intent","Lass uns das Diktat deaktivieren"
ovos-skill-dictation.openvoiceos,"stop_dictation.intent","Lass uns das Notizen machen abbrechen"
ovos-skill-dictation.openvoiceos,"stop_dictation.intent","Lass uns das Notizen machen beenden"
ovos-skill-dictation.openvoiceos,"stop_dictation.intent","Lass uns den Diktiermodus deaktivieren"
ovos-skill-dictation.openvoiceos,"stop_dictation.intent","Lass uns die Textaufzeichnung abbrechen"
ovos-skill-dictation.openvoiceos,"stop_dictation.intent","Lass uns die Textaufzeichnung beenden"
ovos-skill-dictation.openvoiceos,"stop_dictation.intent","Lass uns die Textaufzeichnung stoppen"
ovos-skill-dictation.openvoiceos,"stop_dictation.intent","Lass uns die Texttranskription deaktivieren"
ovos-skill-dictation.openvoiceos,"stop_dictation.intent","Lasst uns das Diktat stoppen"
ovos-skill-dictation.openvoiceos,"stop_dictation.intent","Lasst uns die Texttranskription deaktivieren"
ovos-skill-dictation.openvoiceos,"stop_dictation.intent","Lasst uns die Transkription abbrechen"
ovos-skill-dictation.openvoiceos,"stop_dictation.intent","Lasst uns die Transkription beenden"
ovos-skill-dictation.openvoiceos,"stop_dictation.intent","Lasst uns die Transkription stoppen"
ovos-skill-dictation.openvoiceos,"stop_dictation.intent","Notizen machen abbrechen"
ovos-skill-dictation.openvoiceos,"stop_dictation.intent","Notizen machen beenden"
ovos-skill-dictation.openvoiceos,"stop_dictation.intent","Stoppe Diktat"
ovos-skill-dictation.openvoiceos,"stop_dictation.intent","Stoppe Notizen zu machen"
ovos-skill-dictation.openvoiceos,"stop_dictation.intent","Stoppe Textaufzeichnung"
ovos-skill-dictation.openvoiceos,"stop_dictation.intent","Stoppe Transkription"
ovos-skill-dictation.openvoiceos,"stop_dictation.intent","Stoppe das Diktat"
ovos-skill-dictation.openvoiceos,"stop_dictation.intent","Stoppe die Textaufzeichnung"
ovos-skill-dictation.openvoiceos,"stop_dictation.intent","Textaufzeichnung abbrechen"
ovos-skill-dictation.openvoiceos,"stop_dictation.intent","Textaufzeichnung beenden"
ovos-skill-dictation.openvoiceos,"stop_dictation.intent","kannst du die Transkription stoppen"
ovos-skill-dictation.openvoiceos,"stop_dictation.intent","lass uns die Aufnahme beenden"
ovos-skill-ip.openvoiceos,"what.ssid.intent","mit welche netzwerk bist du verbunden"
ovos-skill-ip.openvoiceos,"what.ssid.intent","mit welche wifi bist du verbunden"
ovos-skill-ip.openvoiceos,"what.ssid.intent","mit welche wlan bist du verbunden"
ovos-skill-ip.openvoiceos,"what.ssid.intent","mit welchem netzwerk bist du verbunden"
ovos-skill-ip.openvoiceos,"what.ssid.intent","mit welchem wifi bist du verbunden"
ovos-skill-ip.openvoiceos,"what.ssid.intent","mit welchem wlan bist du verbunden"
ovos-skill-ip.openvoiceos,"what.ssid.intent","mit welchen netzwerk bist du verbunden"
ovos-skill-ip.openvoiceos,"what.ssid.intent","mit welchen wifi bist du verbunden"
ovos-skill-ip.openvoiceos,"what.ssid.intent","mit welchen wlan bist du verbunden"
ovos-skill-ip.openvoiceos,"what.ssid.intent","mit welcher netzwerk bist du verbunden"
ovos-skill-ip.openvoiceos,"what.ssid.intent","mit welcher wifi bist du verbunden"
ovos-skill-ip.openvoiceos,"what.ssid.intent","mit welcher wlan bist du verbunden"
ovos-skill-ip.openvoiceos,"what.ssid.intent","mit welches netzwerk bist du verbunden"
ovos-skill-ip.openvoiceos,"what.ssid.intent","mit welches wifi bist du verbunden"
ovos-skill-ip.openvoiceos,"what.ssid.intent","mit welches wlan bist du verbunden"
ovos-skill-ip.openvoiceos,"what.ssid.intent","womit bist du verbunden"
ovos-skill-ip.openvoiceos,"what.ssid.intent","mit was    bist du verbunden"
ovos-skill-ip.openvoiceos,"what.ssid.intent","mit was   kabel bist du verbunden"
ovos-skill-ip.openvoiceos,"what.ssid.intent","mit was   netzwerk bist du verbunden"
ovos-skill-ip.openvoiceos,"what.ssid.intent","mit was   ssid bist du verbunden"
ovos-skill-ip.openvoiceos,"what.ssid.intent","mit was   wifi bist du verbunden"
ovos-skill-ip.openvoiceos,"what.ssid.intent","mit was   wlan bist du verbunden"
ovos-skill-ip.openvoiceos,"what.ssid.intent","mit was  ein  bist du verbunden"
ovos-skill-ip.openvoiceos,"what.ssid.intent","mit was  ein kabel bist du verbunden"
ovos-skill-ip.openvoiceos,"what.ssid.intent","mit was  ein netzwerk bist du verbunden"
ovos-skill-ip.openvoiceos,"what.ssid.intent","mit was  ein ssid bist du verbunden"
ovos-skill-ip.openvoiceos,"what.ssid.intent","mit was  ein wifi bist du verbunden"
ovos-skill-ip.openvoiceos,"what.ssid.intent","mit was  ein wlan bist du verbunden"
ovos-skill-ip.openvoiceos,"what.ssid.intent","mit was  eine  bist du verbunden"
ovos-skill-ip.openvoiceos,"what.ssid.intent","mit was  eine kabel bist du verbunden"
ovos-skill-ip.openvoiceos,"what.ssid.intent","mit was  eine netzwerk bist du verbunden"
ovos-skill-ip.openvoiceos,"what.ssid.intent","mit was  eine ssid bist du verbunden"
ovos-skill-ip.openvoiceos,"what.ssid.intent","mit was  eine wifi bist du verbunden"
ovos-skill-ip.openvoiceos,"what.ssid.intent","mit was  eine wlan bist du verbunden"
ovos-skill-ip.openvoiceos,"what.ssid.intent","mit was  einem  bist du verbunden"
ovos-skill-ip.openvoiceos,"what.ssid.intent","mit was  einem kabel bist du verbunden"
ovos-skill-ip.openvoiceos,"what.ssid.intent","mit was  einem netzwerk bist du verbunden"
ovos-skill-ip.openvoiceos,"what.ssid.intent","mit was  einem ssid bist du verbunden"
ovos-skill-ip.openvoiceos,"what.ssid.intent","mit was  einem wifi bist du verbunden"
ovos-skill-ip.openvoiceos,"what.ssid.intent","mit was  einem wlan bist du verbunden"
ovos-skill-ip.openvoiceos,"what.ssid.intent","mit was  einer  bist du verbunden"
ovos-skill-ip.openvoiceos,"what.ssid.intent","mit was  einer kabel bist du verbunden"
ovos-skill-ip.openvoiceos,"what.ssid.intent","mit was  einer netzwerk bist du verbunden"
ovos-skill-ip.openvoiceos,"what.ssid.intent","mit was  einer ssid bist du verbunden"
ovos-skill-ip.openvoiceos,"what.ssid.intent","mit was  einer wifi bist du verbunden"
ovos-skill-ip.openvoiceos,"what.ssid.intent","mit was  einer wlan bist du verbunden"
ovos-skill-ip.openvoiceos,"what.ssid.intent","mit was  eines  bist du verbunden"
ovos-skill-ip.openvoiceos,"what.ssid.intent","mit was  eines kabel bist du verbunden"
ovos-skill-ip.openvoiceos,"what.ssid.intent","mit was  eines netzwerk bist du verbunden"
ovos-skill-ip.openvoiceos,"what.ssid.intent","mit was  eines ssid bist du verbunden"
ovos-skill-ip.openvoiceos,"what.ssid.intent","mit was  eines wifi bist du verbunden"
ovos-skill-ip.openvoiceos,"what.ssid.intent","mit was  eines wlan bist du verbunden"
ovos-skill-ip.openvoiceos,"what.ssid.intent","mit was für   bist du verbunden"
ovos-skill-ip.openvoiceos,"what.ssid.intent","mit was für  kabel bist du verbunden"
ovos-skill-ip.openvoiceos,"what.ssid.intent","mit was für  netzwerk bist du verbunden"
ovos-skill-ip.openvoiceos,"what.ssid.intent","mit was für  ssid bist du verbunden"
ovos-skill-ip.openvoiceos,"what.ssid.intent","mit was für  wifi bist du verbunden"
ovos-skill-ip.openvoiceos,"what.ssid.intent","mit was für  wlan bist du verbunden"
ovos-skill-ip.openvoiceos,"what.ssid.intent","mit was für ein  bist du verbunden"
ovos-skill-ip.openvoiceos,"what.ssid.intent","mit was für ein kabel bist du verbunden"
ovos-skill-ip.openvoiceos,"what.ssid.intent","mit was für ein netzwerk bist du verbunden"
ovos-skill-ip.openvoiceos,"what.ssid.intent","mit was für ein ssid bist du verbunden"
ovos-skill-ip.openvoiceos,"what.ssid.intent","mit was für ein wifi bist du verbunden"
ovos-skill-ip.openvoiceos,"what.ssid.intent","mit was für ein wlan bist du verbunden"
ovos-skill-ip.openvoiceos,"what.ssid.intent","mit was für eine  bist du verbunden"
ovos-skill-ip.openvoiceos,"what.ssid.intent","mit was für eine kabel bist du verbunden"
ovos-skill-ip.openvoiceos,"what.ssid.intent","mit was für eine netzwerk bist du verbunden"
ovos-skill-ip.openvoiceos,"what.ssid.intent","mit was für eine ssid bist du verbunden"
ovos-skill-ip.openvoiceos,"what.ssid.intent","mit was für eine wifi bist du verbunden"
ovos-skill-ip.openvoiceos,"what.ssid.intent","mit was für eine wlan bist du verbunden"
ovos-skill-ip.openvoiceos,"what.ssid.intent","mit was für einem  bist du verbunden"
ovos-skill-ip.openvoiceos,"what.ssid.intent","mit was für einem kabel bist du verbunden"
ovos-skill-ip.openvoiceos,"what.ssid.intent","mit was für einem netzwerk bist du verbunden"
ovos-skill-ip.openvoiceos,"what.ssid.intent","mit was für einem ssid bist du verbunden"
ovos-skill-ip.openvoiceos,"what.ssid.intent","mit was für einem wifi bist du verbunden"
ovos-skill-ip.openvoiceos,"what.ssid.intent","mit was für einem wlan bist du verbunden"
ovos-skill-ip.openvoiceos,"what.ssid.intent","mit was für einer  bist du verbunden"
ovos-skill-ip.openvoiceos,"what.ssid.intent","mit was für einer kabel bist du verbunden"
ovos-skill-ip.openvoiceos,"what.ssid.intent","mit was für einer netzwerk bist du verbunden"
ovos-skill-ip.openvoiceos,"what.ssid.intent","mit was für einer ssid bist du verbunden"
ovos-skill-ip.openvoiceos,"what.ssid.intent","mit was für einer wifi bist du verbunden"
ovos-skill-ip.openvoiceos,"what.ssid.intent","mit was für einer wlan bist du verbunden"
ovos-skill-ip.openvoiceos,"what.ssid.intent","mit was für eines  bist du verbunden"
ovos-skill-ip.openvoiceos,"what.ssid.intent","mit was für eines kabel bist du verbunden"
ovos-skill-ip.openvoiceos,"what.ssid.intent","mit was für eines netzwerk bist du verbunden"
ovos-skill-ip.openvoiceos,"what.ssid.intent","mit was für eines ssid bist du verbunden"
ovos-skill-ip.openvoiceos,"what.ssid.intent","mit was für eines wifi bist du verbunden"
ovos-skill-ip.openvoiceos,"what.ssid.intent","mit was für eines wlan bist du verbunden"
ovos-skill-ip.openvoiceos,"what.ssid.intent","bist du mit  kabel verbunden"
ovos-skill-ip.openvoiceos,"what.ssid.intent","bist du mit  netzwerk verbunden"
ovos-skill-ip.openvoiceos,"what.ssid.intent","bist du mit  netzwerkkabel verbunden"
ovos-skill-ip.openvoiceos,"what.ssid.intent","bist du mit  ssid verbunden"
ovos-skill-ip.openvoiceos,"what.ssid.intent","bist du mit  wifi verbunden"
ovos-skill-ip.openvoiceos,"what.ssid.intent","bist du mit  wlan verbunden"
ovos-skill-ip.openvoiceos,"what.ssid.intent","bist du mit ein kabel verbunden"
ovos-skill-ip.openvoiceos,"what.ssid.intent","bist du mit ein netzwerk verbunden"
ovos-skill-ip.openvoiceos,"what.ssid.intent","bist du mit ein netzwerkkabel verbunden"
ovos-skill-ip.openvoiceos,"what.ssid.intent","bist du mit ein ssid verbunden"
ovos-skill-ip.openvoiceos,"what.ssid.intent","bist du mit ein wifi verbunden"
ovos-skill-ip.openvoiceos,"what.ssid.intent","bist du mit ein wlan verbunden"
ovos-skill-ip.openvoiceos,"what.ssid.intent","bist du mit eine kabel verbunden"
ovos-skill-ip.openvoiceos,"what.ssid.intent","bist du mit eine netzwerk verbunden"
ovos-skill-ip.openvoiceos,"what.ssid.intent","bist du mit eine netzwerkkabel verbunden"
ovos-skill-ip.openvoiceos,"what.ssid.intent","bist du mit eine ssid verbunden"
ovos-skill-ip.openvoiceos,"what.ssid.intent","bist du mit eine wifi verbunden"
ovos-skill-ip.openvoiceos,"what.ssid.intent","bist du mit eine wlan verbunden"
ovos-skill-ip.openvoiceos,"what.ssid.intent","bist du mit einem kabel verbunden"
ovos-skill-ip.openvoiceos,"what.ssid.intent","bist du mit einem netzwerk verbunden"
ovos-skill-ip.openvoiceos,"what.ssid.intent","bist du mit einem netzwerkkabel verbunden"
ovos-skill-ip.openvoiceos,"what.ssid.intent","bist du mit einem ssid verbunden"
ovos-skill-ip.openvoiceos,"what.ssid.intent","bist du mit einem wifi verbunden"
ovos-skill-ip.openvoiceos,"what.ssid.intent","bist du mit einem wlan verbunden"
ovos-skill-ip.openvoiceos,"what.ssid.intent","bist du mit einer kabel verbunden"
ovos-skill-ip.openvoiceos,"what.ssid.intent","bist du mit einer netzwerk verbunden"
ovos-skill-ip.openvoiceos,"what.ssid.intent","bist du mit einer netzwerkkabel verbunden"
ovos-skill-ip.openvoiceos,"what.ssid.intent","bist du mit einer ssid verbunden"
ovos-skill-ip.openvoiceos,"what.ssid.intent","bist du mit einer wifi verbunden"
ovos-skill-ip.openvoiceos,"what.ssid.intent","bist du mit einer wlan verbunden"
ovos-skill-ip.openvoiceos,"what.ssid.intent","bist du mit eines kabel verbunden"
ovos-skill-ip.openvoiceos,"what.ssid.intent","bist du mit eines netzwerk verbunden"
ovos-skill-ip.openvoiceos,"what.ssid.intent","bist du mit eines netzwerkkabel verbunden"
ovos-skill-ip.openvoiceos,"what.ssid.intent","bist du mit eines ssid verbunden"
ovos-skill-ip.openvoiceos,"what.ssid.intent","bist du mit eines wifi verbunden"
ovos-skill-ip.openvoiceos,"what.ssid.intent","bist du mit eines wlan verbunden"
ovos-skill-ip.openvoiceos,"what.ssid.intent","hast du  kabel"
ovos-skill-ip.openvoiceos,"what.ssid.intent","hast du  netzwerk"
ovos-skill-ip.openvoiceos,"what.ssid.intent","hast du  netzwerkkabel"
ovos-skill-ip.openvoiceos,"what.ssid.intent","hast du  ssid"
ovos-skill-ip.openvoiceos,"what.ssid.intent","hast du  wifi"
ovos-skill-ip.openvoiceos,"what.ssid.intent","hast du  wlan"
ovos-skill-ip.openvoiceos,"what.ssid.intent","hast du ein kabel"
ovos-skill-ip.openvoiceos,"what.ssid.intent","hast du ein netzwerk"
ovos-skill-ip.openvoiceos,"what.ssid.intent","hast du ein netzwerkkabel"
ovos-skill-ip.openvoiceos,"what.ssid.intent","hast du ein ssid"
ovos-skill-ip.openvoiceos,"what.ssid.intent","hast du ein wifi"
ovos-skill-ip.openvoiceos,"what.ssid.intent","hast du ein wlan"
ovos-skill-ip.openvoiceos,"what.ssid.intent","hast du eine kabel"
ovos-skill-ip.openvoiceos,"what.ssid.intent","hast du eine netzwerk"
ovos-skill-ip.openvoiceos,"what.ssid.intent","hast du eine netzwerkkabel"
ovos-skill-ip.openvoiceos,"what.ssid.intent","hast du eine ssid"
ovos-skill-ip.openvoiceos,"what.ssid.intent","hast du eine wifi"
ovos-skill-ip.openvoiceos,"what.ssid.intent","hast du eine wlan"
ovos-skill-ip.openvoiceos,"what.ssid.intent","hast du einem kabel"
ovos-skill-ip.openvoiceos,"what.ssid.intent","hast du einem netzwerk"
ovos-skill-ip.openvoiceos,"what.ssid.intent","hast du einem netzwerkkabel"
ovos-skill-ip.openvoiceos,"what.ssid.intent","hast du einem ssid"
ovos-skill-ip.openvoiceos,"what.ssid.intent","hast du einem wifi"
ovos-skill-ip.openvoiceos,"what.ssid.intent","hast du einem wlan"
ovos-skill-ip.openvoiceos,"what.ssid.intent","hast du einer kabel"
ovos-skill-ip.openvoiceos,"what.ssid.intent","hast du einer netzwerk"
ovos-skill-ip.openvoiceos,"what.ssid.intent","hast du einer netzwerkkabel"
ovos-skill-ip.openvoiceos,"what.ssid.intent","hast du einer ssid"
ovos-skill-ip.openvoiceos,"what.ssid.intent","hast du einer wifi"
ovos-skill-ip.openvoiceos,"what.ssid.intent","hast du einer wlan"
ovos-skill-ip.openvoiceos,"what.ssid.intent","hast du eines kabel"
ovos-skill-ip.openvoiceos,"what.ssid.intent","hast du eines netzwerk"
ovos-skill-ip.openvoiceos,"what.ssid.intent","hast du eines netzwerkkabel"
ovos-skill-ip.openvoiceos,"what.ssid.intent","hast du eines ssid"
ovos-skill-ip.openvoiceos,"what.ssid.intent","hast du eines wifi"
ovos-skill-ip.openvoiceos,"what.ssid.intent","hast du eines wlan"
ovos-skill-ip.openvoiceos,"what.ssid.intent","hast du  Netzwerkverbindung"
ovos-skill-ip.openvoiceos,"what.ssid.intent","hast du ein Netzwerkverbindung"
ovos-skill-ip.openvoiceos,"what.ssid.intent","hast du eine Netzwerkverbindung"
ovos-skill-ip.openvoiceos,"what.ssid.intent","hast du einem Netzwerkverbindung"
ovos-skill-ip.openvoiceos,"what.ssid.intent","hast du einer Netzwerkverbindung"
ovos-skill-ip.openvoiceos,"what.ssid.intent","hast du eines Netzwerkverbindung"
ovos-skill-ip.openvoiceos,"what.ssid.intent","hast du  Verbindung mit  kabel"
ovos-skill-ip.openvoiceos,"what.ssid.intent","hast du  Verbindung mit  netzwerk"
ovos-skill-ip.openvoiceos,"what.ssid.intent","hast du  Verbindung mit  netzwerkkabel"
ovos-skill-ip.openvoiceos,"what.ssid.intent","hast du  Verbindung mit  ssid"
ovos-skill-ip.openvoiceos,"what.ssid.intent","hast du  Verbindung mit  wifi"
ovos-skill-ip.openvoiceos,"what.ssid.intent","hast du  Verbindung mit  wlan"
ovos-skill-ip.openvoiceos,"what.ssid.intent","hast du  Verbindung mit ein kabel"
ovos-skill-ip.openvoiceos,"what.ssid.intent","hast du  Verbindung mit ein netzwerk"
ovos-skill-ip.openvoiceos,"what.ssid.intent","hast du  Verbindung mit ein netzwerkkabel"
ovos-skill-ip.openvoiceos,"what.ssid.intent","hast du  Verbindung mit ein ssid"
ovos-skill-ip.openvoiceos,"what.ssid.intent","hast du  Verbindung mit ein wifi"
ovos-skill-ip.openvoiceos,"what.ssid.intent","hast du  Verbindung mit ein wlan"
ovos-skill-ip.openvoiceos,"what.ssid.intent","hast du  Verbindung mit eine kabel"
ovos-skill-ip.openvoiceos,"what.ssid.intent","hast du  Verbindung mit eine netzwerk"
ovos-skill-ip.openvoiceos,"what.ssid.intent","hast du  Verbindung mit eine netzwerkkabel"
ovos-skill-ip.openvoiceos,"what.ssid.intent","hast du  Verbindung mit eine ssid"
ovos-skill-ip.openvoiceos,"what.ssid.intent","hast du  Verbindung mit eine wifi"
ovos-skill-ip.openvoiceos,"what.ssid.intent","hast du  Verbindung mit eine wlan"
ovos-skill-ip.openvoiceos,"what.ssid.intent","hast du  Verbindung mit einem kabel"
ovos-skill-ip.openvoiceos,"what.ssid.intent","hast du  Verbindung mit einem netzwerk"
ovos-skill-ip.openvoiceos,"what.ssid.intent","hast du  Verbindung mit einem netzwerkkabel"
ovos-skill-ip.openvoiceos,"what.ssid.intent","hast du  Verbindung mit einem ssid"
ovos-skill-ip.openvoiceos,"what.ssid.intent","hast du  Verbindung mit einem wifi"
ovos-skill-ip.openvoiceos,"what.ssid.intent","hast du  Verbindung mit einem wlan"
ovos-skill-ip.openvoiceos,"what.ssid.intent","hast du  Verbindung mit einer kabel"
ovos-skill-ip.openvoiceos,"what.ssid.intent","hast du  Verbindung mit einer netzwerk"
ovos-skill-ip.openvoiceos,"what.ssid.intent","hast du  Verbindung mit einer netzwerkkabel"
ovos-skill-ip.openvoiceos,"what.ssid.intent","hast du  Verbindung mit einer ssid"
ovos-skill-ip.openvoiceos,"what.ssid.intent","hast du  Verbindung mit einer wifi"
ovos-skill-ip.openvoiceos,"what.ssid.intent","hast du  Verbindung mit einer wlan"
ovos-skill-ip.openvoiceos,"what.ssid.intent","hast du  Verbindung mit eines kabel"
ovos-skill-ip.openvoiceos,"what.ssid.intent","hast du  Verbindung mit eines netzwerk"
ovos-skill-ip.openvoiceos,"what.ssid.intent","hast du  Verbindung mit eines netzwerkkabel"
ovos-skill-ip.openvoiceos,"what.ssid.intent","hast du  Verbindung mit eines ssid"
ovos-skill-ip.openvoiceos,"what.ssid.intent","hast du  Verbindung mit eines wifi"
ovos-skill-ip.openvoiceos,"what.ssid.intent","hast du  Verbindung mit eines wlan"
ovos-skill-ip.openvoiceos,"what.ssid.intent","hast du ein Verbindung mit  kabel"
ovos-skill-ip.openvoiceos,"what.ssid.intent","hast du ein Verbindung mit  netzwerk"
ovos-skill-ip.openvoiceos,"what.ssid.intent","hast du ein Verbindung mit  netzwerkkabel"
ovos-skill-ip.openvoiceos,"what.ssid.intent","hast du ein Verbindung mit  ssid"
ovos-skill-ip.openvoiceos,"what.ssid.intent","hast du ein Verbindung mit  wifi"
ovos-skill-ip.openvoiceos,"what.ssid.intent","hast du ein Verbindung mit  wlan"
ovos-skill-ip.openvoiceos,"what.ssid.intent","hast du ein Verbindung mit ein kabel"
ovos-skill-ip.openvoiceos,"what.ssid.intent","hast du ein Verbindung mit ein netzwerk"
ovos-skill-ip.openvoiceos,"what.ssid.intent","hast du ein Verbindung mit ein netzwerkkabel"
ovos-skill-ip.openvoiceos,"what.ssid.intent","hast du ein Verbindung mit ein ssid"
ovos-skill-ip.openvoiceos,"what.ssid.intent","hast du ein Verbindung mit ein wifi"
ovos-skill-ip.openvoiceos,"what.ssid.intent","hast du ein Verbindung mit ein wlan"
ovos-skill-ip.openvoiceos,"what.ssid.intent","hast du ein Verbindung mit eine kabel"
ovos-skill-ip.openvoiceos,"what.ssid.intent","hast du ein Verbindung mit eine netzwerk"
ovos-skill-ip.openvoiceos,"what.ssid.intent","hast du ein Verbindung mit eine netzwerkkabel"
ovos-skill-ip.openvoiceos,"what.ssid.intent","hast du ein Verbindung mit eine ssid"
ovos-skill-ip.openvoiceos,"what.ssid.intent","hast du ein Verbindung mit eine wifi"
ovos-skill-ip.openvoiceos,"what.ssid.intent","hast du ein Verbindung mit eine wlan"
ovos-skill-ip.openvoiceos,"what.ssid.intent","hast du ein Verbindung mit einem kabel"
ovos-skill-ip.openvoiceos,"what.ssid.intent","hast du ein Verbindung mit einem netzwerk"
ovos-skill-ip.openvoiceos,"what.ssid.intent","hast du ein Verbindung mit einem netzwerkkabel"
ovos-skill-ip.openvoiceos,"what.ssid.intent","hast du ein Verbindung mit einem ssid"
ovos-skill-ip.openvoiceos,"what.ssid.intent","hast du ein Verbindung mit einem wifi"
ovos-skill-ip.openvoiceos,"what.ssid.intent","hast du ein Verbindung mit einem wlan"
ovos-skill-ip.openvoiceos,"what.ssid.intent","hast du ein Verbindung mit einer kabel"
ovos-skill-ip.openvoiceos,"what.ssid.intent","hast du ein Verbindung mit einer netzwerk"
ovos-skill-ip.openvoiceos,"what.ssid.intent","hast du ein Verbindung mit einer netzwerkkabel"
ovos-skill-ip.openvoiceos,"what.ssid.intent","hast du ein Verbindung mit einer ssid"
ovos-skill-ip.openvoiceos,"what.ssid.intent","hast du ein Verbindung mit einer wifi"
ovos-skill-ip.openvoiceos,"what.ssid.intent","hast du ein Verbindung mit einer wlan"
ovos-skill-ip.openvoiceos,"what.ssid.intent","hast du ein Verbindung mit eines kabel"
ovos-skill-ip.openvoiceos,"what.ssid.intent","hast du ein Verbindung mit eines netzwerk"
ovos-skill-ip.openvoiceos,"what.ssid.intent","hast du ein Verbindung mit eines netzwerkkabel"
ovos-skill-ip.openvoiceos,"what.ssid.intent","hast du ein Verbindung mit eines ssid"
ovos-skill-ip.openvoiceos,"what.ssid.intent","hast du ein Verbindung mit eines wifi"
ovos-skill-ip.openvoiceos,"what.ssid.intent","hast du ein Verbindung mit eines wlan"
ovos-skill-ip.openvoiceos,"what.ssid.intent","hast du eine Verbindung mit  kabel"
ovos-skill-ip.openvoiceos,"what.ssid.intent","hast du eine Verbindung mit  netzwerk"
ovos-skill-ip.openvoiceos,"what.ssid.intent","hast du eine Verbindung mit  netzwerkkabel"
ovos-skill-ip.openvoiceos,"what.ssid.intent","hast du eine Verbindung mit  ssid"
ovos-skill-ip.openvoiceos,"what.ssid.intent","hast du eine Verbindung mit  wifi"
ovos-skill-ip.openvoiceos,"what.ssid.intent","hast du eine Verbindung mit  wlan"
ovos-skill-ip.openvoiceos,"what.ssid.intent","hast du eine Verbindung mit ein kabel"
ovos-skill-ip.openvoiceos,"what.ssid.intent","hast du eine Verbindung mit ein netzwerk"
ovos-skill-ip.openvoiceos,"what.ssid.intent","hast du eine Verbindung mit ein netzwerkkabel"
ovos-skill-ip.openvoiceos,"what.ssid.intent","hast du eine Verbindung mit ein ssid"
ovos-skill-ip.openvoiceos,"what.ssid.intent","hast du eine Verbindung mit ein wifi"
ovos-skill-ip.openvoiceos,"what.ssid.intent","hast du eine Verbindung mit ein wlan"
ovos-skill-ip.openvoiceos,"what.ssid.intent","hast du eine Verbindung mit eine kabel"
ovos-skill-ip.openvoiceos,"what.ssid.intent","hast du eine Verbindung mit eine netzwerk"
ovos-skill-ip.openvoiceos,"what.ssid.intent","hast du eine Verbindung mit eine netzwerkkabel"
ovos-skill-ip.openvoiceos,"what.ssid.intent","hast du eine Verbindung mit eine ssid"
ovos-skill-ip.openvoiceos,"what.ssid.intent","hast du eine Verbindung mit eine wifi"
ovos-skill-ip.openvoiceos,"what.ssid.intent","hast du eine Verbindung mit eine wlan"
ovos-skill-ip.openvoiceos,"what.ssid.intent","hast du eine Verbindung mit einem kabel"
ovos-skill-ip.openvoiceos,"what.ssid.intent","hast du eine Verbindung mit einem netzwerk"
ovos-skill-ip.openvoiceos,"what.ssid.intent","hast du eine Verbindung mit einem netzwerkkabel"
ovos-skill-ip.openvoiceos,"what.ssid.intent","hast du eine Verbindung mit einem ssid"
ovos-skill-ip.openvoiceos,"what.ssid.intent","hast du eine Verbindung mit einem wifi"
ovos-skill-ip.openvoiceos,"what.ssid.intent","hast du eine Verbindung mit einem wlan"
ovos-skill-ip.openvoiceos,"what.ssid.intent","hast du eine Verbindung mit einer kabel"
ovos-skill-ip.openvoiceos,"what.ssid.intent","hast du eine Verbindung mit einer netzwerk"
ovos-skill-ip.openvoiceos,"what.ssid.intent","hast du eine Verbindung mit einer netzwerkkabel"
ovos-skill-ip.openvoiceos,"what.ssid.intent","hast du eine Verbindung mit einer ssid"
ovos-skill-ip.openvoiceos,"what.ssid.intent","hast du eine Verbindung mit einer wifi"
ovos-skill-ip.openvoiceos,"what.ssid.intent","hast du eine Verbindung mit einer wlan"
ovos-skill-ip.openvoiceos,"what.ssid.intent","hast du eine Verbindung mit eines kabel"
ovos-skill-ip.openvoiceos,"what.ssid.intent","hast du eine Verbindung mit eines netzwerk"
ovos-skill-ip.openvoiceos,"what.ssid.intent","hast du eine Verbindung mit eines netzwerkkabel"
ovos-skill-ip.openvoiceos,"what.ssid.intent","hast du eine Verbindung mit eines ssid"
ovos-skill-ip.openvoiceos,"what.ssid.intent","hast du eine Verbindung mit eines wifi"
ovos-skill-ip.openvoiceos,"what.ssid.intent","hast du eine Verbindung mit eines wlan"
ovos-skill-ip.openvoiceos,"what.ssid.intent","hast du einem Verbindung mit  kabel"
ovos-skill-ip.openvoiceos,"what.ssid.intent","hast du einem Verbindung mit  netzwerk"
ovos-skill-ip.openvoiceos,"what.ssid.intent","hast du einem Verbindung mit  netzwerkkabel"
ovos-skill-ip.openvoiceos,"what.ssid.intent","hast du einem Verbindung mit  ssid"
ovos-skill-ip.openvoiceos,"what.ssid.intent","hast du einem Verbindung mit  wifi"
ovos-skill-ip.openvoiceos,"what.ssid.intent","hast du einem Verbindung mit  wlan"
ovos-skill-ip.openvoiceos,"what.ssid.intent","hast du einem Verbindung mit ein kabel"
ovos-skill-ip.openvoiceos,"what.ssid.intent","hast du einem Verbindung mit ein netzwerk"
ovos-skill-ip.openvoiceos,"what.ssid.intent","hast du einem Verbindung mit ein netzwerkkabel"
ovos-skill-ip.openvoiceos,"what.ssid.intent","hast du einem Verbindung mit ein ssid"
ovos-skill-ip.openvoiceos,"what.ssid.intent","hast du einem Verbindung mit ein wifi"
ovos-skill-ip.openvoiceos,"what.ssid.intent","hast du einem Verbindung mit ein wlan"
ovos-skill-ip.openvoiceos,"what.ssid.intent","hast du einem Verbindung mit eine kabel"
ovos-skill-ip.openvoiceos,"what.ssid.intent","hast du einem Verbindung mit eine netzwerk"
ovos-skill-ip.openvoiceos,"what.ssid.intent","hast du einem Verbindung mit eine netzwerkkabel"
ovos-skill-ip.openvoiceos,"what.ssid.intent","hast du einem Verbindung mit eine ssid"
ovos-skill-ip.openvoiceos,"what.ssid.intent","hast du einem Verbindung mit eine wifi"
ovos-skill-ip.openvoiceos,"what.ssid.intent","hast du einem Verbindung mit eine wlan"
ovos-skill-ip.openvoiceos,"what.ssid.intent","hast du einem Verbindung mit einem kabel"
ovos-skill-ip.openvoiceos,"what.ssid.intent","hast du einem Verbindung mit einem netzwerk"
ovos-skill-ip.openvoiceos,"what.ssid.intent","hast du einem Verbindung mit einem netzwerkkabel"
ovos-skill-ip.openvoiceos,"what.ssid.intent","hast du einem Verbindung mit einem ssid"
ovos-skill-ip.openvoiceos,"what.ssid.intent","hast du einem Verbindung mit einem wifi"
ovos-skill-ip.openvoiceos,"what.ssid.intent","hast du einem Verbindung mit einem wlan"
ovos-skill-ip.openvoiceos,"what.ssid.intent","hast du einem Verbindung mit einer kabel"
ovos-skill-ip.openvoiceos,"what.ssid.intent","hast du einem Verbindung mit einer netzwerk"
ovos-skill-ip.openvoiceos,"what.ssid.intent","hast du einem Verbindung mit einer netzwerkkabel"
ovos-skill-ip.openvoiceos,"what.ssid.intent","hast du einem Verbindung mit einer ssid"
ovos-skill-ip.openvoiceos,"what.ssid.intent","hast du einem Verbindung mit einer wifi"
ovos-skill-ip.openvoiceos,"what.ssid.intent","hast du einem Verbindung mit einer wlan"
ovos-skill-ip.openvoiceos,"what.ssid.intent","hast du einem Verbindung mit eines kabel"
ovos-skill-ip.openvoiceos,"what.ssid.intent","hast du einem Verbindung mit eines netzwerk"
ovos-skill-ip.openvoiceos,"what.ssid.intent","hast du einem Verbindung mit eines netzwerkkabel"
ovos-skill-ip.openvoiceos,"what.ssid.intent","hast du einem Verbindung mit eines ssid"
ovos-skill-ip.openvoiceos,"what.ssid.intent","hast du einem Verbindung mit eines wifi"
ovos-skill-ip.openvoiceos,"what.ssid.intent","hast du einem Verbindung mit eines wlan"
ovos-skill-ip.openvoiceos,"what.ssid.intent","hast du einer Verbindung mit  kabel"
ovos-skill-ip.openvoiceos,"what.ssid.intent","hast du einer Verbindung mit  netzwerk"
ovos-skill-ip.openvoiceos,"what.ssid.intent","hast du einer Verbindung mit  netzwerkkabel"
ovos-skill-ip.openvoiceos,"what.ssid.intent","hast du einer Verbindung mit  ssid"
ovos-skill-ip.openvoiceos,"what.ssid.intent","hast du einer Verbindung mit  wifi"
ovos-skill-ip.openvoiceos,"what.ssid.intent","hast du einer Verbindung mit  wlan"
ovos-skill-ip.openvoiceos,"what.ssid.intent","hast du einer Verbindung mit ein kabel"
ovos-skill-ip.openvoiceos,"what.ssid.intent","hast du einer Verbindung mit ein netzwerk"
ovos-skill-ip.openvoiceos,"what.ssid.intent","hast du einer Verbindung mit ein netzwerkkabel"
ovos-skill-ip.openvoiceos,"what.ssid.intent","hast du einer Verbindung mit ein ssid"
ovos-skill-ip.openvoiceos,"what.ssid.intent","hast du einer Verbindung mit ein wifi"
ovos-skill-ip.openvoiceos,"what.ssid.intent","hast du einer Verbindung mit ein wlan"
ovos-skill-ip.openvoiceos,"what.ssid.intent","hast du einer Verbindung mit eine kabel"
ovos-skill-ip.openvoiceos,"what.ssid.intent","hast du einer Verbindung mit eine netzwerk"
ovos-skill-ip.openvoiceos,"what.ssid.intent","hast du einer Verbindung mit eine netzwerkkabel"
ovos-skill-ip.openvoiceos,"what.ssid.intent","hast du einer Verbindung mit eine ssid"
ovos-skill-ip.openvoiceos,"what.ssid.intent","hast du einer Verbindung mit eine wifi"
ovos-skill-ip.openvoiceos,"what.ssid.intent","hast du einer Verbindung mit eine wlan"
ovos-skill-ip.openvoiceos,"what.ssid.intent","hast du einer Verbindung mit einem kabel"
ovos-skill-ip.openvoiceos,"what.ssid.intent","hast du einer Verbindung mit einem netzwerk"
ovos-skill-ip.openvoiceos,"what.ssid.intent","hast du einer Verbindung mit einem netzwerkkabel"
ovos-skill-ip.openvoiceos,"what.ssid.intent","hast du einer Verbindung mit einem ssid"
ovos-skill-ip.openvoiceos,"what.ssid.intent","hast du einer Verbindung mit einem wifi"
ovos-skill-ip.openvoiceos,"what.ssid.intent","hast du einer Verbindung mit einem wlan"
ovos-skill-ip.openvoiceos,"what.ssid.intent","hast du einer Verbindung mit einer kabel"
ovos-skill-ip.openvoiceos,"what.ssid.intent","hast du einer Verbindung mit einer netzwerk"
ovos-skill-ip.openvoiceos,"what.ssid.intent","hast du einer Verbindung mit einer netzwerkkabel"
ovos-skill-ip.openvoiceos,"what.ssid.intent","hast du einer Verbindung mit einer ssid"
ovos-skill-ip.openvoiceos,"what.ssid.intent","hast du einer Verbindung mit einer wifi"
ovos-skill-ip.openvoiceos,"what.ssid.intent","hast du einer Verbindung mit einer wlan"
ovos-skill-ip.openvoiceos,"what.ssid.intent","hast du einer Verbindung mit eines kabel"
ovos-skill-ip.openvoiceos,"what.ssid.intent","hast du einer Verbindung mit eines netzwerk"
ovos-skill-ip.openvoiceos,"what.ssid.intent","hast du einer Verbindung mit eines netzwerkkabel"
ovos-skill-ip.openvoiceos,"what.ssid.intent","hast du einer Verbindung mit eines ssid"
ovos-skill-ip.openvoiceos,"what.ssid.intent","hast du einer Verbindung mit eines wifi"
ovos-skill-ip.openvoiceos,"what.ssid.intent","hast du einer Verbindung mit eines wlan"
ovos-skill-ip.openvoiceos,"what.ssid.intent","hast du eines Verbindung mit  kabel"
ovos-skill-ip.openvoiceos,"what.ssid.intent","hast du eines Verbindung mit  netzwerk"
ovos-skill-ip.openvoiceos,"what.ssid.intent","hast du eines Verbindung mit  netzwerkkabel"
ovos-skill-ip.openvoiceos,"what.ssid.intent","hast du eines Verbindung mit  ssid"
ovos-skill-ip.openvoiceos,"what.ssid.intent","hast du eines Verbindung mit  wifi"
ovos-skill-ip.openvoiceos,"what.ssid.intent","hast du eines Verbindung mit  wlan"
ovos-skill-ip.openvoiceos,"what.ssid.intent","hast du eines Verbindung mit ein kabel"
ovos-skill-ip.openvoiceos,"what.ssid.intent","hast du eines Verbindung mit ein netzwerk"
ovos-skill-ip.openvoiceos,"what.ssid.intent","hast du eines Verbindung mit ein netzwerkkabel"
ovos-skill-ip.openvoiceos,"what.ssid.intent","hast du eines Verbindung mit ein ssid"
ovos-skill-ip.openvoiceos,"what.ssid.intent","hast du eines Verbindung mit ein wifi"
ovos-skill-ip.openvoiceos,"what.ssid.intent","hast du eines Verbindung mit ein wlan"
ovos-skill-ip.openvoiceos,"what.ssid.intent","hast du eines Verbindung mit eine kabel"
ovos-skill-ip.openvoiceos,"what.ssid.intent","hast du eines Verbindung mit eine netzwerk"
ovos-skill-ip.openvoiceos,"what.ssid.intent","hast du eines Verbindung mit eine netzwerkkabel"
ovos-skill-ip.openvoiceos,"what.ssid.intent","hast du eines Verbindung mit eine ssid"
ovos-skill-ip.openvoiceos,"what.ssid.intent","hast du eines Verbindung mit eine wifi"
ovos-skill-ip.openvoiceos,"what.ssid.intent","hast du eines Verbindung mit eine wlan"
ovos-skill-ip.openvoiceos,"what.ssid.intent","hast du eines Verbindung mit einem kabel"
ovos-skill-ip.openvoiceos,"what.ssid.intent","hast du eines Verbindung mit einem netzwerk"
ovos-skill-ip.openvoiceos,"what.ssid.intent","hast du eines Verbindung mit einem netzwerkkabel"
ovos-skill-ip.openvoiceos,"what.ssid.intent","hast du eines Verbindung mit einem ssid"
ovos-skill-ip.openvoiceos,"what.ssid.intent","hast du eines Verbindung mit einem wifi"
ovos-skill-ip.openvoiceos,"what.ssid.intent","hast du eines Verbindung mit einem wlan"
ovos-skill-ip.openvoiceos,"what.ssid.intent","hast du eines Verbindung mit einer kabel"
ovos-skill-ip.openvoiceos,"what.ssid.intent","hast du eines Verbindung mit einer netzwerk"
ovos-skill-ip.openvoiceos,"what.ssid.intent","hast du eines Verbindung mit einer netzwerkkabel"
ovos-skill-ip.openvoiceos,"what.ssid.intent","hast du eines Verbindung mit einer ssid"
ovos-skill-ip.openvoiceos,"what.ssid.intent","hast du eines Verbindung mit einer wifi"
ovos-skill-ip.openvoiceos,"what.ssid.intent","hast du eines Verbindung mit einer wlan"
ovos-skill-ip.openvoiceos,"what.ssid.intent","hast du eines Verbindung mit eines kabel"
ovos-skill-ip.openvoiceos,"what.ssid.intent","hast du eines Verbindung mit eines netzwerk"
ovos-skill-ip.openvoiceos,"what.ssid.intent","hast du eines Verbindung mit eines netzwerkkabel"
ovos-skill-ip.openvoiceos,"what.ssid.intent","hast du eines Verbindung mit eines ssid"
ovos-skill-ip.openvoiceos,"what.ssid.intent","hast du eines Verbindung mit eines wifi"
ovos-skill-ip.openvoiceos,"what.ssid.intent","hast du eines Verbindung mit eines wlan"
ovos-skill-ip.openvoiceos,"what.ssid.intent","hast du  Verbindung mit  kabel"
ovos-skill-ip.openvoiceos,"what.ssid.intent","hast du  Verbindung mit  netzwerk"
ovos-skill-ip.openvoiceos,"what.ssid.intent","hast du  Verbindung mit  netzwerkkabel"
ovos-skill-ip.openvoiceos,"what.ssid.intent","hast du  Verbindung mit  ssid"
ovos-skill-ip.openvoiceos,"what.ssid.intent","hast du  Verbindung mit  wifi"
ovos-skill-ip.openvoiceos,"what.ssid.intent","hast du  Verbindung mit  wlan"
ovos-skill-ip.openvoiceos,"what.ssid.intent","hast du  Verbindung mit ein kabel"
ovos-skill-ip.openvoiceos,"what.ssid.intent","hast du  Verbindung mit ein netzwerk"
ovos-skill-ip.openvoiceos,"what.ssid.intent","hast du  Verbindung mit ein netzwerkkabel"
ovos-skill-ip.openvoiceos,"what.ssid.intent","hast du  Verbindung mit ein ssid"
ovos-skill-ip.openvoiceos,"what.ssid.intent","hast du  Verbindung mit ein wifi"
ovos-skill-ip.openvoiceos,"what.ssid.intent","hast du  Verbindung mit ein wlan"
ovos-skill-ip.openvoiceos,"what.ssid.intent","hast du  Verbindung mit eine kabel"
ovos-skill-ip.openvoiceos,"what.ssid.intent","hast du  Verbindung mit eine netzwerk"
ovos-skill-ip.openvoiceos,"what.ssid.intent","hast du  Verbindung mit eine netzwerkkabel"
ovos-skill-ip.openvoiceos,"what.ssid.intent","hast du  Verbindung mit eine ssid"
ovos-skill-ip.openvoiceos,"what.ssid.intent","hast du  Verbindung mit eine wifi"
ovos-skill-ip.openvoiceos,"what.ssid.intent","hast du  Verbindung mit eine wlan"
ovos-skill-ip.openvoiceos,"what.ssid.intent","hast du  Verbindung mit einem kabel"
ovos-skill-ip.openvoiceos,"what.ssid.intent","hast du  Verbindung mit einem netzwerk"
ovos-skill-ip.openvoiceos,"what.ssid.intent","hast du  Verbindung mit einem netzwerkkabel"
ovos-skill-ip.openvoiceos,"what.ssid.intent","hast du  Verbindung mit einem ssid"
ovos-skill-ip.openvoiceos,"what.ssid.intent","hast du  Verbindung mit einem wifi"
ovos-skill-ip.openvoiceos,"what.ssid.intent","hast du  Verbindung mit einem wlan"
ovos-skill-ip.openvoiceos,"what.ssid.intent","hast du  Verbindung mit einer kabel"
ovos-skill-ip.openvoiceos,"what.ssid.intent","hast du  Verbindung mit einer netzwerk"
ovos-skill-ip.openvoiceos,"what.ssid.intent","hast du  Verbindung mit einer netzwerkkabel"
ovos-skill-ip.openvoiceos,"what.ssid.intent","hast du  Verbindung mit einer ssid"
ovos-skill-ip.openvoiceos,"what.ssid.intent","hast du  Verbindung mit einer wifi"
ovos-skill-ip.openvoiceos,"what.ssid.intent","hast du  Verbindung mit einer wlan"
ovos-skill-ip.openvoiceos,"what.ssid.intent","hast du  Verbindung mit eines kabel"
ovos-skill-ip.openvoiceos,"what.ssid.intent","hast du  Verbindung mit eines netzwerk"
ovos-skill-ip.openvoiceos,"what.ssid.intent","hast du  Verbindung mit eines netzwerkkabel"
ovos-skill-ip.openvoiceos,"what.ssid.intent","hast du  Verbindung mit eines ssid"
ovos-skill-ip.openvoiceos,"what.ssid.intent","hast du  Verbindung mit eines wifi"
ovos-skill-ip.openvoiceos,"what.ssid.intent","hast du  Verbindung mit eines wlan"
ovos-skill-ip.openvoiceos,"what.ssid.intent","hast du ein Verbindung mit  kabel"
ovos-skill-ip.openvoiceos,"what.ssid.intent","hast du ein Verbindung mit  netzwerk"
ovos-skill-ip.openvoiceos,"what.ssid.intent","hast du ein Verbindung mit  netzwerkkabel"
ovos-skill-ip.openvoiceos,"what.ssid.intent","hast du ein Verbindung mit  ssid"
ovos-skill-ip.openvoiceos,"what.ssid.intent","hast du ein Verbindung mit  wifi"
ovos-skill-ip.openvoiceos,"what.ssid.intent","hast du ein Verbindung mit  wlan"
ovos-skill-ip.openvoiceos,"what.ssid.intent","hast du ein Verbindung mit ein kabel"
ovos-skill-ip.openvoiceos,"what.ssid.intent","hast du ein Verbindung mit ein netzwerk"
ovos-skill-ip.openvoiceos,"what.ssid.intent","hast du ein Verbindung mit ein netzwerkkabel"
ovos-skill-ip.openvoiceos,"what.ssid.intent","hast du ein Verbindung mit ein ssid"
ovos-skill-ip.openvoiceos,"what.ssid.intent","hast du ein Verbindung mit ein wifi"
ovos-skill-ip.openvoiceos,"what.ssid.intent","hast du ein Verbindung mit ein wlan"
ovos-skill-ip.openvoiceos,"what.ssid.intent","hast du ein Verbindung mit eine kabel"
ovos-skill-ip.openvoiceos,"what.ssid.intent","hast du ein Verbindung mit eine netzwerk"
ovos-skill-ip.openvoiceos,"what.ssid.intent","hast du ein Verbindung mit eine netzwerkkabel"
ovos-skill-ip.openvoiceos,"what.ssid.intent","hast du ein Verbindung mit eine ssid"
ovos-skill-ip.openvoiceos,"what.ssid.intent","hast du ein Verbindung mit eine wifi"
ovos-skill-ip.openvoiceos,"what.ssid.intent","hast du ein Verbindung mit eine wlan"
ovos-skill-ip.openvoiceos,"what.ssid.intent","hast du ein Verbindung mit einem kabel"
ovos-skill-ip.openvoiceos,"what.ssid.intent","hast du ein Verbindung mit einem netzwerk"
ovos-skill-ip.openvoiceos,"what.ssid.intent","hast du ein Verbindung mit einem netzwerkkabel"
ovos-skill-ip.openvoiceos,"what.ssid.intent","hast du ein Verbindung mit einem ssid"
ovos-skill-ip.openvoiceos,"what.ssid.intent","hast du ein Verbindung mit einem wifi"
ovos-skill-ip.openvoiceos,"what.ssid.intent","hast du ein Verbindung mit einem wlan"
ovos-skill-ip.openvoiceos,"what.ssid.intent","hast du ein Verbindung mit einer kabel"
ovos-skill-ip.openvoiceos,"what.ssid.intent","hast du ein Verbindung mit einer netzwerk"
ovos-skill-ip.openvoiceos,"what.ssid.intent","hast du ein Verbindung mit einer netzwerkkabel"
ovos-skill-ip.openvoiceos,"what.ssid.intent","hast du ein Verbindung mit einer ssid"
ovos-skill-ip.openvoiceos,"what.ssid.intent","hast du ein Verbindung mit einer wifi"
ovos-skill-ip.openvoiceos,"what.ssid.intent","hast du ein Verbindung mit einer wlan"
ovos-skill-ip.openvoiceos,"what.ssid.intent","hast du ein Verbindung mit eines kabel"
ovos-skill-ip.openvoiceos,"what.ssid.intent","hast du ein Verbindung mit eines netzwerk"
ovos-skill-ip.openvoiceos,"what.ssid.intent","hast du ein Verbindung mit eines netzwerkkabel"
ovos-skill-ip.openvoiceos,"what.ssid.intent","hast du ein Verbindung mit eines ssid"
ovos-skill-ip.openvoiceos,"what.ssid.intent","hast du ein Verbindung mit eines wifi"
ovos-skill-ip.openvoiceos,"what.ssid.intent","hast du ein Verbindung mit eines wlan"
ovos-skill-ip.openvoiceos,"what.ssid.intent","hast du eine Verbindung mit  kabel"
ovos-skill-ip.openvoiceos,"what.ssid.intent","hast du eine Verbindung mit  netzwerk"
ovos-skill-ip.openvoiceos,"what.ssid.intent","hast du eine Verbindung mit  netzwerkkabel"
ovos-skill-ip.openvoiceos,"what.ssid.intent","hast du eine Verbindung mit  ssid"
ovos-skill-ip.openvoiceos,"what.ssid.intent","hast du eine Verbindung mit  wifi"
ovos-skill-ip.openvoiceos,"what.ssid.intent","hast du eine Verbindung mit  wlan"
ovos-skill-ip.openvoiceos,"what.ssid.intent","hast du eine Verbindung mit ein kabel"
ovos-skill-ip.openvoiceos,"what.ssid.intent","hast du eine Verbindung mit ein netzwerk"
ovos-skill-ip.openvoiceos,"what.ssid.intent","hast du eine Verbindung mit ein netzwerkkabel"
ovos-skill-ip.openvoiceos,"what.ssid.intent","hast du eine Verbindung mit ein ssid"
ovos-skill-ip.openvoiceos,"what.ssid.intent","hast du eine Verbindung mit ein wifi"
ovos-skill-ip.openvoiceos,"what.ssid.intent","hast du eine Verbindung mit ein wlan"
ovos-skill-ip.openvoiceos,"what.ssid.intent","hast du eine Verbindung mit eine kabel"
ovos-skill-ip.openvoiceos,"what.ssid.intent","hast du eine Verbindung mit eine netzwerk"
ovos-skill-ip.openvoiceos,"what.ssid.intent","hast du eine Verbindung mit eine netzwerkkabel"
ovos-skill-ip.openvoiceos,"what.ssid.intent","hast du eine Verbindung mit eine ssid"
ovos-skill-ip.openvoiceos,"what.ssid.intent","hast du eine Verbindung mit eine wifi"
ovos-skill-ip.openvoiceos,"what.ssid.intent","hast du eine Verbindung mit eine wlan"
ovos-skill-ip.openvoiceos,"what.ssid.intent","hast du eine Verbindung mit einem kabel"
ovos-skill-ip.openvoiceos,"what.ssid.intent","hast du eine Verbindung mit einem netzwerk"
ovos-skill-ip.openvoiceos,"what.ssid.intent","hast du eine Verbindung mit einem netzwerkkabel"
ovos-skill-ip.openvoiceos,"what.ssid.intent","hast du eine Verbindung mit einem ssid"
ovos-skill-ip.openvoiceos,"what.ssid.intent","hast du eine Verbindung mit einem wifi"
ovos-skill-ip.openvoiceos,"what.ssid.intent","hast du eine Verbindung mit einem wlan"
ovos-skill-ip.openvoiceos,"what.ssid.intent","hast du eine Verbindung mit einer kabel"
ovos-skill-ip.openvoiceos,"what.ssid.intent","hast du eine Verbindung mit einer netzwerk"
ovos-skill-ip.openvoiceos,"what.ssid.intent","hast du eine Verbindung mit einer netzwerkkabel"
ovos-skill-ip.openvoiceos,"what.ssid.intent","hast du eine Verbindung mit einer ssid"
ovos-skill-ip.openvoiceos,"what.ssid.intent","hast du eine Verbindung mit einer wifi"
ovos-skill-ip.openvoiceos,"what.ssid.intent","hast du eine Verbindung mit einer wlan"
ovos-skill-ip.openvoiceos,"what.ssid.intent","hast du eine Verbindung mit eines kabel"
ovos-skill-ip.openvoiceos,"what.ssid.intent","hast du eine Verbindung mit eines netzwerk"
ovos-skill-ip.openvoiceos,"what.ssid.intent","hast du eine Verbindung mit eines netzwerkkabel"
ovos-skill-ip.openvoiceos,"what.ssid.intent","hast du eine Verbindung mit eines ssid"
ovos-skill-ip.openvoiceos,"what.ssid.intent","hast du eine Verbindung mit eines wifi"
ovos-skill-ip.openvoiceos,"what.ssid.intent","hast du eine Verbindung mit eines wlan"
ovos-skill-ip.openvoiceos,"what.ssid.intent","hast du einem Verbindung mit  kabel"
ovos-skill-ip.openvoiceos,"what.ssid.intent","hast du einem Verbindung mit  netzwerk"
ovos-skill-ip.openvoiceos,"what.ssid.intent","hast du einem Verbindung mit  netzwerkkabel"
ovos-skill-ip.openvoiceos,"what.ssid.intent","hast du einem Verbindung mit  ssid"
ovos-skill-ip.openvoiceos,"what.ssid.intent","hast du einem Verbindung mit  wifi"
ovos-skill-ip.openvoiceos,"what.ssid.intent","hast du einem Verbindung mit  wlan"
ovos-skill-ip.openvoiceos,"what.ssid.intent","hast du einem Verbindung mit ein kabel"
ovos-skill-ip.openvoiceos,"what.ssid.intent","hast du einem Verbindung mit ein netzwerk"
ovos-skill-ip.openvoiceos,"what.ssid.intent","hast du einem Verbindung mit ein netzwerkkabel"
ovos-skill-ip.openvoiceos,"what.ssid.intent","hast du einem Verbindung mit ein ssid"
ovos-skill-ip.openvoiceos,"what.ssid.intent","hast du einem Verbindung mit ein wifi"
ovos-skill-ip.openvoiceos,"what.ssid.intent","hast du einem Verbindung mit ein wlan"
ovos-skill-ip.openvoiceos,"what.ssid.intent","hast du einem Verbindung mit eine kabel"
ovos-skill-ip.openvoiceos,"what.ssid.intent","hast du einem Verbindung mit eine netzwerk"
ovos-skill-ip.openvoiceos,"what.ssid.intent","hast du einem Verbindung mit eine netzwerkkabel"
ovos-skill-ip.openvoiceos,"what.ssid.intent","hast du einem Verbindung mit eine ssid"
ovos-skill-ip.openvoiceos,"what.ssid.intent","hast du einem Verbindung mit eine wifi"
ovos-skill-ip.openvoiceos,"what.ssid.intent","hast du einem Verbindung mit eine wlan"
ovos-skill-ip.openvoiceos,"what.ssid.intent","hast du einem Verbindung mit einem kabel"
ovos-skill-ip.openvoiceos,"what.ssid.intent","hast du einem Verbindung mit einem netzwerk"
ovos-skill-ip.openvoiceos,"what.ssid.intent","hast du einem Verbindung mit einem netzwerkkabel"
ovos-skill-ip.openvoiceos,"what.ssid.intent","hast du einem Verbindung mit einem ssid"
ovos-skill-ip.openvoiceos,"what.ssid.intent","hast du einem Verbindung mit einem wifi"
ovos-skill-ip.openvoiceos,"what.ssid.intent","hast du einem Verbindung mit einem wlan"
ovos-skill-ip.openvoiceos,"what.ssid.intent","hast du einem Verbindung mit einer kabel"
ovos-skill-ip.openvoiceos,"what.ssid.intent","hast du einem Verbindung mit einer netzwerk"
ovos-skill-ip.openvoiceos,"what.ssid.intent","hast du einem Verbindung mit einer netzwerkkabel"
ovos-skill-ip.openvoiceos,"what.ssid.intent","hast du einem Verbindung mit einer ssid"
ovos-skill-ip.openvoiceos,"what.ssid.intent","hast du einem Verbindung mit einer wifi"
ovos-skill-ip.openvoiceos,"what.ssid.intent","hast du einem Verbindung mit einer wlan"
ovos-skill-ip.openvoiceos,"what.ssid.intent","hast du einem Verbindung mit eines kabel"
ovos-skill-ip.openvoiceos,"what.ssid.intent","hast du einem Verbindung mit eines netzwerk"
ovos-skill-ip.openvoiceos,"what.ssid.intent","hast du einem Verbindung mit eines netzwerkkabel"
ovos-skill-ip.openvoiceos,"what.ssid.intent","hast du einem Verbindung mit eines ssid"
ovos-skill-ip.openvoiceos,"what.ssid.intent","hast du einem Verbindung mit eines wifi"
ovos-skill-ip.openvoiceos,"what.ssid.intent","hast du einem Verbindung mit eines wlan"
ovos-skill-ip.openvoiceos,"what.ssid.intent","hast du einer Verbindung mit  kabel"
ovos-skill-ip.openvoiceos,"what.ssid.intent","hast du einer Verbindung mit  netzwerk"
ovos-skill-ip.openvoiceos,"what.ssid.intent","hast du einer Verbindung mit  netzwerkkabel"
ovos-skill-ip.openvoiceos,"what.ssid.intent","hast du einer Verbindung mit  ssid"
ovos-skill-ip.openvoiceos,"what.ssid.intent","hast du einer Verbindung mit  wifi"
ovos-skill-ip.openvoiceos,"what.ssid.intent","hast du einer Verbindung mit  wlan"
ovos-skill-ip.openvoiceos,"what.ssid.intent","hast du einer Verbindung mit ein kabel"
ovos-skill-ip.openvoiceos,"what.ssid.intent","hast du einer Verbindung mit ein netzwerk"
ovos-skill-ip.openvoiceos,"what.ssid.intent","hast du einer Verbindung mit ein netzwerkkabel"
ovos-skill-ip.openvoiceos,"what.ssid.intent","hast du einer Verbindung mit ein ssid"
ovos-skill-ip.openvoiceos,"what.ssid.intent","hast du einer Verbindung mit ein wifi"
ovos-skill-ip.openvoiceos,"what.ssid.intent","hast du einer Verbindung mit ein wlan"
ovos-skill-ip.openvoiceos,"what.ssid.intent","hast du einer Verbindung mit eine kabel"
ovos-skill-ip.openvoiceos,"what.ssid.intent","hast du einer Verbindung mit eine netzwerk"
ovos-skill-ip.openvoiceos,"what.ssid.intent","hast du einer Verbindung mit eine netzwerkkabel"
ovos-skill-ip.openvoiceos,"what.ssid.intent","hast du einer Verbindung mit eine ssid"
ovos-skill-ip.openvoiceos,"what.ssid.intent","hast du einer Verbindung mit eine wifi"
ovos-skill-ip.openvoiceos,"what.ssid.intent","hast du einer Verbindung mit eine wlan"
ovos-skill-ip.openvoiceos,"what.ssid.intent","hast du einer Verbindung mit einem kabel"
ovos-skill-ip.openvoiceos,"what.ssid.intent","hast du einer Verbindung mit einem netzwerk"
ovos-skill-ip.openvoiceos,"what.ssid.intent","hast du einer Verbindung mit einem netzwerkkabel"
ovos-skill-ip.openvoiceos,"what.ssid.intent","hast du einer Verbindung mit einem ssid"
ovos-skill-ip.openvoiceos,"what.ssid.intent","hast du einer Verbindung mit einem wifi"
ovos-skill-ip.openvoiceos,"what.ssid.intent","hast du einer Verbindung mit einem wlan"
ovos-skill-ip.openvoiceos,"what.ssid.intent","hast du einer Verbindung mit einer kabel"
ovos-skill-ip.openvoiceos,"what.ssid.intent","hast du einer Verbindung mit einer netzwerk"
ovos-skill-ip.openvoiceos,"what.ssid.intent","hast du einer Verbindung mit einer netzwerkkabel"
ovos-skill-ip.openvoiceos,"what.ssid.intent","hast du einer Verbindung mit einer ssid"
ovos-skill-ip.openvoiceos,"what.ssid.intent","hast du einer Verbindung mit einer wifi"
ovos-skill-ip.openvoiceos,"what.ssid.intent","hast du einer Verbindung mit einer wlan"
ovos-skill-ip.openvoiceos,"what.ssid.intent","hast du einer Verbindung mit eines kabel"
ovos-skill-ip.openvoiceos,"what.ssid.intent","hast du einer Verbindung mit eines netzwerk"
ovos-skill-ip.openvoiceos,"what.ssid.intent","hast du einer Verbindung mit eines netzwerkkabel"
ovos-skill-ip.openvoiceos,"what.ssid.intent","hast du einer Verbindung mit eines ssid"
ovos-skill-ip.openvoiceos,"what.ssid.intent","hast du einer Verbindung mit eines wifi"
ovos-skill-ip.openvoiceos,"what.ssid.intent","hast du einer Verbindung mit eines wlan"
ovos-skill-ip.openvoiceos,"what.ssid.intent","hast du eines Verbindung mit  kabel"
ovos-skill-ip.openvoiceos,"what.ssid.intent","hast du eines Verbindung mit  netzwerk"
ovos-skill-ip.openvoiceos,"what.ssid.intent","hast du eines Verbindung mit  netzwerkkabel"
ovos-skill-ip.openvoiceos,"what.ssid.intent","hast du eines Verbindung mit  ssid"
ovos-skill-ip.openvoiceos,"what.ssid.intent","hast du eines Verbindung mit  wifi"
ovos-skill-ip.openvoiceos,"what.ssid.intent","hast du eines Verbindung mit  wlan"
ovos-skill-ip.openvoiceos,"what.ssid.intent","hast du eines Verbindung mit ein kabel"
ovos-skill-ip.openvoiceos,"what.ssid.intent","hast du eines Verbindung mit ein netzwerk"
ovos-skill-ip.openvoiceos,"what.ssid.intent","hast du eines Verbindung mit ein netzwerkkabel"
ovos-skill-ip.openvoiceos,"what.ssid.intent","hast du eines Verbindung mit ein ssid"
ovos-skill-ip.openvoiceos,"what.ssid.intent","hast du eines Verbindung mit ein wifi"
ovos-skill-ip.openvoiceos,"what.ssid.intent","hast du eines Verbindung mit ein wlan"
ovos-skill-ip.openvoiceos,"what.ssid.intent","hast du eines Verbindung mit eine kabel"
ovos-skill-ip.openvoiceos,"what.ssid.intent","hast du eines Verbindung mit eine netzwerk"
ovos-skill-ip.openvoiceos,"what.ssid.intent","hast du eines Verbindung mit eine netzwerkkabel"
ovos-skill-ip.openvoiceos,"what.ssid.intent","hast du eines Verbindung mit eine ssid"
ovos-skill-ip.openvoiceos,"what.ssid.intent","hast du eines Verbindung mit eine wifi"
ovos-skill-ip.openvoiceos,"what.ssid.intent","hast du eines Verbindung mit eine wlan"
ovos-skill-ip.openvoiceos,"what.ssid.intent","hast du eines Verbindung mit einem kabel"
ovos-skill-ip.openvoiceos,"what.ssid.intent","hast du eines Verbindung mit einem netzwerk"
ovos-skill-ip.openvoiceos,"what.ssid.intent","hast du eines Verbindung mit einem netzwerkkabel"
ovos-skill-ip.openvoiceos,"what.ssid.intent","hast du eines Verbindung mit einem ssid"
ovos-skill-ip.openvoiceos,"what.ssid.intent","hast du eines Verbindung mit einem wifi"
ovos-skill-ip.openvoiceos,"what.ssid.intent","hast du eines Verbindung mit einem wlan"
ovos-skill-ip.openvoiceos,"what.ssid.intent","hast du eines Verbindung mit einer kabel"
ovos-skill-ip.openvoiceos,"what.ssid.intent","hast du eines Verbindung mit einer netzwerk"
ovos-skill-ip.openvoiceos,"what.ssid.intent","hast du eines Verbindung mit einer netzwerkkabel"
ovos-skill-ip.openvoiceos,"what.ssid.intent","hast du eines Verbindung mit einer ssid"
ovos-skill-ip.openvoiceos,"what.ssid.intent","hast du eines Verbindung mit einer wifi"
ovos-skill-ip.openvoiceos,"what.ssid.intent","hast du eines Verbindung mit einer wlan"
ovos-skill-ip.openvoiceos,"what.ssid.intent","hast du eines Verbindung mit eines kabel"
ovos-skill-ip.openvoiceos,"what.ssid.intent","hast du eines Verbindung mit eines netzwerk"
ovos-skill-ip.openvoiceos,"what.ssid.intent","hast du eines Verbindung mit eines netzwerkkabel"
ovos-skill-ip.openvoiceos,"what.ssid.intent","hast du eines Verbindung mit eines ssid"
ovos-skill-ip.openvoiceos,"what.ssid.intent","hast du eines Verbindung mit eines wifi"
ovos-skill-ip.openvoiceos,"what.ssid.intent","hast du eines Verbindung mit eines wlan"
ovos-skill-ip.openvoiceos,"what.ssid.intent","bist du  verbunden"
ovos-skill-ip.openvoiceos,"what.ssid.intent","bist du mit dem netzwerk verbunden"
ovos-skill-ip.openvoiceos,"what.ssid.intent","bist du mit dem wifi verbunden"
ovos-skill-ip.openvoiceos,"what.ssid.intent","bist du mit dem wlan verbunden"
ovos-skill-ip.openvoiceos,"what.ssid.intent","wie bist du  verbunden"
ovos-skill-ip.openvoiceos,"what.ssid.intent","wie bist du mit dem netzwerk verbunden"
ovos-skill-ip.openvoiceos,"what.ssid.intent","wie bist du mit dem wifi verbunden"
ovos-skill-ip.openvoiceos,"what.ssid.intent","wie bist du mit dem wlan verbunden"
ovos-skill-iss-location.openvoiceos,"where_iss.intent","Standort der  Raumstation"
ovos-skill-iss-location.openvoiceos,"where_iss.intent","Standort der I S S"
ovos-skill-iss-location.openvoiceos,"where_iss.intent","Standort der ISS"
ovos-skill-iss-location.openvoiceos,"where_iss.intent","Standort der internationalen Raumstation"
ovos-skill-iss-location.openvoiceos,"where_iss.intent","Zeige mir den  Standort der  Raumstation"
ovos-skill-iss-location.openvoiceos,"where_iss.intent","Zeige mir den  Standort der internationale Raumstation"
ovos-skill-iss-location.openvoiceos,"where_iss.intent","Zeige mir den I S S Standort"
ovos-skill-iss-location.openvoiceos,"where_iss.intent","Zeige mir den ISS Standort"
ovos-skill-iss-location.openvoiceos,"where_iss.intent","nenne mir den  Standort der  Raumstation"
ovos-skill-iss-location.openvoiceos,"where_iss.intent","nenne mir den  Standort der internationale Raumstation"
ovos-skill-iss-location.openvoiceos,"where_iss.intent","nenne mir den I S S Standort"
ovos-skill-iss-location.openvoiceos,"where_iss.intent","nenne mir den ISS Standort"
ovos-skill-iss-location.openvoiceos,"where_iss.intent","sag mir den  Standort der  Raumstation"
ovos-skill-iss-location.openvoiceos,"where_iss.intent","sag mir den  Standort der internationale Raumstation"
ovos-skill-iss-location.openvoiceos,"where_iss.intent","sag mir den I S S Standort"
ovos-skill-iss-location.openvoiceos,"where_iss.intent","sag mir den ISS Standort"
ovos-skill-iss-location.openvoiceos,"where_iss.intent","wo ist die  Raumstation"
ovos-skill-iss-location.openvoiceos,"where_iss.intent","wo ist die I S S"
ovos-skill-iss-location.openvoiceos,"where_iss.intent","wo ist die ISS"
ovos-skill-iss-location.openvoiceos,"where_iss.intent","wo ist die internationale Raumstation"
ovos-skill-iss-location.openvoiceos,"when_iss.intent","wann fliegt die  Raumstation an uns vorbei"
ovos-skill-iss-location.openvoiceos,"when_iss.intent","wann fliegt die  Raumstation an uns über uns hinweg"
ovos-skill-iss-location.openvoiceos,"when_iss.intent","wann fliegt die  Raumstation mir vorbei"
ovos-skill-iss-location.openvoiceos,"when_iss.intent","wann fliegt die  Raumstation mir über uns hinweg"
ovos-skill-iss-location.openvoiceos,"when_iss.intent","wann fliegt die internationale Raumstation an uns vorbei"
ovos-skill-iss-location.openvoiceos,"when_iss.intent","wann fliegt die internationale Raumstation an uns über uns hinweg"
ovos-skill-iss-location.openvoiceos,"when_iss.intent","wann fliegt die internationale Raumstation mir vorbei"
ovos-skill-iss-location.openvoiceos,"when_iss.intent","wann fliegt die internationale Raumstation mir über uns hinweg"
ovos-skill-iss-location.openvoiceos,"when_iss.intent","wann wird die  Raumstation über  sein"
ovos-skill-iss-location.openvoiceos,"when_iss.intent","wann wird die  Raumstation über mir sein"
ovos-skill-iss-location.openvoiceos,"when_iss.intent","wann wird die  Raumstation über uns sein"
ovos-skill-iss-location.openvoiceos,"when_iss.intent","wann wird die I S S über  sein"
ovos-skill-iss-location.openvoiceos,"when_iss.intent","wann wird die I S S über mir sein"
ovos-skill-iss-location.openvoiceos,"when_iss.intent","wann wird die I S S über uns sein"
ovos-skill-iss-location.openvoiceos,"when_iss.intent","wann wird die ISS über  sein"
ovos-skill-iss-location.openvoiceos,"when_iss.intent","wann wird die ISS über mir sein"
ovos-skill-iss-location.openvoiceos,"when_iss.intent","wann wird die ISS über uns sein"
ovos-skill-iss-location.openvoiceos,"when_iss.intent","wann wird die internationale Raumstation über  sein"
ovos-skill-iss-location.openvoiceos,"when_iss.intent","wann wird die internationale Raumstation über mir sein"
ovos-skill-iss-location.openvoiceos,"when_iss.intent","wann wird die internationale Raumstation über uns sein"
ovos-skill-iss-location.openvoiceos,"when_iss.intent","wann zieht die I S S an  vorbei"
ovos-skill-iss-location.openvoiceos,"when_iss.intent","wann zieht die I S S an mir vorbei"
ovos-skill-iss-location.openvoiceos,"when_iss.intent","wann zieht die I S S an uns vorbei"
ovos-skill-iss-location.openvoiceos,"when_iss.intent","wann zieht die I S S über  vorbei"
ovos-skill-iss-location.openvoiceos,"when_iss.intent","wann zieht die I S S über mir vorbei"
ovos-skill-iss-location.openvoiceos,"when_iss.intent","wann zieht die I S S über uns vorbei"
ovos-skill-iss-location.openvoiceos,"when_iss.intent","wann zieht die ISS an  vorbei"
ovos-skill-iss-location.openvoiceos,"when_iss.intent","wann zieht die ISS an mir vorbei"
ovos-skill-iss-location.openvoiceos,"when_iss.intent","wann zieht die ISS an uns vorbei"
ovos-skill-iss-location.openvoiceos,"when_iss.intent","wann zieht die ISS über  vorbei"
ovos-skill-iss-location.openvoiceos,"when_iss.intent","wann zieht die ISS über mir vorbei"
ovos-skill-iss-location.openvoiceos,"when_iss.intent","wann zieht die ISS über uns vorbei"
ovos-skill-iss-location.openvoiceos,"about.intent","erzähle mir von der  Raumstation"
ovos-skill-iss-location.openvoiceos,"about.intent","was ist die  Raumstation"
ovos-skill-iss-location.openvoiceos,"about.intent","erzähle mir von der  Raumstation"
ovos-skill-iss-location.openvoiceos,"about.intent","was ist die internationale Raumstation"
ovos-skill-iss-location.openvoiceos,"about.intent","erzähle mir von der internationalen Raumstation"
ovos-skill-iss-location.openvoiceos,"about.intent","was ist die  Raumstation"
ovos-skill-iss-location.openvoiceos,"about.intent","erzähle mir von der internationalen Raumstation"
ovos-skill-iss-location.openvoiceos,"about.intent","was ist die internationale Raumstation"
ovos-skill-laugh.openvoiceos,"haunted.intent","Bist du verwunschen"
ovos-skill-laugh.openvoiceos,"haunted.intent","Brauchst Du einen Exorzismus"
ovos-skill-laugh.openvoiceos,"Laugh.intent","Lache wie Alexa"
ovos-skill-laugh.openvoiceos,"Laugh.intent","böses Gelächter"
ovos-skill-laugh.openvoiceos,"Laugh.intent","böses Lachen"
ovos-skill-laugh.openvoiceos,"Laugh.intent","kannst du lachen"
ovos-skill-laugh.openvoiceos,"RandomLaugh.intent","lache zufällig"
ovos-skill-laugh.openvoiceos,"RandomLaugh.intent","löse zufälliges Gelächter aus"
ovos-skill-laugh.openvoiceos,"RandomLaugh.intent","löse zufälliges Lachen aus"
ovos-skill-laugh.openvoiceos,"RandomLaugh.intent","zufälliges Gelächter"
ovos-skill-laugh.openvoiceos,"RandomLaugh.intent","zufälliges Lachen"
ovos-skill-personal.OpenVoiceOS,"WhoAreYou.intent","als wen identifizierst Du dich"
ovos-skill-personal.OpenVoiceOS,"WhoAreYou.intent","erzähl mir von dir"
ovos-skill-personal.OpenVoiceOS,"WhoAreYou.intent","kannst du dich vorstellen"
ovos-skill-personal.OpenVoiceOS,"WhoAreYou.intent","wer bist du"
ovos-skill-personal.OpenVoiceOS,"WhoAreYou.intent","wie beschreibst du dich selbst"
ovos-skill-personal.OpenVoiceOS,"WhoAreYou.intent","wie heißt du"
ovos-skill-personal.OpenVoiceOS,"WhenWereYouBorn.intent","Wann bist du geboren"
ovos-skill-personal.OpenVoiceOS,"WhenWereYouBorn.intent","Wann wurdest du geboren"
ovos-skill-personal.OpenVoiceOS,"WhenWereYouBorn.intent","Was ist Dein Geburtsdatum?"
ovos-skill-personal.OpenVoiceOS,"WhenWereYouBorn.intent","seit wann existierst du"
ovos-skill-personal.OpenVoiceOS,"WhenWereYouBorn.intent","seit wann gibt es dich"
ovos-skill-personal.OpenVoiceOS,"WhenWereYouBorn.intent","wann bist du entstanden"
ovos-skill-personal.OpenVoiceOS,"WhenWereYouBorn.intent","wann bist du zum ersten Mal aufgetaucht"
ovos-skill-personal.OpenVoiceOS,"WhenWereYouBorn.intent","wann wurde  Deine erste Version veröffentlicht"
ovos-skill-personal.OpenVoiceOS,"WhenWereYouBorn.intent","wann wurdest du entworfen"
ovos-skill-personal.OpenVoiceOS,"WhenWereYouBorn.intent","wann wurdest du erfunden"
ovos-skill-personal.OpenVoiceOS,"WhenWereYouBorn.intent","wann wurdest du erschaffen"
ovos-skill-personal.OpenVoiceOS,"WhenWereYouBorn.intent","wann wurdest du gebaut"
ovos-skill-personal.OpenVoiceOS,"WhenWereYouBorn.intent","wann wurdest du gemacht"
ovos-skill-personal.OpenVoiceOS,"WhenWereYouBorn.intent","wann wurdest du programmiert"
ovos-skill-personal.OpenVoiceOS,"WhatAreYou.intent","Dich selbst definieren"
ovos-skill-personal.OpenVoiceOS,"WhatAreYou.intent","Kannst du beschreiben, was du bist"
ovos-skill-personal.OpenVoiceOS,"WhatAreYou.intent","als was klassifizierst Du Dich"
ovos-skill-personal.OpenVoiceOS,"WhatAreYou.intent","beschreiben, was du bist"
ovos-skill-personal.OpenVoiceOS,"WhatAreYou.intent","was bist du"
ovos-skill-personal.OpenVoiceOS,"WhatAreYou.intent","was für ein   Ding  bist du"
ovos-skill-personal.OpenVoiceOS,"WhatAreYou.intent","was für ein   Mensch  bist du"
ovos-skill-personal.OpenVoiceOS,"WhatAreYou.intent","was für ein   Wesen bist du"
ovos-skill-personal.OpenVoiceOS,"WhatAreYou.intent","was für ein  Geschöpf  bist du"
ovos-skill-personal.OpenVoiceOS,"WhatAreYou.intent","was für ein Typ  Ding  bist du"
ovos-skill-personal.OpenVoiceOS,"WhatAreYou.intent","was für ein Typ  Mensch  bist du"
ovos-skill-personal.OpenVoiceOS,"WhatAreYou.intent","was für ein Typ  Wesen bist du"
ovos-skill-personal.OpenVoiceOS,"WhatAreYou.intent","was für ein Typ Geschöpf  bist du"
ovos-skill-personal.OpenVoiceOS,"WhatAreYou.intent","was genau bist du"
ovos-skill-personal.OpenVoiceOS,"WhatAreYou.intent","was ist Deine  Art"
ovos-skill-personal.OpenVoiceOS,"WhatAreYou.intent","was ist Deine  Natur"
ovos-skill-personal.OpenVoiceOS,"WhatAreYou.intent","was ist Deine Klassifikation"
ovos-skill-personal.OpenVoiceOS,"WhatAreYou.intent","wie würdest Du Dich selbst definieren"
ovos-skill-personal.OpenVoiceOS,"WhoMadeYou.intent","Von wem wurdest Du entworfen"
ovos-skill-personal.OpenVoiceOS,"WhoMadeYou.intent","Von wem wurdest Du erfunden"
ovos-skill-personal.OpenVoiceOS,"WhoMadeYou.intent","Von wem wurdest Du erschaffen"
ovos-skill-personal.OpenVoiceOS,"WhoMadeYou.intent","Von wem wurdest Du gebaut"
ovos-skill-personal.OpenVoiceOS,"WhoMadeYou.intent","Von wem wurdest Du gemacht"
ovos-skill-personal.OpenVoiceOS,"WhoMadeYou.intent","Von wem wurdest Du hergestellt"
ovos-skill-personal.OpenVoiceOS,"WhoMadeYou.intent","Von wem wurdest Du programmiert"
ovos-skill-personal.OpenVoiceOS,"WhoMadeYou.intent","Wer hat Dich entworfen"
ovos-skill-personal.OpenVoiceOS,"WhoMadeYou.intent","Wer hat Dich erfunden"
ovos-skill-personal.OpenVoiceOS,"WhoMadeYou.intent","Wer hat Dich erschaffen"
ovos-skill-personal.OpenVoiceOS,"WhoMadeYou.intent","Wer hat Dich gebaut"
ovos-skill-personal.OpenVoiceOS,"WhoMadeYou.intent","Wer hat Dich gemacht"
ovos-skill-personal.OpenVoiceOS,"WhoMadeYou.intent","Wer hat Dich hergestellt"
ovos-skill-personal.OpenVoiceOS,"WhoMadeYou.intent","Wer hat Dich programmiert"
ovos-skill-personal.OpenVoiceOS,"WhoMadeYou.intent","Wer hat dich entworfen"
ovos-skill-personal.OpenVoiceOS,"WhoMadeYou.intent","Wer hat dich erfunden"
ovos-skill-personal.OpenVoiceOS,"WhoMadeYou.intent","Wer hat dich erschaffen"
ovos-skill-personal.OpenVoiceOS,"WhoMadeYou.intent","Wer hat dich gebaut"
ovos-skill-personal.OpenVoiceOS,"WhoMadeYou.intent","Wer hat dich gemacht"
ovos-skill-personal.OpenVoiceOS,"WhoMadeYou.intent","Wer hat dich hergestellt"
ovos-skill-personal.OpenVoiceOS,"WhoMadeYou.intent","Wer hat dich programmiert"
ovos-skill-personal.OpenVoiceOS,"WhoMadeYou.intent","wer hat dich erschaffen"
ovos-skill-personal.OpenVoiceOS,"WhoMadeYou.intent","wer hat dich gebaut"
ovos-skill-personal.OpenVoiceOS,"WhereWereYouBorn.intent","Wo bist du geboren"
ovos-skill-personal.OpenVoiceOS,"WhereWereYouBorn.intent","Wo wurdest du geboren"
ovos-skill-personal.OpenVoiceOS,"WhereWereYouBorn.intent","wo kommst du her"
ovos-skill-personal.OpenVoiceOS,"WhereWereYouBorn.intent","wo wurde Deine erste Version veröffentlicht"
ovos-skill-personal.OpenVoiceOS,"WhereWereYouBorn.intent","wo wurdest Du entwickelt"
ovos-skill-personal.OpenVoiceOS,"WhereWereYouBorn.intent","wo wurdest du entworfen"
ovos-skill-personal.OpenVoiceOS,"WhereWereYouBorn.intent","wo wurdest du erfunden"
ovos-skill-personal.OpenVoiceOS,"WhereWereYouBorn.intent","wo wurdest du erschaffen"
ovos-skill-personal.OpenVoiceOS,"WhereWereYouBorn.intent","wo wurdest du gebaut"
ovos-skill-personal.OpenVoiceOS,"WhereWereYouBorn.intent","wo wurdest du gemacht"
ovos-skill-personal.OpenVoiceOS,"WhereWereYouBorn.intent","wo wurdest du programmiert"
ovos-skill-personal.OpenVoiceOS,"WhereWereYouBorn.intent","woher kommst du"
ovos-skill-spotify.openvoiceos,"StopMusic.intent","beende Spotify"
ovos-skill-spotify.openvoiceos,"StopMusic.intent","beende Spotify ab"
ovos-skill-spotify.openvoiceos,"StopMusic.intent","beende Spotify aus"
ovos-skill-spotify.openvoiceos,"StopMusic.intent","beende die Musik"
ovos-skill-spotify.openvoiceos,"StopMusic.intent","beende die Musik ab"
ovos-skill-spotify.openvoiceos,"StopMusic.intent","beende die Musik aus"
ovos-skill-spotify.openvoiceos,"StopMusic.intent","schalte Spotify"
ovos-skill-spotify.openvoiceos,"StopMusic.intent","schalte Spotify ab"
ovos-skill-spotify.openvoiceos,"StopMusic.intent","schalte Spotify aus"
ovos-skill-spotify.openvoiceos,"StopMusic.intent","schalte die Musik"
ovos-skill-spotify.openvoiceos,"StopMusic.intent","schalte die Musik ab"
ovos-skill-spotify.openvoiceos,"StopMusic.intent","schalte die Musik aus"
ovos-skill-spotify.openvoiceos,"StopMusic.intent","stoppe Spotify"
ovos-skill-spotify.openvoiceos,"StopMusic.intent","stoppe Spotify ab"
ovos-skill-spotify.openvoiceos,"StopMusic.intent","stoppe Spotify aus"
ovos-skill-spotify.openvoiceos,"StopMusic.intent","stoppe die Musik"
ovos-skill-spotify.openvoiceos,"StopMusic.intent","stoppe die Musik ab"
ovos-skill-spotify.openvoiceos,"StopMusic.intent","stoppe die Musik aus"
ovos-skill-spotify.openvoiceos,"WhatArtist.intent","wen höre ich gerade"
ovos-skill-spotify.openvoiceos,"WhatArtist.intent","wen hören wir gerade"
ovos-skill-spotify.openvoiceos,"WhatArtist.intent","wer ist der Interpret"
ovos-skill-spotify.openvoiceos,"WhatArtist.intent","wer ist der Künstler"
ovos-skill-spotify.openvoiceos,"WhatArtist.intent","spielt"
ovos-skill-spotify.openvoiceos,"WhatArtist.intent","spielt das"
ovos-skill-spotify.openvoiceos,"WhatArtist.intent","wer spielt"
ovos-skill-spotify.openvoiceos,"WhatArtist.intent","wer spielt das"
ovos-skill-spotify.openvoiceos,"WhatArtist.intent","welche Band ist das"
ovos-skill-spotify.openvoiceos,"WhatArtist.intent","welche Band hören wir an"
ovos-skill-spotify.openvoiceos,"WhatArtist.intent","welche Band spielst du"
ovos-skill-spotify.openvoiceos,"WhatArtist.intent","welcher Künstler ist das"
ovos-skill-spotify.openvoiceos,"WhatAlbum.intent","Welche Album ist das"
ovos-skill-spotify.openvoiceos,"WhatAlbum.intent","Welche Aufnahme ist das"
ovos-skill-spotify.openvoiceos,"WhatAlbum.intent","Welche CD ist das"
ovos-skill-spotify.openvoiceos,"WhatAlbum.intent","Welche LP ist das"
ovos-skill-spotify.openvoiceos,"WhatAlbum.intent","Welche Schallplatte ist das"
ovos-skill-spotify.openvoiceos,"WhatAlbum.intent","Welcher Album ist das"
ovos-skill-spotify.openvoiceos,"WhatAlbum.intent","Welcher Aufnahme ist das"
ovos-skill-spotify.openvoiceos,"WhatAlbum.intent","Welcher CD ist das"
ovos-skill-spotify.openvoiceos,"WhatAlbum.intent","Welcher LP ist das"
ovos-skill-spotify.openvoiceos,"WhatAlbum.intent","Welcher Schallplatte ist das"
ovos-skill-spotify.openvoiceos,"WhatAlbum.intent","Welches Album ist das"
ovos-skill-spotify.openvoiceos,"WhatAlbum.intent","Welches Aufnahme ist das"
ovos-skill-spotify.openvoiceos,"WhatAlbum.intent","Welches CD ist das"
ovos-skill-spotify.openvoiceos,"WhatAlbum.intent","Welches LP ist das"
ovos-skill-spotify.openvoiceos,"WhatAlbum.intent","Welches Schallplatte ist das"
ovos-skill-spotify.openvoiceos,"WhatAlbum.intent","Welche Album ist das"
ovos-skill-spotify.openvoiceos,"WhatAlbum.intent","Welche Aufnahme ist das"
ovos-skill-spotify.openvoiceos,"WhatAlbum.intent","Welche CD ist das"
ovos-skill-spotify.openvoiceos,"WhatAlbum.intent","Welche LP ist das"
ovos-skill-spotify.openvoiceos,"WhatAlbum.intent","Welche Schallplatte ist das"
ovos-skill-spotify.openvoiceos,"WhatAlbum.intent","Welcher Album ist das"
ovos-skill-spotify.openvoiceos,"WhatAlbum.intent","Welcher Aufnahme ist das"
ovos-skill-spotify.openvoiceos,"WhatAlbum.intent","Welcher CD ist das"
ovos-skill-spotify.openvoiceos,"WhatAlbum.intent","Welcher LP ist das"
ovos-skill-spotify.openvoiceos,"WhatAlbum.intent","Welcher Schallplatte ist das"
ovos-skill-spotify.openvoiceos,"WhatAlbum.intent","Welches Album ist das"
ovos-skill-spotify.openvoiceos,"WhatAlbum.intent","Welches Aufnahme ist das"
ovos-skill-spotify.openvoiceos,"WhatAlbum.intent","Welches CD ist das"
ovos-skill-spotify.openvoiceos,"WhatAlbum.intent","Welches LP ist das"
ovos-skill-spotify.openvoiceos,"WhatAlbum.intent","Welches Schallplatte ist das"
ovos-skill-spotify.openvoiceos,"WhatSong.intent","gespielt"
ovos-skill-spotify.openvoiceos,"WhatSong.intent","was wird gespielt"
ovos-skill-spotify.openvoiceos,"WhatSong.intent","sag mir was gespielt wird"
ovos-skill-spotify.openvoiceos,"WhatSong.intent","was höre ich gerade"
ovos-skill-spotify.openvoiceos,"WhatSong.intent","was hören wir gerade"
ovos-skill-spotify.openvoiceos,"WhatSong.intent","welches Lied ist das"
ovos-skill-spotify.openvoiceos,"WhatSong.intent","Was ist das für ein Lied"
ovos-skill-spotify.openvoiceos,"WhatSong.intent","sag mir was das für ein Lied ist"
ovos-skill-spotify.openvoiceos,"ShuffleOff.intent","deaktiviere den Spotify Shuffle"
ovos-skill-spotify.openvoiceos,"ShuffleOff.intent","deaktiviere den Spotify Shuffle  ab"
ovos-skill-spotify.openvoiceos,"ShuffleOff.intent","deaktiviere den Spotify Shuffle  auf"
ovos-skill-spotify.openvoiceos,"ShuffleOff.intent","deaktiviere den Spotify Shuffle  aus"
ovos-skill-spotify.openvoiceos,"ShuffleOff.intent","deaktiviere den Spotify Zufallswiedergabe"
ovos-skill-spotify.openvoiceos,"ShuffleOff.intent","deaktiviere den Spotify Zufallswiedergabe  ab"
ovos-skill-spotify.openvoiceos,"ShuffleOff.intent","deaktiviere den Spotify Zufallswiedergabe  auf"
ovos-skill-spotify.openvoiceos,"ShuffleOff.intent","deaktiviere den Spotify Zufallswiedergabe  aus"
ovos-skill-spotify.openvoiceos,"ShuffleOff.intent","deaktiviere die Spotify Shuffle"
ovos-skill-spotify.openvoiceos,"ShuffleOff.intent","deaktiviere die Spotify Shuffle  ab"
ovos-skill-spotify.openvoiceos,"ShuffleOff.intent","deaktiviere die Spotify Shuffle  auf"
ovos-skill-spotify.openvoiceos,"ShuffleOff.intent","deaktiviere die Spotify Shuffle  aus"
ovos-skill-spotify.openvoiceos,"ShuffleOff.intent","deaktiviere die Spotify Zufallswiedergabe"
ovos-skill-spotify.openvoiceos,"ShuffleOff.intent","deaktiviere die Spotify Zufallswiedergabe  ab"
ovos-skill-spotify.openvoiceos,"ShuffleOff.intent","deaktiviere die Spotify Zufallswiedergabe  auf"
ovos-skill-spotify.openvoiceos,"ShuffleOff.intent","deaktiviere die Spotify Zufallswiedergabe  aus"
ovos-skill-spotify.openvoiceos,"ShuffleOff.intent","hebe den Spotify Shuffle"
ovos-skill-spotify.openvoiceos,"ShuffleOff.intent","hebe den Spotify Shuffle  ab"
ovos-skill-spotify.openvoiceos,"ShuffleOff.intent","hebe den Spotify Shuffle  auf"
ovos-skill-spotify.openvoiceos,"ShuffleOff.intent","hebe den Spotify Shuffle  aus"
ovos-skill-spotify.openvoiceos,"ShuffleOff.intent","hebe den Spotify Zufallswiedergabe"
ovos-skill-spotify.openvoiceos,"ShuffleOff.intent","hebe den Spotify Zufallswiedergabe  ab"
ovos-skill-spotify.openvoiceos,"ShuffleOff.intent","hebe den Spotify Zufallswiedergabe  auf"
ovos-skill-spotify.openvoiceos,"ShuffleOff.intent","hebe den Spotify Zufallswiedergabe  aus"
ovos-skill-spotify.openvoiceos,"ShuffleOff.intent","hebe die Spotify Shuffle"
ovos-skill-spotify.openvoiceos,"ShuffleOff.intent","hebe die Spotify Shuffle  ab"
ovos-skill-spotify.openvoiceos,"ShuffleOff.intent","hebe die Spotify Shuffle  auf"
ovos-skill-spotify.openvoiceos,"ShuffleOff.intent","hebe die Spotify Shuffle  aus"
ovos-skill-spotify.openvoiceos,"ShuffleOff.intent","hebe die Spotify Zufallswiedergabe"
ovos-skill-spotify.openvoiceos,"ShuffleOff.intent","hebe die Spotify Zufallswiedergabe  ab"
ovos-skill-spotify.openvoiceos,"ShuffleOff.intent","hebe die Spotify Zufallswiedergabe  auf"
ovos-skill-spotify.openvoiceos,"ShuffleOff.intent","hebe die Spotify Zufallswiedergabe  aus"
ovos-skill-spotify.openvoiceos,"ShuffleOff.intent","schalte den Spotify Shuffle"
ovos-skill-spotify.openvoiceos,"ShuffleOff.intent","schalte den Spotify Shuffle  ab"
ovos-skill-spotify.openvoiceos,"ShuffleOff.intent","schalte den Spotify Shuffle  auf"
ovos-skill-spotify.openvoiceos,"ShuffleOff.intent","schalte den Spotify Shuffle  aus"
ovos-skill-spotify.openvoiceos,"ShuffleOff.intent","schalte den Spotify Zufallswiedergabe"
ovos-skill-spotify.openvoiceos,"ShuffleOff.intent","schalte den Spotify Zufallswiedergabe  ab"
ovos-skill-spotify.openvoiceos,"ShuffleOff.intent","schalte den Spotify Zufallswiedergabe  auf"
ovos-skill-spotify.openvoiceos,"ShuffleOff.intent","schalte den Spotify Zufallswiedergabe  aus"
ovos-skill-spotify.openvoiceos,"ShuffleOff.intent","schalte die Spotify Shuffle"
ovos-skill-spotify.openvoiceos,"ShuffleOff.intent","schalte die Spotify Shuffle  ab"
ovos-skill-spotify.openvoiceos,"ShuffleOff.intent","schalte die Spotify Shuffle  auf"
ovos-skill-spotify.openvoiceos,"ShuffleOff.intent","schalte die Spotify Shuffle  aus"
ovos-skill-spotify.openvoiceos,"ShuffleOff.intent","schalte die Spotify Zufallswiedergabe"
ovos-skill-spotify.openvoiceos,"ShuffleOff.intent","schalte die Spotify Zufallswiedergabe  ab"
ovos-skill-spotify.openvoiceos,"ShuffleOff.intent","schalte die Spotify Zufallswiedergabe  auf"
ovos-skill-spotify.openvoiceos,"ShuffleOff.intent","schalte die Spotify Zufallswiedergabe  aus"
ovos-skill-spotify.openvoiceos,"ShuffleOff.intent","schalte Spotify Shuffle aus"
ovos-skill-spotify.openvoiceos,"ShuffleOff.intent","schalte Spotify Zufallswiedergabe aus"
ovos-skill-spotify.openvoiceos,"ShuffleOn.intent","aktiviere Spotify Shuffle"
ovos-skill-spotify.openvoiceos,"ShuffleOn.intent","aktiviere Spotify Shuffle  an"
ovos-skill-spotify.openvoiceos,"ShuffleOn.intent","aktiviere Spotify Zufallswiedergabe"
ovos-skill-spotify.openvoiceos,"ShuffleOn.intent","aktiviere Spotify Zufallswiedergabe  an"
ovos-skill-spotify.openvoiceos,"ShuffleOn.intent","schalte Spotify Shuffle"
ovos-skill-spotify.openvoiceos,"ShuffleOn.intent","schalte Spotify Shuffle  an"
ovos-skill-spotify.openvoiceos,"ShuffleOn.intent","schalte Spotify Zufallswiedergabe"
ovos-skill-spotify.openvoiceos,"ShuffleOn.intent","schalte Spotify Zufallswiedergabe  an"
ovos-skill-wikihow.openvoiceos,"wikihow.intent","Suche in wiki how  {query}"
ovos-skill-wikihow.openvoiceos,"wikihow.intent","Suche in wiki how nach {query}"
ovos-skill-wikihow.openvoiceos,"wikihow.intent","Suche in wikihow  {query}"
ovos-skill-wikihow.openvoiceos,"wikihow.intent","Suche in wikihow nach {query}"
ovos-skill-wikihow.openvoiceos,"wikihow.intent","was sagt wiki how über {query}"
ovos-skill-wikihow.openvoiceos,"wikihow.intent","was sagt wikihow über {query}"
ovos-skill-wikihow.openvoiceos,"howto.intent","Schritt für Schritt {query}"
ovos-skill-wikihow.openvoiceos,"howto.intent","erkläre Schritt für Schritt {query}"
ovos-skill-wikihow.openvoiceos,"howto.intent","Schritte für {query}"
ovos-skill-wikihow.openvoiceos,"howto.intent","wie kann ich {query}"
ovos-skill-wikihow.openvoiceos,"howto.intent","wie mache ich {query}"
ovos-skill-wikihow.openvoiceos,"howto.intent","wie macht man {query}"
ovos-skill-wordnet.openvoiceos,"definition.intent","was ist ein {query}"
ovos-skill-wordnet.openvoiceos,"definition.intent","was ist eine {query}"
ovos-skill-wordnet.openvoiceos,"definition.intent","was ist die Definition von {query}"
ovos-skill-wordnet.openvoiceos,"hypernym.intent","was ist der Oberbegriff für {query}"
ovos-skill-wordnet.openvoiceos,"hypernym.intent","was ist ein Oberbegriff für {query}"
ovos-skill-wordnet.openvoiceos,"hypernym.intent","was sind Oberbegriffe für {query}"
ovos-skill-wordnet.openvoiceos,"search_wordnet.intent","Befrage Wordnet über {query}"
ovos-skill-wordnet.openvoiceos,"search_wordnet.intent","Suche im Wordnet nach {query}"
ovos-skill-wordnet.openvoiceos,"search_wordnet.intent","Suche im word net nach {query}"
ovos-skill-wordnet.openvoiceos,"search_wordnet.intent","frage word net nach {query}"
ovos-skill-wordnet.openvoiceos,"search_wordnet.intent","was sagt Wordnet über {query}"
ovos-skill-wordnet.openvoiceos,"search_wordnet.intent","was sagt word net über {query}"
ovos-skill-wordnet.openvoiceos,"antonym.intent","was das Gegenteil von {query}"
ovos-skill-wordnet.openvoiceos,"antonym.intent","was ist das Gegenteil von {query}"
ovos-skill-wordnet.openvoiceos,"antonym.intent","was sind Gegenteile von {query}"
ovos-skill-wordnet.openvoiceos,"holonym.intent","Wovon ist {query} ein Teil von"
ovos-skill-wordnet.openvoiceos,"holonym.intent","was ist das Holonym von {query}"
ovos-skill-wordnet.openvoiceos,"holonym.intent","was ist die übergeordnete Kategorie von {query}"
ovos-skill-wordnet.openvoiceos,"holonym.intent","was sind die Holonyme von {query}"
ovos-skill-wordnet.openvoiceos,"lemma.intent","was ist das Lemma von {query}"
ovos-skill-wordnet.openvoiceos,"lemma.intent","was ist die Grundform von {query}"
ovos-skill-wordnet.openvoiceos,"lemma.intent","was sind die Lemmata von {query}"
ovos-skill-wordnet.openvoiceos,"hyponym.intent","was ist die Unterkategorie {query}"
ovos-skill-wordnet.openvoiceos,"hyponym.intent","was ist eine Unterkategorie von {query}"
ovos-skill-wordnet.openvoiceos,"hyponym.intent","was sind  Unterkategorien von {query}"
ovos-skill-wordnet.openvoiceos,"hyponym.intent","was sind die Unterkategorien von {query}"
skill-ovos-audio-recording.openvoiceos,"start_recording.intent","Audio aufnehmen"
skill-ovos-audio-recording.openvoiceos,"start_recording.intent","Audio aufzeichnen"
skill-ovos-audio-recording.openvoiceos,"start_recording.intent","Audio aufnehmen als {name}"
skill-ovos-audio-recording.openvoiceos,"start_recording.intent","Audioaufnahme aktivieren"
skill-ovos-audio-recording.openvoiceos,"start_recording.intent","aktiviere Audioaufnahme"
skill-ovos-audio-recording.openvoiceos,"start_recording.intent","Audioaufnahme als {name} aktivieren"
skill-ovos-audio-recording.openvoiceos,"start_recording.intent","aktiviere Audioaufnahme als {name}"
skill-ovos-audio-recording.openvoiceos,"start_recording.intent","Audioaufnahme jetzt starten"
skill-ovos-audio-recording.openvoiceos,"start_recording.intent","Audioaufnahme mit dem Namen {name}"
skill-ovos-audio-recording.openvoiceos,"start_recording.intent","Audioaufnahme mit dem Namen {name} aktivieren"
skill-ovos-audio-recording.openvoiceos,"start_recording.intent","aktiviere Audioaufnahme mit dem Namen {name}"
skill-ovos-audio-recording.openvoiceos,"start_recording.intent","Audioaufnahme starten"
skill-ovos-audio-recording.openvoiceos,"start_recording.intent","Audioaufnahme starten"
skill-ovos-audio-recording.openvoiceos,"start_recording.intent","starte Audioaufnahme"
skill-ovos-audio-recording.openvoiceos,"start_recording.intent","Audioaufnahme unter dem Titel {name} aktivieren"
skill-ovos-audio-recording.openvoiceos,"start_recording.intent","aktiviere Audioaufnahme unter dem Titel {name}"
skill-ovos-audio-recording.openvoiceos,"start_recording.intent","Audioaufzeichnung mit dem Namen {name} starten"
skill-ovos-audio-recording.openvoiceos,"start_recording.intent","Audioaufzeichnung starten {name}"
skill-ovos-audio-recording.openvoiceos,"start_recording.intent","Audioaufzeichnungsvorgang als {name} starten"
skill-ovos-audio-recording.openvoiceos,"start_recording.intent","Audioaufzeichnungsvorgang mit dem Namen {name} starten"
skill-ovos-audio-recording.openvoiceos,"start_recording.intent","Aufnahme initialisieren"
skill-ovos-audio-recording.openvoiceos,"start_recording.intent","Aufnahme jetzt starten"
skill-ovos-audio-recording.openvoiceos,"start_recording.intent","Aufnahme mit dem Namen {name} erstellen"
skill-ovos-audio-recording.openvoiceos,"start_recording.intent","erstelle Aufnahme mit dem Namen {name}"
skill-ovos-audio-recording.openvoiceos,"start_recording.intent","Aufnahme mit dem Namen {name} starten"
skill-ovos-audio-recording.openvoiceos,"start_recording.intent","Aufnahme mit dem Titel {name} initialisieren"
skill-ovos-audio-recording.openvoiceos,"start_recording.intent","Aufnahme starten"
skill-ovos-audio-recording.openvoiceos,"start_recording.intent","Aufnahme starten"
skill-ovos-audio-recording.openvoiceos,"start_recording.intent","Starte Aufnahme"
skill-ovos-audio-recording.openvoiceos,"start_recording.intent","Aufnahme unter dem Namen {name} starten"
skill-ovos-audio-recording.openvoiceos,"start_recording.intent","Aufnahme {name} starten"
skill-ovos-audio-recording.openvoiceos,"start_recording.intent","Aufnahmesitzung starten"
skill-ovos-audio-recording.openvoiceos,"start_recording.intent","starte Aufnahme Session"
skill-ovos-audio-recording.openvoiceos,"start_recording.intent","Aufzeichnung mit dem Namen {name} starten"
skill-ovos-audio-recording.openvoiceos,"start_recording.intent","Aufzeichnungssitzung mit dem Namen {name} starten"
skill-ovos-audio-recording.openvoiceos,"start_recording.intent","Beginn der Aufzeichnung mit dem Namen {name}"
skill-ovos-audio-recording.openvoiceos,"start_recording.intent","Beginne Audioaufnahme mit dem Namen {name}"
skill-ovos-audio-recording.openvoiceos,"start_recording.intent","Beginne bitte mit der Aufnahme"
skill-ovos-audio-recording.openvoiceos,"start_recording.intent","Beginne bitte mit der Aufnahme als {name}"
skill-ovos-audio-recording.openvoiceos,"start_recording.intent","Beginne bitte mit der Aufnahme mit dem Namen {name}"
skill-ovos-audio-recording.openvoiceos,"start_recording.intent","Beginne jetzt mit der Aufnahme als {name}"
skill-ovos-audio-recording.openvoiceos,"start_recording.intent","Beginne jetzt mit der Aufnahme mit dem Namen {name}"
skill-ovos-audio-recording.openvoiceos,"start_recording.intent","Beginne mit der Audioaufnahme als {name}"
skill-ovos-audio-recording.openvoiceos,"start_recording.intent","Beginne mit der Audioaufnahme mit dem Namen {name}"
skill-ovos-audio-recording.openvoiceos,"start_recording.intent","Beginne mit der Audioaufnahme mit dem Titel {name}"
skill-ovos-audio-recording.openvoiceos,"start_recording.intent","Beginne sofort mit der Aufnahme"
skill-ovos-audio-recording.openvoiceos,"start_recording.intent","Beginne sofort mit der Aufnahme als {name}"
skill-ovos-audio-recording.openvoiceos,"start_recording.intent","Beginnen Sie mit der Aufnahme mit dem Namen {name}"
skill-ovos-audio-recording.openvoiceos,"start_recording.intent","Jetzt Audio aufnehmen"
skill-ovos-audio-recording.openvoiceos,"start_recording.intent","Mit der Aufnahme fortfahren"
skill-ovos-audio-recording.openvoiceos,"start_recording.intent","Aufnahme fortsetzen"
skill-ovos-audio-recording.openvoiceos,"start_recording.intent","Nehme eine neue Audiodatei mit dem Namen {name} auf"
skill-ovos-audio-recording.openvoiceos,"start_recording.intent","Nehme jetzt Audio mit dem Namen {name} auf"
skill-ovos-audio-recording.openvoiceos,"start_recording.intent","Richte eine neue Aufnahme mit dem Namen {name} ein."
skill-ovos-audio-recording.openvoiceos,"start_recording.intent","Starte  eine neue Audioaufnahme mit dem Namen {name}"
skill-ovos-audio-recording.openvoiceos,"start_recording.intent","Starte bitte die Audioaufnahme"
skill-ovos-audio-recording.openvoiceos,"start_recording.intent","Starte bitte die Audioaufnahme mit dem Namen {name}"
skill-ovos-audio-recording.openvoiceos,"start_recording.intent","Starte den Audioaufnahmevorgang"
skill-ovos-audio-recording.openvoiceos,"start_recording.intent","Starte den Audioaufzeichnungsvorgang mit dem Namen {name}"
skill-ovos-audio-recording.openvoiceos,"start_recording.intent","Starte die Audioaufnahme bitte als {name}"
skill-ovos-audio-recording.openvoiceos,"start_recording.intent","Starte eine Audioaufnahme"
skill-ovos-audio-recording.openvoiceos,"start_recording.intent","Starte eine Audioaufnahme mit dem Namen {name}"
skill-ovos-audio-recording.openvoiceos,"start_recording.intent","Starte eine Aufnahme"
skill-ovos-audio-recording.openvoiceos,"start_recording.intent","Starte eine neue Audioaufnahme mit dem Namen {name}"
skill-ovos-audio-recording.openvoiceos,"start_recording.intent","Starte jetzt die Audioaufnahme als {name}"
skill-ovos-audio-recording.openvoiceos,"start_recording.intent","Starte jetzt die Audioaufnahme mit dem Namen {name}"
skill-ovos-audio-recording.openvoiceos,"start_recording.intent","beginne Audioaufnahme  {name}"
skill-ovos-audio-recording.openvoiceos,"start_recording.intent","beginne Aufzeichnung {name}"
skill-ovos-audio-recording.openvoiceos,"start_recording.intent","eine neue Audioaufnahme starten"
skill-ovos-audio-recording.openvoiceos,"start_recording.intent","eine neue Audiodatei aufnehmen"
skill-ovos-audio-recording.openvoiceos,"start_recording.intent","eine neue Aufnahme starten"
skill-ovos-audio-recording.openvoiceos,"start_recording.intent","initiiere eine Audioaufnahme mit dem Namen {name}"
skill-ovos-audio-recording.openvoiceos,"start_recording.intent","initiiere eine Audioaufzeichnung mit dem Namen {name}"
skill-ovos-audio-recording.openvoiceos,"start_recording.intent","neue Aufnahme"
skill-ovos-audio-recording.openvoiceos,"start_recording.intent","neue Aufnahme mit dem Namen {name}"
skill-ovos-audio-recording.openvoiceos,"start_recording.intent","starte eine Aufnahme mit dem Namen {name}"
skill-ovos-audio-recording.openvoiceos,"start_recording.intent","starte eine neue Aufnahme mit dem Namen {name}"
skill-ovos-audio-recording.openvoiceos,"start_recording.intent","starte eine neue Aufnahme mit dem Titel {name}"
skill-ovos-boot-finished.openvoiceos,"disable_ready_notification.intent","Deaktiviere Boot-Benachrichtigung"
skill-ovos-boot-finished.openvoiceos,"disable_ready_notification.intent","Deaktiviere Ladebenachrichtigung"
skill-ovos-boot-finished.openvoiceos,"disable_ready_notification.intent","Deaktiviere Ladevorgangbenachrichtigung"
skill-ovos-boot-finished.openvoiceos,"disable_ready_notification.intent","ausschalten Boot-Benachrichtigung"
skill-ovos-boot-finished.openvoiceos,"disable_ready_notification.intent","ausschalten Ladebenachrichtigung"
skill-ovos-boot-finished.openvoiceos,"disable_ready_notification.intent","ausschalten Ladevorgangbenachrichtigung"
skill-ovos-boot-finished.openvoiceos,"disable_ready_notification.intent","schalte aus Boot-Benachrichtigung"
skill-ovos-boot-finished.openvoiceos,"disable_ready_notification.intent","schalte aus Ladebenachrichtigung"
skill-ovos-boot-finished.openvoiceos,"disable_ready_notification.intent","schalte aus Ladevorgangbenachrichtigung"
skill-ovos-boot-finished.openvoiceos,"enable_ready_notification.intent","Deaktiviere Boot-Benachrichtigung"
skill-ovos-boot-finished.openvoiceos,"enable_ready_notification.intent","Deaktiviere Ladebenachrichtigung"
skill-ovos-boot-finished.openvoiceos,"enable_ready_notification.intent","Deaktiviere Ladevorgangbenachrichtigung"
skill-ovos-boot-finished.openvoiceos,"enable_ready_notification.intent","einschalten Boot-Benachrichtigung"
skill-ovos-boot-finished.openvoiceos,"enable_ready_notification.intent","einschalten Ladebenachrichtigung"
skill-ovos-boot-finished.openvoiceos,"enable_ready_notification.intent","einschalten Ladevorgangbenachrichtigung"
skill-ovos-boot-finished.openvoiceos,"enable_ready_notification.intent","schalte ein Boot-Benachrichtigung"
skill-ovos-boot-finished.openvoiceos,"enable_ready_notification.intent","schalte ein Ladebenachrichtigung"
skill-ovos-boot-finished.openvoiceos,"enable_ready_notification.intent","schalte ein Ladevorgangbenachrichtigung"
skill-ovos-boot-finished.openvoiceos,"are_you_ready.intent","Bist Du bereit"
skill-ovos-boot-finished.openvoiceos,"are_you_ready.intent","Bist Du ist aktiv"
skill-ovos-boot-finished.openvoiceos,"are_you_ready.intent","Bist Du vollständig geladen"
skill-ovos-boot-finished.openvoiceos,"are_you_ready.intent","Bist Du wird noch geladen"
skill-ovos-boot-finished.openvoiceos,"are_you_ready.intent","Bist alle Dienste bereit"
skill-ovos-boot-finished.openvoiceos,"are_you_ready.intent","Bist alle Dienste ist aktiv"
skill-ovos-boot-finished.openvoiceos,"are_you_ready.intent","Bist alle Dienste vollständig geladen"
skill-ovos-boot-finished.openvoiceos,"are_you_ready.intent","Bist alle Dienste wird noch geladen"
skill-ovos-boot-finished.openvoiceos,"are_you_ready.intent","Sind Du bereit"
skill-ovos-boot-finished.openvoiceos,"are_you_ready.intent","Sind Du ist aktiv"
skill-ovos-boot-finished.openvoiceos,"are_you_ready.intent","Sind Du vollständig geladen"
skill-ovos-boot-finished.openvoiceos,"are_you_ready.intent","Sind Du wird noch geladen"
skill-ovos-boot-finished.openvoiceos,"are_you_ready.intent","Sind alle Dienste bereit"
skill-ovos-boot-finished.openvoiceos,"are_you_ready.intent","Sind alle Dienste ist aktiv"
skill-ovos-boot-finished.openvoiceos,"are_you_ready.intent","Sind alle Dienste vollständig geladen"
skill-ovos-boot-finished.openvoiceos,"are_you_ready.intent","Sind alle Dienste wird noch geladen"
skill-ovos-boot-finished.openvoiceos,"are_you_ready.intent","Hast Du das Booten abgeschlossen"
skill-ovos-boot-finished.openvoiceos,"are_you_ready.intent","Hast Du das Hochfahren abgeschlossen"
skill-ovos-boot-finished.openvoiceos,"are_you_ready.intent","Hast Du das Laden abgeschlossen"
skill-ovos-boot-finished.openvoiceos,"are_you_ready.intent","Hast Du den Start abgeschlossen"
skill-ovos-boot-finished.openvoiceos,"are_you_ready.intent","Hat das System das Booten abgeschlossen"
skill-ovos-boot-finished.openvoiceos,"are_you_ready.intent","Hat das System das Hochfahren abgeschlossen"
skill-ovos-boot-finished.openvoiceos,"are_you_ready.intent","Hat das System das Laden abgeschlossen"
skill-ovos-boot-finished.openvoiceos,"are_you_ready.intent","Hat das System den Start abgeschlossen"
skill-ovos-boot-finished.openvoiceos,"are_you_ready.intent","Bist Du dem Booten fertig"
skill-ovos-boot-finished.openvoiceos,"are_you_ready.intent","Bist Du dem Laden fertig"
skill-ovos-boot-finished.openvoiceos,"are_you_ready.intent","Bist Du mit dem Booten fertig"
skill-ovos-boot-finished.openvoiceos,"are_you_ready.intent","Hast Du den Bootvorgang abgeschlossen"
skill-ovos-boot-finished.openvoiceos,"are_you_ready.intent","Hast Open Voice OS den Bootvorgang abgeschlossen"
skill-ovos-boot-finished.openvoiceos,"are_you_ready.intent","Hast alle Dienste den Bootvorgang abgeschlossen"
skill-ovos-boot-finished.openvoiceos,"are_you_ready.intent","Hast das Gerät den Bootvorgang abgeschlossen"
skill-ovos-boot-finished.openvoiceos,"are_you_ready.intent","Hast das System den Bootvorgang abgeschlossen"
skill-ovos-boot-finished.openvoiceos,"are_you_ready.intent","Hat Open Voice OS erfolgreich gebootet"
skill-ovos-boot-finished.openvoiceos,"are_you_ready.intent","Hat das System erfolgreich gebootet"
skill-ovos-boot-finished.openvoiceos,"are_you_ready.intent","Ist Dein System bereit"
skill-ovos-boot-finished.openvoiceos,"are_you_ready.intent","Ist Open Voice OS System bereit"
skill-ovos-boot-finished.openvoiceos,"are_you_ready.intent","Ist das System bereit"
skill-ovos-boot-finished.openvoiceos,"are_you_ready.intent","Ist Open Voice OS bereit"
skill-ovos-boot-finished.openvoiceos,"are_you_ready.intent","Ist das Gerät bereit"
skill-ovos-boot-finished.openvoiceos,"are_you_ready.intent","Ist das System bereit"
skill-ovos-boot-finished.openvoiceos,"are_you_ready.intent","Ist alles bereit"
skill-ovos-boot-finished.openvoiceos,"are_you_ready.intent","Ist alles funktioniert"
skill-ovos-boot-finished.openvoiceos,"are_you_ready.intent","Ist alles vollständig geladen"
skill-ovos-boot-finished.openvoiceos,"are_you_ready.intent","Ist alles wird noch geladen"
skill-ovos-boot-finished.openvoiceos,"are_you_ready.intent","Ist der Bootvorgang abgeschlossen"
skill-ovos-boot-finished.openvoiceos,"are_you_ready.intent","Sind alle Dienste gestartet"
skill-ovos-date-time.openvoiceos,"what.month.is.it.intent","Sag mir den Monat"
skill-ovos-date-time.openvoiceos,"what.month.is.it.intent","Sag mir den aktuellen Monat"
skill-ovos-date-time.openvoiceos,"what.month.is.it.intent","aktueller Monat"
skill-ovos-date-time.openvoiceos,"what.month.is.it.intent","in welchem Monat sind wir"
skill-ovos-date-time.openvoiceos,"what.month.is.it.intent","welcher Monat ist es"
skill-ovos-date-time.openvoiceos,"what.month.is.it.intent","welcher Monat ist es gerade"
skill-ovos-date-time.openvoiceos,"what.month.is.it.intent","welcher Monat ist heute"
skill-ovos-date-time.openvoiceos,"what.year.is.it.intent","Sag mir das Jahr"
skill-ovos-date-time.openvoiceos,"what.year.is.it.intent","Sag mir das aktuelle Jahr"
skill-ovos-date-time.openvoiceos,"what.year.is.it.intent","in welchem Jahr sind wir"
skill-ovos-date-time.openvoiceos,"what.year.is.it.intent","laufendes Jahr"
skill-ovos-date-time.openvoiceos,"what.year.is.it.intent","aktuelles Jahr"
skill-ovos-date-time.openvoiceos,"what.year.is.it.intent","welches Jahr haben wir"
skill-ovos-date-time.openvoiceos,"what.year.is.it.intent","welches Jahr ist es"
skill-ovos-date-time.openvoiceos,"what.year.is.it.intent","welches Jahr ist es gerade"
skill-ovos-date-time.openvoiceos,"what.year.is.it.intent","welches Jahr ist heute"
skill-ovos-date-time.openvoiceos,"what.time.is.it.intent","Bitte teilen Sie mir die Uhrzeit mit."
skill-ovos-date-time.openvoiceos,"what.time.is.it.intent","Darf ich die uhrzeit am {location} erfahren"
skill-ovos-date-time.openvoiceos,"what.time.is.it.intent","Darf ich die uhrzeit am {location} erfragen"
skill-ovos-date-time.openvoiceos,"what.time.is.it.intent","Darf ich die uhrzeit an der {location} erfahren"
skill-ovos-date-time.openvoiceos,"what.time.is.it.intent","Darf ich die uhrzeit an der {location} erfragen"
skill-ovos-date-time.openvoiceos,"what.time.is.it.intent","Darf ich die uhrzeit bei {location} erfahren"
skill-ovos-date-time.openvoiceos,"what.time.is.it.intent","Darf ich die uhrzeit bei {location} erfragen"
skill-ovos-date-time.openvoiceos,"what.time.is.it.intent","Darf ich die uhrzeit erfahren"
skill-ovos-date-time.openvoiceos,"what.time.is.it.intent","Darf ich die uhrzeit erfragen"
skill-ovos-date-time.openvoiceos,"what.time.is.it.intent","Darf ich die uhrzeit für {location} erfahren"
skill-ovos-date-time.openvoiceos,"what.time.is.it.intent","Darf ich die uhrzeit für {location} erfragen"
skill-ovos-date-time.openvoiceos,"what.time.is.it.intent","Darf ich die uhrzeit im {location} erfahren"
skill-ovos-date-time.openvoiceos,"what.time.is.it.intent","Darf ich die uhrzeit im {location} erfragen"
skill-ovos-date-time.openvoiceos,"what.time.is.it.intent","Darf ich die uhrzeit in {location} erfahren"
skill-ovos-date-time.openvoiceos,"what.time.is.it.intent","Darf ich die uhrzeit in {location} erfragen"
skill-ovos-date-time.openvoiceos,"what.time.is.it.intent","Darf ich die zeit am {location} erfahren"
skill-ovos-date-time.openvoiceos,"what.time.is.it.intent","Darf ich die zeit am {location} erfragen"
skill-ovos-date-time.openvoiceos,"what.time.is.it.intent","Darf ich die zeit an der {location} erfahren"
skill-ovos-date-time.openvoiceos,"what.time.is.it.intent","Darf ich die zeit an der {location} erfragen"
skill-ovos-date-time.openvoiceos,"what.time.is.it.intent","Darf ich die zeit bei {location} erfahren"
skill-ovos-date-time.openvoiceos,"what.time.is.it.intent","Darf ich die zeit bei {location} erfragen"
skill-ovos-date-time.openvoiceos,"what.time.is.it.intent","Darf ich die zeit erfahren"
skill-ovos-date-time.openvoiceos,"what.time.is.it.intent","Darf ich die zeit erfragen"
skill-ovos-date-time.openvoiceos,"what.time.is.it.intent","Darf ich die zeit für {location} erfahren"
skill-ovos-date-time.openvoiceos,"what.time.is.it.intent","Darf ich die zeit für {location} erfragen"
skill-ovos-date-time.openvoiceos,"what.time.is.it.intent","Darf ich die zeit im {location} erfahren"
skill-ovos-date-time.openvoiceos,"what.time.is.it.intent","Darf ich die zeit im {location} erfragen"
skill-ovos-date-time.openvoiceos,"what.time.is.it.intent","Darf ich die zeit in {location} erfahren"
skill-ovos-date-time.openvoiceos,"what.time.is.it.intent","Darf ich die zeit in {location} erfragen"
skill-ovos-date-time.openvoiceos,"what.time.is.it.intent","Ich bin gespannt auf die Zeit"
skill-ovos-date-time.openvoiceos,"what.time.is.it.intent","Ich bin neugierig, wie spät ist es?"
skill-ovos-date-time.openvoiceos,"what.time.is.it.intent","Ich frage mich, wie die aktuelle Uhrzeit ist."
skill-ovos-date-time.openvoiceos,"what.time.is.it.intent","Ich muss auf die Uhr schauen."
skill-ovos-date-time.openvoiceos,"what.time.is.it.intent","Ich muss die aktuelle Uhrzeit kennen."
skill-ovos-date-time.openvoiceos,"what.time.is.it.intent","Ich muss jetzt die Uhrzeit wissen"
skill-ovos-date-time.openvoiceos,"what.time.is.it.intent","Ich möchte die Uhrzeit wissen"
skill-ovos-date-time.openvoiceos,"what.time.is.it.intent","Ich möchte die aktuelle Uhrzeit prüfen."
skill-ovos-date-time.openvoiceos,"what.time.is.it.intent","Ich möchte die aktuelle Uhrzeit wissen"
skill-ovos-date-time.openvoiceos,"what.time.is.it.intent","Ich möchte jetzt gerne wissen, wie spät es ist."
skill-ovos-date-time.openvoiceos,"what.time.is.it.intent","Ich wäre Ihnen dankbar, wenn Sie mir die Uhrzeit mitteilen könnten."
skill-ovos-date-time.openvoiceos,"what.time.is.it.intent","Ist es möglich, die Uhrzeit jetzt sofort zu erfahren?"
skill-ovos-date-time.openvoiceos,"what.time.is.it.intent","Kann ich die Uhrzeit erfahren?"
skill-ovos-date-time.openvoiceos,"what.time.is.it.intent","Kannst Du mir bitte die Uhrzeit mitteilen?"
skill-ovos-date-time.openvoiceos,"what.time.is.it.intent","Kannst Du uns bitte die Zeit mitteilen?"
skill-ovos-date-time.openvoiceos,"what.time.is.it.intent","Kannst du die Zeit mit mir teilen?"
skill-ovos-date-time.openvoiceos,"what.time.is.it.intent","Können Sie mir bitte die aktuelle Uhrzeit mitteilen?"
skill-ovos-date-time.openvoiceos,"what.time.is.it.intent","Können Sie mir eine aktuelle Uhrzeit mitteilen?"
skill-ovos-date-time.openvoiceos,"what.time.is.it.intent","Können Sie mir sagen, wie spät es ist?"
skill-ovos-date-time.openvoiceos,"what.time.is.it.intent","Sag mir bitte die Uhrzeit"
skill-ovos-date-time.openvoiceos,"what.time.is.it.intent","Sag mir bitte die aktuelle Uhrzeit."
skill-ovos-date-time.openvoiceos,"what.time.is.it.intent","Sag mir bitte jetzt, wie spät es ist."
skill-ovos-date-time.openvoiceos,"what.time.is.it.intent","Sag mir, wie spät es ist"
skill-ovos-date-time.openvoiceos,"what.time.is.it.intent","Sagen Sie mir bitte, wie spät es ist."
skill-ovos-date-time.openvoiceos,"what.time.is.it.intent","Steht Dir die aktuelle Uhrzeit zur Verfügung?"
skill-ovos-date-time.openvoiceos,"what.time.is.it.intent","Teile mir bitte die aktuelle Uhrzeit mit."
skill-ovos-date-time.openvoiceos,"what.time.is.it.intent","Teilen Sie mir bitte die Uhrzeit mit."
skill-ovos-date-time.openvoiceos,"what.time.is.it.intent","Uhr jetzt"
skill-ovos-date-time.openvoiceos,"what.time.is.it.intent","Weisst du wie viel Uhr  ist"
skill-ovos-date-time.openvoiceos,"what.time.is.it.intent","Weisst du wie viel Uhr  ist am {location}"
skill-ovos-date-time.openvoiceos,"what.time.is.it.intent","Weisst du wie viel Uhr  ist an der {location}"
skill-ovos-date-time.openvoiceos,"what.time.is.it.intent","Weisst du wie viel Uhr  ist bei {location}"
skill-ovos-date-time.openvoiceos,"what.time.is.it.intent","Weisst du wie viel Uhr  ist im {location}"
skill-ovos-date-time.openvoiceos,"what.time.is.it.intent","Weisst du wie viel Uhr  ist in {location}"
skill-ovos-date-time.openvoiceos,"what.time.is.it.intent","Weisst du wie viel Uhr es ist"
skill-ovos-date-time.openvoiceos,"what.time.is.it.intent","Weisst du wie viel Uhr es ist am {location}"
skill-ovos-date-time.openvoiceos,"what.time.is.it.intent","Weisst du wie viel Uhr es ist an der {location}"
skill-ovos-date-time.openvoiceos,"what.time.is.it.intent","Weisst du wie viel Uhr es ist bei {location}"
skill-ovos-date-time.openvoiceos,"what.time.is.it.intent","Weisst du wie viel Uhr es ist im {location}"
skill-ovos-date-time.openvoiceos,"what.time.is.it.intent","Weisst du wie viel Uhr es ist in {location}"
skill-ovos-date-time.openvoiceos,"what.time.is.it.intent","Weißt du zufällig, wie spät es ist?"
skill-ovos-date-time.openvoiceos,"what.time.is.it.intent","Welche Uhrzeit wird angezeigt?"
skill-ovos-date-time.openvoiceos,"what.time.is.it.intent","Wie spät haben wir"
skill-ovos-date-time.openvoiceos,"what.time.is.it.intent","Wie spät haben wir   am {location}"
skill-ovos-date-time.openvoiceos,"what.time.is.it.intent","Wie spät haben wir   an der {location}"
skill-ovos-date-time.openvoiceos,"what.time.is.it.intent","Wie spät haben wir   bei {location}"
skill-ovos-date-time.openvoiceos,"what.time.is.it.intent","Wie spät haben wir   im {location}"
skill-ovos-date-time.openvoiceos,"what.time.is.it.intent","Wie spät haben wir   in {location}"
skill-ovos-date-time.openvoiceos,"what.time.is.it.intent","Wie spät haben wir  am {location}"
skill-ovos-date-time.openvoiceos,"what.time.is.it.intent","Wie spät haben wir  am {location} im moment"
skill-ovos-date-time.openvoiceos,"what.time.is.it.intent","Wie spät haben wir  am {location} in diesem Moment"
skill-ovos-date-time.openvoiceos,"what.time.is.it.intent","Wie spät haben wir  am {location} jetzt"
skill-ovos-date-time.openvoiceos,"what.time.is.it.intent","Wie spät haben wir  am {location} momentan"
skill-ovos-date-time.openvoiceos,"what.time.is.it.intent","Wie spät haben wir  am {location} zur zeit"
skill-ovos-date-time.openvoiceos,"what.time.is.it.intent","Wie spät haben wir  am {location} zurzeit"
skill-ovos-date-time.openvoiceos,"what.time.is.it.intent","Wie spät haben wir  an der {location}"
skill-ovos-date-time.openvoiceos,"what.time.is.it.intent","Wie spät haben wir  an der {location} im moment"
skill-ovos-date-time.openvoiceos,"what.time.is.it.intent","Wie spät haben wir  an der {location} in diesem Moment"
skill-ovos-date-time.openvoiceos,"what.time.is.it.intent","Wie spät haben wir  an der {location} jetzt"
skill-ovos-date-time.openvoiceos,"what.time.is.it.intent","Wie spät haben wir  an der {location} momentan"
skill-ovos-date-time.openvoiceos,"what.time.is.it.intent","Wie spät haben wir  an der {location} zur zeit"
skill-ovos-date-time.openvoiceos,"what.time.is.it.intent","Wie spät haben wir  an der {location} zurzeit"
skill-ovos-date-time.openvoiceos,"what.time.is.it.intent","Wie spät haben wir  bei {location}"
skill-ovos-date-time.openvoiceos,"what.time.is.it.intent","Wie spät haben wir  bei {location} im moment"
skill-ovos-date-time.openvoiceos,"what.time.is.it.intent","Wie spät haben wir  bei {location} in diesem Moment"
skill-ovos-date-time.openvoiceos,"what.time.is.it.intent","Wie spät haben wir  bei {location} jetzt"
skill-ovos-date-time.openvoiceos,"what.time.is.it.intent","Wie spät haben wir  bei {location} momentan"
skill-ovos-date-time.openvoiceos,"what.time.is.it.intent","Wie spät haben wir  bei {location} zur zeit"
skill-ovos-date-time.openvoiceos,"what.time.is.it.intent","Wie spät haben wir  bei {location} zurzeit"
skill-ovos-date-time.openvoiceos,"what.time.is.it.intent","Wie spät haben wir  im moment"
skill-ovos-date-time.openvoiceos,"what.time.is.it.intent","Wie spät haben wir  im moment am {location}"
skill-ovos-date-time.openvoiceos,"what.time.is.it.intent","Wie spät haben wir  im moment an der {location}"
skill-ovos-date-time.openvoiceos,"what.time.is.it.intent","Wie spät haben wir  im moment bei {location}"
skill-ovos-date-time.openvoiceos,"what.time.is.it.intent","Wie spät haben wir  im moment im {location}"
skill-ovos-date-time.openvoiceos,"what.time.is.it.intent","Wie spät haben wir  im moment in {location}"
skill-ovos-date-time.openvoiceos,"what.time.is.it.intent","Wie spät haben wir  im {location}"
skill-ovos-date-time.openvoiceos,"what.time.is.it.intent","Wie spät haben wir  im {location} im moment"
skill-ovos-date-time.openvoiceos,"what.time.is.it.intent","Wie spät haben wir  im {location} in diesem Moment"
skill-ovos-date-time.openvoiceos,"what.time.is.it.intent","Wie spät haben wir  im {location} jetzt"
skill-ovos-date-time.openvoiceos,"what.time.is.it.intent","Wie spät haben wir  im {location} momentan"
skill-ovos-date-time.openvoiceos,"what.time.is.it.intent","Wie spät haben wir  im {location} zur zeit"
skill-ovos-date-time.openvoiceos,"what.time.is.it.intent","Wie spät haben wir  im {location} zurzeit"
skill-ovos-date-time.openvoiceos,"what.time.is.it.intent","Wie spät haben wir  in diesem Moment"
skill-ovos-date-time.openvoiceos,"what.time.is.it.intent","Wie spät haben wir  in diesem Moment am {location}"
skill-ovos-date-time.openvoiceos,"what.time.is.it.intent","Wie spät haben wir  in diesem Moment an der {location}"
skill-ovos-date-time.openvoiceos,"what.time.is.it.intent","Wie spät haben wir  in diesem Moment bei {location}"
skill-ovos-date-time.openvoiceos,"what.time.is.it.intent","Wie spät haben wir  in diesem Moment im {location}"
skill-ovos-date-time.openvoiceos,"what.time.is.it.intent","Wie spät haben wir  in diesem Moment in {location}"
skill-ovos-date-time.openvoiceos,"what.time.is.it.intent","Wie spät haben wir  in {location}"
skill-ovos-date-time.openvoiceos,"what.time.is.it.intent","Wie spät haben wir  in {location} im moment"
skill-ovos-date-time.openvoiceos,"what.time.is.it.intent","Wie spät haben wir  in {location} in diesem Moment"
skill-ovos-date-time.openvoiceos,"what.time.is.it.intent","Wie spät haben wir  in {location} jetzt"
skill-ovos-date-time.openvoiceos,"what.time.is.it.intent","Wie spät haben wir  in {location} momentan"
skill-ovos-date-time.openvoiceos,"what.time.is.it.intent","Wie spät haben wir  in {location} zur zeit"
skill-ovos-date-time.openvoiceos,"what.time.is.it.intent","Wie spät haben wir  in {location} zurzeit"
skill-ovos-date-time.openvoiceos,"what.time.is.it.intent","Wie spät haben wir  jetzt"
skill-ovos-date-time.openvoiceos,"what.time.is.it.intent","Wie spät haben wir  jetzt am {location}"
skill-ovos-date-time.openvoiceos,"what.time.is.it.intent","Wie spät haben wir  jetzt an der {location}"
skill-ovos-date-time.openvoiceos,"what.time.is.it.intent","Wie spät haben wir  jetzt bei {location}"
skill-ovos-date-time.openvoiceos,"what.time.is.it.intent","Wie spät haben wir  jetzt im {location}"
skill-ovos-date-time.openvoiceos,"what.time.is.it.intent","Wie spät haben wir  jetzt in {location}"
skill-ovos-date-time.openvoiceos,"what.time.is.it.intent","Wie spät haben wir  momentan"
skill-ovos-date-time.openvoiceos,"what.time.is.it.intent","Wie spät haben wir  momentan am {location}"
skill-ovos-date-time.openvoiceos,"what.time.is.it.intent","Wie spät haben wir  momentan an der {location}"
skill-ovos-date-time.openvoiceos,"what.time.is.it.intent","Wie spät haben wir  momentan bei {location}"
skill-ovos-date-time.openvoiceos,"what.time.is.it.intent","Wie spät haben wir  momentan im {location}"
skill-ovos-date-time.openvoiceos,"what.time.is.it.intent","Wie spät haben wir  momentan in {location}"
skill-ovos-date-time.openvoiceos,"what.time.is.it.intent","Wie spät haben wir  zur zeit"
skill-ovos-date-time.openvoiceos,"what.time.is.it.intent","Wie spät haben wir  zur zeit am {location}"
skill-ovos-date-time.openvoiceos,"what.time.is.it.intent","Wie spät haben wir  zur zeit an der {location}"
skill-ovos-date-time.openvoiceos,"what.time.is.it.intent","Wie spät haben wir  zur zeit bei {location}"
skill-ovos-date-time.openvoiceos,"what.time.is.it.intent","Wie spät haben wir  zur zeit im {location}"
skill-ovos-date-time.openvoiceos,"what.time.is.it.intent","Wie spät haben wir  zur zeit in {location}"
skill-ovos-date-time.openvoiceos,"what.time.is.it.intent","Wie spät haben wir  zurzeit"
skill-ovos-date-time.openvoiceos,"what.time.is.it.intent","Wie spät haben wir  zurzeit am {location}"
skill-ovos-date-time.openvoiceos,"what.time.is.it.intent","Wie spät haben wir  zurzeit an der {location}"
skill-ovos-date-time.openvoiceos,"what.time.is.it.intent","Wie spät haben wir  zurzeit bei {location}"
skill-ovos-date-time.openvoiceos,"what.time.is.it.intent","Wie spät haben wir  zurzeit im {location}"
skill-ovos-date-time.openvoiceos,"what.time.is.it.intent","Wie spät haben wir  zurzeit in {location}"
skill-ovos-date-time.openvoiceos,"what.time.is.it.intent","Wie spät haben wir es"
skill-ovos-date-time.openvoiceos,"what.time.is.it.intent","Wie spät haben wir es  am {location}"
skill-ovos-date-time.openvoiceos,"what.time.is.it.intent","Wie spät haben wir es  an der {location}"
skill-ovos-date-time.openvoiceos,"what.time.is.it.intent","Wie spät haben wir es  bei {location}"
skill-ovos-date-time.openvoiceos,"what.time.is.it.intent","Wie spät haben wir es  im {location}"
skill-ovos-date-time.openvoiceos,"what.time.is.it.intent","Wie spät haben wir es  in {location}"
skill-ovos-date-time.openvoiceos,"what.time.is.it.intent","Wie spät haben wir es am {location}"
skill-ovos-date-time.openvoiceos,"what.time.is.it.intent","Wie spät haben wir es am {location} im moment"
skill-ovos-date-time.openvoiceos,"what.time.is.it.intent","Wie spät haben wir es am {location} in diesem Moment"
skill-ovos-date-time.openvoiceos,"what.time.is.it.intent","Wie spät haben wir es am {location} jetzt"
skill-ovos-date-time.openvoiceos,"what.time.is.it.intent","Wie spät haben wir es am {location} momentan"
skill-ovos-date-time.openvoiceos,"what.time.is.it.intent","Wie spät haben wir es am {location} zur zeit"
skill-ovos-date-time.openvoiceos,"what.time.is.it.intent","Wie spät haben wir es am {location} zurzeit"
skill-ovos-date-time.openvoiceos,"what.time.is.it.intent","Wie spät haben wir es an der {location}"
skill-ovos-date-time.openvoiceos,"what.time.is.it.intent","Wie spät haben wir es an der {location} im moment"
skill-ovos-date-time.openvoiceos,"what.time.is.it.intent","Wie spät haben wir es an der {location} in diesem Moment"
skill-ovos-date-time.openvoiceos,"what.time.is.it.intent","Wie spät haben wir es an der {location} jetzt"
skill-ovos-date-time.openvoiceos,"what.time.is.it.intent","Wie spät haben wir es an der {location} momentan"
skill-ovos-date-time.openvoiceos,"what.time.is.it.intent","Wie spät haben wir es an der {location} zur zeit"
skill-ovos-date-time.openvoiceos,"what.time.is.it.intent","Wie spät haben wir es an der {location} zurzeit"
skill-ovos-date-time.openvoiceos,"what.time.is.it.intent","Wie spät haben wir es bei {location}"
skill-ovos-date-time.openvoiceos,"what.time.is.it.intent","Wie spät haben wir es bei {location} im moment"
skill-ovos-date-time.openvoiceos,"what.time.is.it.intent","Wie spät haben wir es bei {location} in diesem Moment"
skill-ovos-date-time.openvoiceos,"what.time.is.it.intent","Wie spät haben wir es bei {location} jetzt"
skill-ovos-date-time.openvoiceos,"what.time.is.it.intent","Wie spät haben wir es bei {location} momentan"
skill-ovos-date-time.openvoiceos,"what.time.is.it.intent","Wie spät haben wir es bei {location} zur zeit"
skill-ovos-date-time.openvoiceos,"what.time.is.it.intent","Wie spät haben wir es bei {location} zurzeit"
skill-ovos-date-time.openvoiceos,"what.time.is.it.intent","Wie spät haben wir es im moment"
skill-ovos-date-time.openvoiceos,"what.time.is.it.intent","Wie spät haben wir es im moment am {location}"
skill-ovos-date-time.openvoiceos,"what.time.is.it.intent","Wie spät haben wir es im moment an der {location}"
skill-ovos-date-time.openvoiceos,"what.time.is.it.intent","Wie spät haben wir es im moment bei {location}"
skill-ovos-date-time.openvoiceos,"what.time.is.it.intent","Wie spät haben wir es im moment im {location}"
skill-ovos-date-time.openvoiceos,"what.time.is.it.intent","Wie spät haben wir es im moment in {location}"
skill-ovos-date-time.openvoiceos,"what.time.is.it.intent","Wie spät haben wir es im {location}"
skill-ovos-date-time.openvoiceos,"what.time.is.it.intent","Wie spät haben wir es im {location} im moment"
skill-ovos-date-time.openvoiceos,"what.time.is.it.intent","Wie spät haben wir es im {location} in diesem Moment"
skill-ovos-date-time.openvoiceos,"what.time.is.it.intent","Wie spät haben wir es im {location} jetzt"
skill-ovos-date-time.openvoiceos,"what.time.is.it.intent","Wie spät haben wir es im {location} momentan"
skill-ovos-date-time.openvoiceos,"what.time.is.it.intent","Wie spät haben wir es im {location} zur zeit"
skill-ovos-date-time.openvoiceos,"what.time.is.it.intent","Wie spät haben wir es im {location} zurzeit"
skill-ovos-date-time.openvoiceos,"what.time.is.it.intent","Wie spät haben wir es in diesem Moment"
skill-ovos-date-time.openvoiceos,"what.time.is.it.intent","Wie spät haben wir es in diesem Moment am {location}"
skill-ovos-date-time.openvoiceos,"what.time.is.it.intent","Wie spät haben wir es in diesem Moment an der {location}"
skill-ovos-date-time.openvoiceos,"what.time.is.it.intent","Wie spät haben wir es in diesem Moment bei {location}"
skill-ovos-date-time.openvoiceos,"what.time.is.it.intent","Wie spät haben wir es in diesem Moment im {location}"
skill-ovos-date-time.openvoiceos,"what.time.is.it.intent","Wie spät haben wir es in diesem Moment in {location}"
skill-ovos-date-time.openvoiceos,"what.time.is.it.intent","Wie spät haben wir es in {location}"
skill-ovos-date-time.openvoiceos,"what.time.is.it.intent","Wie spät haben wir es in {location} im moment"
skill-ovos-date-time.openvoiceos,"what.time.is.it.intent","Wie spät haben wir es in {location} in diesem Moment"
skill-ovos-date-time.openvoiceos,"what.time.is.it.intent","Wie spät haben wir es in {location} jetzt"
skill-ovos-date-time.openvoiceos,"what.time.is.it.intent","Wie spät haben wir es in {location} momentan"
skill-ovos-date-time.openvoiceos,"what.time.is.it.intent","Wie spät haben wir es in {location} zur zeit"
skill-ovos-date-time.openvoiceos,"what.time.is.it.intent","Wie spät haben wir es in {location} zurzeit"
skill-ovos-date-time.openvoiceos,"what.time.is.it.intent","Wie spät haben wir es jetzt"
skill-ovos-date-time.openvoiceos,"what.time.is.it.intent","Wie spät haben wir es jetzt am {location}"
skill-ovos-date-time.openvoiceos,"what.time.is.it.intent","Wie spät haben wir es jetzt an der {location}"
skill-ovos-date-time.openvoiceos,"what.time.is.it.intent","Wie spät haben wir es jetzt bei {location}"
skill-ovos-date-time.openvoiceos,"what.time.is.it.intent","Wie spät haben wir es jetzt im {location}"
skill-ovos-date-time.openvoiceos,"what.time.is.it.intent","Wie spät haben wir es jetzt in {location}"
skill-ovos-date-time.openvoiceos,"what.time.is.it.intent","Wie spät haben wir es momentan"
skill-ovos-date-time.openvoiceos,"what.time.is.it.intent","Wie spät haben wir es momentan am {location}"
skill-ovos-date-time.openvoiceos,"what.time.is.it.intent","Wie spät haben wir es momentan an der {location}"
skill-ovos-date-time.openvoiceos,"what.time.is.it.intent","Wie spät haben wir es momentan bei {location}"
skill-ovos-date-time.openvoiceos,"what.time.is.it.intent","Wie spät haben wir es momentan im {location}"
skill-ovos-date-time.openvoiceos,"what.time.is.it.intent","Wie spät haben wir es momentan in {location}"
skill-ovos-date-time.openvoiceos,"what.time.is.it.intent","Wie spät haben wir es zur zeit"
skill-ovos-date-time.openvoiceos,"what.time.is.it.intent","Wie spät haben wir es zur zeit am {location}"
skill-ovos-date-time.openvoiceos,"what.time.is.it.intent","Wie spät haben wir es zur zeit an der {location}"
skill-ovos-date-time.openvoiceos,"what.time.is.it.intent","Wie spät haben wir es zur zeit bei {location}"
skill-ovos-date-time.openvoiceos,"what.time.is.it.intent","Wie spät haben wir es zur zeit im {location}"
skill-ovos-date-time.openvoiceos,"what.time.is.it.intent","Wie spät haben wir es zur zeit in {location}"
skill-ovos-date-time.openvoiceos,"what.time.is.it.intent","Wie spät haben wir es zurzeit"
skill-ovos-date-time.openvoiceos,"what.time.is.it.intent","Wie spät haben wir es zurzeit am {location}"
skill-ovos-date-time.openvoiceos,"what.time.is.it.intent","Wie spät haben wir es zurzeit an der {location}"
skill-ovos-date-time.openvoiceos,"what.time.is.it.intent","Wie spät haben wir es zurzeit bei {location}"
skill-ovos-date-time.openvoiceos,"what.time.is.it.intent","Wie spät haben wir es zurzeit im {location}"
skill-ovos-date-time.openvoiceos,"what.time.is.it.intent","Wie spät haben wir es zurzeit in {location}"
skill-ovos-date-time.openvoiceos,"what.time.is.it.intent","Wie spät ist"
skill-ovos-date-time.openvoiceos,"what.time.is.it.intent","Wie spät ist   am {location}"
skill-ovos-date-time.openvoiceos,"what.time.is.it.intent","Wie spät ist   an der {location}"
skill-ovos-date-time.openvoiceos,"what.time.is.it.intent","Wie spät ist   bei {location}"
skill-ovos-date-time.openvoiceos,"what.time.is.it.intent","Wie spät ist   im {location}"
skill-ovos-date-time.openvoiceos,"what.time.is.it.intent","Wie spät ist   in {location}"
skill-ovos-date-time.openvoiceos,"what.time.is.it.intent","Wie spät ist  am {location}"
skill-ovos-date-time.openvoiceos,"what.time.is.it.intent","Wie spät ist  am {location} im moment"
skill-ovos-date-time.openvoiceos,"what.time.is.it.intent","Wie spät ist  am {location} in diesem Moment"
skill-ovos-date-time.openvoiceos,"what.time.is.it.intent","Wie spät ist  am {location} jetzt"
skill-ovos-date-time.openvoiceos,"what.time.is.it.intent","Wie spät ist  am {location} momentan"
skill-ovos-date-time.openvoiceos,"what.time.is.it.intent","Wie spät ist  am {location} zur zeit"
skill-ovos-date-time.openvoiceos,"what.time.is.it.intent","Wie spät ist  am {location} zurzeit"
skill-ovos-date-time.openvoiceos,"what.time.is.it.intent","Wie spät ist  an der {location}"
skill-ovos-date-time.openvoiceos,"what.time.is.it.intent","Wie spät ist  an der {location} im moment"
skill-ovos-date-time.openvoiceos,"what.time.is.it.intent","Wie spät ist  an der {location} in diesem Moment"
skill-ovos-date-time.openvoiceos,"what.time.is.it.intent","Wie spät ist  an der {location} jetzt"
skill-ovos-date-time.openvoiceos,"what.time.is.it.intent","Wie spät ist  an der {location} momentan"
skill-ovos-date-time.openvoiceos,"what.time.is.it.intent","Wie spät ist  an der {location} zur zeit"
skill-ovos-date-time.openvoiceos,"what.time.is.it.intent","Wie spät ist  an der {location} zurzeit"
skill-ovos-date-time.openvoiceos,"what.time.is.it.intent","Wie spät ist  bei {location}"
skill-ovos-date-time.openvoiceos,"what.time.is.it.intent","Wie spät ist  bei {location} im moment"
skill-ovos-date-time.openvoiceos,"what.time.is.it.intent","Wie spät ist  bei {location} in diesem Moment"
skill-ovos-date-time.openvoiceos,"what.time.is.it.intent","Wie spät ist  bei {location} jetzt"
skill-ovos-date-time.openvoiceos,"what.time.is.it.intent","Wie spät ist  bei {location} momentan"
skill-ovos-date-time.openvoiceos,"what.time.is.it.intent","Wie spät ist  bei {location} zur zeit"
skill-ovos-date-time.openvoiceos,"what.time.is.it.intent","Wie spät ist  bei {location} zurzeit"
skill-ovos-date-time.openvoiceos,"what.time.is.it.intent","Wie spät ist  im moment"
skill-ovos-date-time.openvoiceos,"what.time.is.it.intent","Wie spät ist  im moment am {location}"
skill-ovos-date-time.openvoiceos,"what.time.is.it.intent","Wie spät ist  im moment an der {location}"
skill-ovos-date-time.openvoiceos,"what.time.is.it.intent","Wie spät ist  im moment bei {location}"
skill-ovos-date-time.openvoiceos,"what.time.is.it.intent","Wie spät ist  im moment im {location}"
skill-ovos-date-time.openvoiceos,"what.time.is.it.intent","Wie spät ist  im moment in {location}"
skill-ovos-date-time.openvoiceos,"what.time.is.it.intent","Wie spät ist  im {location}"
skill-ovos-date-time.openvoiceos,"what.time.is.it.intent","Wie spät ist  im {location} im moment"
skill-ovos-date-time.openvoiceos,"what.time.is.it.intent","Wie spät ist  im {location} in diesem Moment"
skill-ovos-date-time.openvoiceos,"what.time.is.it.intent","Wie spät ist  im {location} jetzt"
skill-ovos-date-time.openvoiceos,"what.time.is.it.intent","Wie spät ist  im {location} momentan"
skill-ovos-date-time.openvoiceos,"what.time.is.it.intent","Wie spät ist  im {location} zur zeit"
skill-ovos-date-time.openvoiceos,"what.time.is.it.intent","Wie spät ist  im {location} zurzeit"
skill-ovos-date-time.openvoiceos,"what.time.is.it.intent","Wie spät ist  in diesem Moment"
skill-ovos-date-time.openvoiceos,"what.time.is.it.intent","Wie spät ist  in diesem Moment am {location}"
skill-ovos-date-time.openvoiceos,"what.time.is.it.intent","Wie spät ist  in diesem Moment an der {location}"
skill-ovos-date-time.openvoiceos,"what.time.is.it.intent","Wie spät ist  in diesem Moment bei {location}"
skill-ovos-date-time.openvoiceos,"what.time.is.it.intent","Wie spät ist  in diesem Moment im {location}"
skill-ovos-date-time.openvoiceos,"what.time.is.it.intent","Wie spät ist  in diesem Moment in {location}"
skill-ovos-date-time.openvoiceos,"what.time.is.it.intent","Wie spät ist  in {location}"
skill-ovos-date-time.openvoiceos,"what.time.is.it.intent","Wie spät ist  in {location} im moment"
skill-ovos-date-time.openvoiceos,"what.time.is.it.intent","Wie spät ist  in {location} in diesem Moment"
skill-ovos-date-time.openvoiceos,"what.time.is.it.intent","Wie spät ist  in {location} jetzt"
skill-ovos-date-time.openvoiceos,"what.time.is.it.intent","Wie spät ist  in {location} momentan"
skill-ovos-date-time.openvoiceos,"what.time.is.it.intent","Wie spät ist  in {location} zur zeit"
skill-ovos-date-time.openvoiceos,"what.time.is.it.intent","Wie spät ist  in {location} zurzeit"
skill-ovos-date-time.openvoiceos,"what.time.is.it.intent","Wie spät ist  jetzt"
skill-ovos-date-time.openvoiceos,"what.time.is.it.intent","Wie spät ist  jetzt am {location}"
skill-ovos-date-time.openvoiceos,"what.time.is.it.intent","Wie spät ist  jetzt an der {location}"
skill-ovos-date-time.openvoiceos,"what.time.is.it.intent","Wie spät ist  jetzt bei {location}"
skill-ovos-date-time.openvoiceos,"what.time.is.it.intent","Wie spät ist  jetzt im {location}"
skill-ovos-date-time.openvoiceos,"what.time.is.it.intent","Wie spät ist  jetzt in {location}"
skill-ovos-date-time.openvoiceos,"what.time.is.it.intent","Wie spät ist  momentan"
skill-ovos-date-time.openvoiceos,"what.time.is.it.intent","Wie spät ist  momentan am {location}"
skill-ovos-date-time.openvoiceos,"what.time.is.it.intent","Wie spät ist  momentan an der {location}"
skill-ovos-date-time.openvoiceos,"what.time.is.it.intent","Wie spät ist  momentan bei {location}"
skill-ovos-date-time.openvoiceos,"what.time.is.it.intent","Wie spät ist  momentan im {location}"
skill-ovos-date-time.openvoiceos,"what.time.is.it.intent","Wie spät ist  momentan in {location}"
skill-ovos-date-time.openvoiceos,"what.time.is.it.intent","Wie spät ist  zur zeit"
skill-ovos-date-time.openvoiceos,"what.time.is.it.intent","Wie spät ist  zur zeit am {location}"
skill-ovos-date-time.openvoiceos,"what.time.is.it.intent","Wie spät ist  zur zeit an der {location}"
skill-ovos-date-time.openvoiceos,"what.time.is.it.intent","Wie spät ist  zur zeit bei {location}"
skill-ovos-date-time.openvoiceos,"what.time.is.it.intent","Wie spät ist  zur zeit im {location}"
skill-ovos-date-time.openvoiceos,"what.time.is.it.intent","Wie spät ist  zur zeit in {location}"
skill-ovos-date-time.openvoiceos,"what.time.is.it.intent","Wie spät ist  zurzeit"
skill-ovos-date-time.openvoiceos,"what.time.is.it.intent","Wie spät ist  zurzeit am {location}"
skill-ovos-date-time.openvoiceos,"what.time.is.it.intent","Wie spät ist  zurzeit an der {location}"
skill-ovos-date-time.openvoiceos,"what.time.is.it.intent","Wie spät ist  zurzeit bei {location}"
skill-ovos-date-time.openvoiceos,"what.time.is.it.intent","Wie spät ist  zurzeit im {location}"
skill-ovos-date-time.openvoiceos,"what.time.is.it.intent","Wie spät ist  zurzeit in {location}"
skill-ovos-date-time.openvoiceos,"what.time.is.it.intent","Wie spät ist es"
skill-ovos-date-time.openvoiceos,"what.time.is.it.intent","Wie spät ist es  am {location}"
skill-ovos-date-time.openvoiceos,"what.time.is.it.intent","Wie spät ist es  an der {location}"
skill-ovos-date-time.openvoiceos,"what.time.is.it.intent","Wie spät ist es  bei {location}"
skill-ovos-date-time.openvoiceos,"what.time.is.it.intent","Wie spät ist es  im {location}"
skill-ovos-date-time.openvoiceos,"what.time.is.it.intent","Wie spät ist es  in {location}"
skill-ovos-date-time.openvoiceos,"what.time.is.it.intent","Wie spät ist es am {location}"
skill-ovos-date-time.openvoiceos,"what.time.is.it.intent","Wie spät ist es am {location} im moment"
skill-ovos-date-time.openvoiceos,"what.time.is.it.intent","Wie spät ist es am {location} in diesem Moment"
skill-ovos-date-time.openvoiceos,"what.time.is.it.intent","Wie spät ist es am {location} jetzt"
skill-ovos-date-time.openvoiceos,"what.time.is.it.intent","Wie spät ist es am {location} momentan"
skill-ovos-date-time.openvoiceos,"what.time.is.it.intent","Wie spät ist es am {location} zur zeit"
skill-ovos-date-time.openvoiceos,"what.time.is.it.intent","Wie spät ist es am {location} zurzeit"
skill-ovos-date-time.openvoiceos,"what.time.is.it.intent","Wie spät ist es an der {location}"
skill-ovos-date-time.openvoiceos,"what.time.is.it.intent","Wie spät ist es an der {location} im moment"
skill-ovos-date-time.openvoiceos,"what.time.is.it.intent","Wie spät ist es an der {location} in diesem Moment"
skill-ovos-date-time.openvoiceos,"what.time.is.it.intent","Wie spät ist es an der {location} jetzt"
skill-ovos-date-time.openvoiceos,"what.time.is.it.intent","Wie spät ist es an der {location} momentan"
skill-ovos-date-time.openvoiceos,"what.time.is.it.intent","Wie spät ist es an der {location} zur zeit"
skill-ovos-date-time.openvoiceos,"what.time.is.it.intent","Wie spät ist es an der {location} zurzeit"
skill-ovos-date-time.openvoiceos,"what.time.is.it.intent","Wie spät ist es bei Ihnen?"
skill-ovos-date-time.openvoiceos,"what.time.is.it.intent","Wie spät ist es bei {location}"
skill-ovos-date-time.openvoiceos,"what.time.is.it.intent","Wie spät ist es bei {location} im moment"
skill-ovos-date-time.openvoiceos,"what.time.is.it.intent","Wie spät ist es bei {location} in diesem Moment"
skill-ovos-date-time.openvoiceos,"what.time.is.it.intent","Wie spät ist es bei {location} jetzt"
skill-ovos-date-time.openvoiceos,"what.time.is.it.intent","Wie spät ist es bei {location} momentan"
skill-ovos-date-time.openvoiceos,"what.time.is.it.intent","Wie spät ist es bei {location} zur zeit"
skill-ovos-date-time.openvoiceos,"what.time.is.it.intent","Wie spät ist es bei {location} zurzeit"
skill-ovos-date-time.openvoiceos,"what.time.is.it.intent","Wie spät ist es im Moment?"
skill-ovos-date-time.openvoiceos,"what.time.is.it.intent","Wie spät ist es im moment"
skill-ovos-date-time.openvoiceos,"what.time.is.it.intent","Wie spät ist es im moment am {location}"
skill-ovos-date-time.openvoiceos,"what.time.is.it.intent","Wie spät ist es im moment an der {location}"
skill-ovos-date-time.openvoiceos,"what.time.is.it.intent","Wie spät ist es im moment bei {location}"
skill-ovos-date-time.openvoiceos,"what.time.is.it.intent","Wie spät ist es im moment im {location}"
skill-ovos-date-time.openvoiceos,"what.time.is.it.intent","Wie spät ist es im moment in {location}"
skill-ovos-date-time.openvoiceos,"what.time.is.it.intent","Wie spät ist es im {location}"
skill-ovos-date-time.openvoiceos,"what.time.is.it.intent","Wie spät ist es im {location} im moment"
skill-ovos-date-time.openvoiceos,"what.time.is.it.intent","Wie spät ist es im {location} in diesem Moment"
skill-ovos-date-time.openvoiceos,"what.time.is.it.intent","Wie spät ist es im {location} jetzt"
skill-ovos-date-time.openvoiceos,"what.time.is.it.intent","Wie spät ist es im {location} momentan"
skill-ovos-date-time.openvoiceos,"what.time.is.it.intent","Wie spät ist es im {location} zur zeit"
skill-ovos-date-time.openvoiceos,"what.time.is.it.intent","Wie spät ist es im {location} zurzeit"
skill-ovos-date-time.openvoiceos,"what.time.is.it.intent","Wie spät ist es in diesem Moment"
skill-ovos-date-time.openvoiceos,"what.time.is.it.intent","Wie spät ist es in diesem Moment am {location}"
skill-ovos-date-time.openvoiceos,"what.time.is.it.intent","Wie spät ist es in diesem Moment an der {location}"
skill-ovos-date-time.openvoiceos,"what.time.is.it.intent","Wie spät ist es in diesem Moment bei {location}"
skill-ovos-date-time.openvoiceos,"what.time.is.it.intent","Wie spät ist es in diesem Moment im {location}"
skill-ovos-date-time.openvoiceos,"what.time.is.it.intent","Wie spät ist es in diesem Moment in {location}"
skill-ovos-date-time.openvoiceos,"what.time.is.it.intent","Wie spät ist es in {location}"
skill-ovos-date-time.openvoiceos,"what.time.is.it.intent","Wie spät ist es in {location} im moment"
skill-ovos-date-time.openvoiceos,"what.time.is.it.intent","Wie spät ist es in {location} in diesem Moment"
skill-ovos-date-time.openvoiceos,"what.time.is.it.intent","Wie spät ist es in {location} jetzt"
skill-ovos-date-time.openvoiceos,"what.time.is.it.intent","Wie spät ist es in {location} momentan"
skill-ovos-date-time.openvoiceos,"what.time.is.it.intent","Wie spät ist es in {location} zur zeit"
skill-ovos-date-time.openvoiceos,"what.time.is.it.intent","Wie spät ist es in {location} zurzeit"
skill-ovos-date-time.openvoiceos,"what.time.is.it.intent","Wie spät ist es jetzt"
skill-ovos-date-time.openvoiceos,"what.time.is.it.intent","Wie spät ist es jetzt am {location}"
skill-ovos-date-time.openvoiceos,"what.time.is.it.intent","Wie spät ist es jetzt an der {location}"
skill-ovos-date-time.openvoiceos,"what.time.is.it.intent","Wie spät ist es jetzt bei {location}"
skill-ovos-date-time.openvoiceos,"what.time.is.it.intent","Wie spät ist es jetzt im {location}"
skill-ovos-date-time.openvoiceos,"what.time.is.it.intent","Wie spät ist es jetzt in {location}"
skill-ovos-date-time.openvoiceos,"what.time.is.it.intent","Wie spät ist es laut Ihrer Uhr?"
skill-ovos-date-time.openvoiceos,"what.time.is.it.intent","Wie spät ist es momentan"
skill-ovos-date-time.openvoiceos,"what.time.is.it.intent","Wie spät ist es momentan am {location}"
skill-ovos-date-time.openvoiceos,"what.time.is.it.intent","Wie spät ist es momentan an der {location}"
skill-ovos-date-time.openvoiceos,"what.time.is.it.intent","Wie spät ist es momentan bei {location}"
skill-ovos-date-time.openvoiceos,"what.time.is.it.intent","Wie spät ist es momentan im {location}"
skill-ovos-date-time.openvoiceos,"what.time.is.it.intent","Wie spät ist es momentan in {location}"
skill-ovos-date-time.openvoiceos,"what.time.is.it.intent","Wie spät ist es momentan?"
skill-ovos-date-time.openvoiceos,"what.time.is.it.intent","Wie spät ist es zur zeit"
skill-ovos-date-time.openvoiceos,"what.time.is.it.intent","Wie spät ist es zur zeit am {location}"
skill-ovos-date-time.openvoiceos,"what.time.is.it.intent","Wie spät ist es zur zeit an der {location}"
skill-ovos-date-time.openvoiceos,"what.time.is.it.intent","Wie spät ist es zur zeit bei {location}"
skill-ovos-date-time.openvoiceos,"what.time.is.it.intent","Wie spät ist es zur zeit im {location}"
skill-ovos-date-time.openvoiceos,"what.time.is.it.intent","Wie spät ist es zur zeit in {location}"
skill-ovos-date-time.openvoiceos,"what.time.is.it.intent","Wie spät ist es zurzeit"
skill-ovos-date-time.openvoiceos,"what.time.is.it.intent","Wie spät ist es zurzeit am {location}"
skill-ovos-date-time.openvoiceos,"what.time.is.it.intent","Wie spät ist es zurzeit an der {location}"
skill-ovos-date-time.openvoiceos,"what.time.is.it.intent","Wie spät ist es zurzeit bei {location}"
skill-ovos-date-time.openvoiceos,"what.time.is.it.intent","Wie spät ist es zurzeit im {location}"
skill-ovos-date-time.openvoiceos,"what.time.is.it.intent","Wie spät ist es zurzeit in {location}"
skill-ovos-date-time.openvoiceos,"what.time.is.it.intent","Wie spät ist es, wenn es Ihnen nichts ausmacht?"
skill-ovos-date-time.openvoiceos,"what.time.is.it.intent","Wie spät ist es?"
skill-ovos-date-time.openvoiceos,"what.time.is.it.intent","Zeit jetzt"
skill-ovos-date-time.openvoiceos,"what.time.is.it.intent","Zeit jetzt bitte"
skill-ovos-date-time.openvoiceos,"what.time.is.it.intent","bitte bib mir  die Uhrzeit an"
skill-ovos-date-time.openvoiceos,"what.time.is.it.intent","bitte sag mir die  uhrzeit"
skill-ovos-date-time.openvoiceos,"what.time.is.it.intent","bitte sag mir die  uhrzeit am {location}"
skill-ovos-date-time.openvoiceos,"what.time.is.it.intent","bitte sag mir die  uhrzeit an der {location}"
skill-ovos-date-time.openvoiceos,"what.time.is.it.intent","bitte sag mir die  uhrzeit bei {location}"
skill-ovos-date-time.openvoiceos,"what.time.is.it.intent","bitte sag mir die  uhrzeit im {location}"
skill-ovos-date-time.openvoiceos,"what.time.is.it.intent","bitte sag mir die  uhrzeit in {location}"
skill-ovos-date-time.openvoiceos,"what.time.is.it.intent","bitte sag mir die  zeit"
skill-ovos-date-time.openvoiceos,"what.time.is.it.intent","bitte sag mir die  zeit am {location}"
skill-ovos-date-time.openvoiceos,"what.time.is.it.intent","bitte sag mir die  zeit an der {location}"
skill-ovos-date-time.openvoiceos,"what.time.is.it.intent","bitte sag mir die  zeit bei {location}"
skill-ovos-date-time.openvoiceos,"what.time.is.it.intent","bitte sag mir die  zeit im {location}"
skill-ovos-date-time.openvoiceos,"what.time.is.it.intent","bitte sag mir die  zeit in {location}"
skill-ovos-date-time.openvoiceos,"what.time.is.it.intent","bitte sag mir die aktuelle Uhrzeit"
skill-ovos-date-time.openvoiceos,"what.time.is.it.intent","bitte sag mir die akzuelle uhrzeit"
skill-ovos-date-time.openvoiceos,"what.time.is.it.intent","bitte sag mir die akzuelle uhrzeit am {location}"
skill-ovos-date-time.openvoiceos,"what.time.is.it.intent","bitte sag mir die akzuelle uhrzeit an der {location}"
skill-ovos-date-time.openvoiceos,"what.time.is.it.intent","bitte sag mir die akzuelle uhrzeit bei {location}"
skill-ovos-date-time.openvoiceos,"what.time.is.it.intent","bitte sag mir die akzuelle uhrzeit im {location}"
skill-ovos-date-time.openvoiceos,"what.time.is.it.intent","bitte sag mir die akzuelle uhrzeit in {location}"
skill-ovos-date-time.openvoiceos,"what.time.is.it.intent","bitte sag mir die akzuelle zeit"
skill-ovos-date-time.openvoiceos,"what.time.is.it.intent","bitte sag mir die akzuelle zeit am {location}"
skill-ovos-date-time.openvoiceos,"what.time.is.it.intent","bitte sag mir die akzuelle zeit an der {location}"
skill-ovos-date-time.openvoiceos,"what.time.is.it.intent","bitte sag mir die akzuelle zeit bei {location}"
skill-ovos-date-time.openvoiceos,"what.time.is.it.intent","bitte sag mir die akzuelle zeit im {location}"
skill-ovos-date-time.openvoiceos,"what.time.is.it.intent","bitte sag mir die akzuelle zeit in {location}"
skill-ovos-date-time.openvoiceos,"what.time.is.it.intent","bitte sage mir die  uhrzeit"
skill-ovos-date-time.openvoiceos,"what.time.is.it.intent","bitte sage mir die  uhrzeit am {location}"
skill-ovos-date-time.openvoiceos,"what.time.is.it.intent","bitte sage mir die  uhrzeit an der {location}"
skill-ovos-date-time.openvoiceos,"what.time.is.it.intent","bitte sage mir die  uhrzeit bei {location}"
skill-ovos-date-time.openvoiceos,"what.time.is.it.intent","bitte sage mir die  uhrzeit im {location}"
skill-ovos-date-time.openvoiceos,"what.time.is.it.intent","bitte sage mir die  uhrzeit in {location}"
skill-ovos-date-time.openvoiceos,"what.time.is.it.intent","bitte sage mir die  zeit"
skill-ovos-date-time.openvoiceos,"what.time.is.it.intent","bitte sage mir die  zeit am {location}"
skill-ovos-date-time.openvoiceos,"what.time.is.it.intent","bitte sage mir die  zeit an der {location}"
skill-ovos-date-time.openvoiceos,"what.time.is.it.intent","bitte sage mir die  zeit bei {location}"
skill-ovos-date-time.openvoiceos,"what.time.is.it.intent","bitte sage mir die  zeit im {location}"
skill-ovos-date-time.openvoiceos,"what.time.is.it.intent","bitte sage mir die  zeit in {location}"
skill-ovos-date-time.openvoiceos,"what.time.is.it.intent","bitte sage mir die akzuelle uhrzeit"
skill-ovos-date-time.openvoiceos,"what.time.is.it.intent","bitte sage mir die akzuelle uhrzeit am {location}"
skill-ovos-date-time.openvoiceos,"what.time.is.it.intent","bitte sage mir die akzuelle uhrzeit an der {location}"
skill-ovos-date-time.openvoiceos,"what.time.is.it.intent","bitte sage mir die akzuelle uhrzeit bei {location}"
skill-ovos-date-time.openvoiceos,"what.time.is.it.intent","bitte sage mir die akzuelle uhrzeit im {location}"
skill-ovos-date-time.openvoiceos,"what.time.is.it.intent","bitte sage mir die akzuelle uhrzeit in {location}"
skill-ovos-date-time.openvoiceos,"what.time.is.it.intent","bitte sage mir die akzuelle zeit"
skill-ovos-date-time.openvoiceos,"what.time.is.it.intent","bitte sage mir die akzuelle zeit am {location}"
skill-ovos-date-time.openvoiceos,"what.time.is.it.intent","bitte sage mir die akzuelle zeit an der {location}"
skill-ovos-date-time.openvoiceos,"what.time.is.it.intent","bitte sage mir die akzuelle zeit bei {location}"
skill-ovos-date-time.openvoiceos,"what.time.is.it.intent","bitte sage mir die akzuelle zeit im {location}"
skill-ovos-date-time.openvoiceos,"what.time.is.it.intent","bitte sage mir die akzuelle zeit in {location}"
skill-ovos-date-time.openvoiceos,"what.time.is.it.intent","die Uhrzeit bitte"
skill-ovos-date-time.openvoiceos,"what.time.is.it.intent","die Uhrzeit jetzt"
skill-ovos-date-time.openvoiceos,"what.time.is.it.intent","die Zeit"
skill-ovos-date-time.openvoiceos,"what.time.is.it.intent","geb mir die  uhrzeit"
skill-ovos-date-time.openvoiceos,"what.time.is.it.intent","geb mir die  uhrzeit am {location}"
skill-ovos-date-time.openvoiceos,"what.time.is.it.intent","geb mir die  uhrzeit an der {location}"
skill-ovos-date-time.openvoiceos,"what.time.is.it.intent","geb mir die  uhrzeit aus {location}"
skill-ovos-date-time.openvoiceos,"what.time.is.it.intent","geb mir die  uhrzeit bei {location}"
skill-ovos-date-time.openvoiceos,"what.time.is.it.intent","geb mir die  uhrzeit im {location}"
skill-ovos-date-time.openvoiceos,"what.time.is.it.intent","geb mir die  uhrzeit in {location}"
skill-ovos-date-time.openvoiceos,"what.time.is.it.intent","geb mir die  uhrzeit von {location}"
skill-ovos-date-time.openvoiceos,"what.time.is.it.intent","geb mir die  zeit"
skill-ovos-date-time.openvoiceos,"what.time.is.it.intent","geb mir die  zeit am {location}"
skill-ovos-date-time.openvoiceos,"what.time.is.it.intent","geb mir die  zeit an der {location}"
skill-ovos-date-time.openvoiceos,"what.time.is.it.intent","geb mir die  zeit aus {location}"
skill-ovos-date-time.openvoiceos,"what.time.is.it.intent","geb mir die  zeit bei {location}"
skill-ovos-date-time.openvoiceos,"what.time.is.it.intent","geb mir die  zeit im {location}"
skill-ovos-date-time.openvoiceos,"what.time.is.it.intent","geb mir die  zeit in {location}"
skill-ovos-date-time.openvoiceos,"what.time.is.it.intent","geb mir die  zeit von {location}"
skill-ovos-date-time.openvoiceos,"what.time.is.it.intent","geb mir die aktuelle uhrzeit"
skill-ovos-date-time.openvoiceos,"what.time.is.it.intent","geb mir die aktuelle uhrzeit am {location}"
skill-ovos-date-time.openvoiceos,"what.time.is.it.intent","geb mir die aktuelle uhrzeit an der {location}"
skill-ovos-date-time.openvoiceos,"what.time.is.it.intent","geb mir die aktuelle uhrzeit aus {location}"
skill-ovos-date-time.openvoiceos,"what.time.is.it.intent","geb mir die aktuelle uhrzeit bei {location}"
skill-ovos-date-time.openvoiceos,"what.time.is.it.intent","geb mir die aktuelle uhrzeit im {location}"
skill-ovos-date-time.openvoiceos,"what.time.is.it.intent","geb mir die aktuelle uhrzeit in {location}"
skill-ovos-date-time.openvoiceos,"what.time.is.it.intent","geb mir die aktuelle uhrzeit von {location}"
skill-ovos-date-time.openvoiceos,"what.time.is.it.intent","geb mir die aktuelle zeit"
skill-ovos-date-time.openvoiceos,"what.time.is.it.intent","geb mir die aktuelle zeit am {location}"
skill-ovos-date-time.openvoiceos,"what.time.is.it.intent","geb mir die aktuelle zeit an der {location}"
skill-ovos-date-time.openvoiceos,"what.time.is.it.intent","geb mir die aktuelle zeit aus {location}"
skill-ovos-date-time.openvoiceos,"what.time.is.it.intent","geb mir die aktuelle zeit bei {location}"
skill-ovos-date-time.openvoiceos,"what.time.is.it.intent","geb mir die aktuelle zeit im {location}"
skill-ovos-date-time.openvoiceos,"what.time.is.it.intent","geb mir die aktuelle zeit in {location}"
skill-ovos-date-time.openvoiceos,"what.time.is.it.intent","geb mir die aktuelle zeit von {location}"
skill-ovos-date-time.openvoiceos,"what.time.is.it.intent","geb mir die momentane uhrzeit"
skill-ovos-date-time.openvoiceos,"what.time.is.it.intent","geb mir die momentane uhrzeit am {location}"
skill-ovos-date-time.openvoiceos,"what.time.is.it.intent","geb mir die momentane uhrzeit an der {location}"
skill-ovos-date-time.openvoiceos,"what.time.is.it.intent","geb mir die momentane uhrzeit aus {location}"
skill-ovos-date-time.openvoiceos,"what.time.is.it.intent","geb mir die momentane uhrzeit bei {location}"
skill-ovos-date-time.openvoiceos,"what.time.is.it.intent","geb mir die momentane uhrzeit im {location}"
skill-ovos-date-time.openvoiceos,"what.time.is.it.intent","geb mir die momentane uhrzeit in {location}"
skill-ovos-date-time.openvoiceos,"what.time.is.it.intent","geb mir die momentane uhrzeit von {location}"
skill-ovos-date-time.openvoiceos,"what.time.is.it.intent","geb mir die momentane zeit"
skill-ovos-date-time.openvoiceos,"what.time.is.it.intent","geb mir die momentane zeit am {location}"
skill-ovos-date-time.openvoiceos,"what.time.is.it.intent","geb mir die momentane zeit an der {location}"
skill-ovos-date-time.openvoiceos,"what.time.is.it.intent","geb mir die momentane zeit aus {location}"
skill-ovos-date-time.openvoiceos,"what.time.is.it.intent","geb mir die momentane zeit bei {location}"
skill-ovos-date-time.openvoiceos,"what.time.is.it.intent","geb mir die momentane zeit im {location}"
skill-ovos-date-time.openvoiceos,"what.time.is.it.intent","geb mir die momentane zeit in {location}"
skill-ovos-date-time.openvoiceos,"what.time.is.it.intent","geb mir die momentane zeit von {location}"
skill-ovos-date-time.openvoiceos,"what.time.is.it.intent","gebe mir die  uhrzeit"
skill-ovos-date-time.openvoiceos,"what.time.is.it.intent","gebe mir die  uhrzeit am {location}"
skill-ovos-date-time.openvoiceos,"what.time.is.it.intent","gebe mir die  uhrzeit an der {location}"
skill-ovos-date-time.openvoiceos,"what.time.is.it.intent","gebe mir die  uhrzeit aus {location}"
skill-ovos-date-time.openvoiceos,"what.time.is.it.intent","gebe mir die  uhrzeit bei {location}"
skill-ovos-date-time.openvoiceos,"what.time.is.it.intent","gebe mir die  uhrzeit im {location}"
skill-ovos-date-time.openvoiceos,"what.time.is.it.intent","gebe mir die  uhrzeit in {location}"
skill-ovos-date-time.openvoiceos,"what.time.is.it.intent","gebe mir die  uhrzeit von {location}"
skill-ovos-date-time.openvoiceos,"what.time.is.it.intent","gebe mir die  zeit"
skill-ovos-date-time.openvoiceos,"what.time.is.it.intent","gebe mir die  zeit am {location}"
skill-ovos-date-time.openvoiceos,"what.time.is.it.intent","gebe mir die  zeit an der {location}"
skill-ovos-date-time.openvoiceos,"what.time.is.it.intent","gebe mir die  zeit aus {location}"
skill-ovos-date-time.openvoiceos,"what.time.is.it.intent","gebe mir die  zeit bei {location}"
skill-ovos-date-time.openvoiceos,"what.time.is.it.intent","gebe mir die  zeit im {location}"
skill-ovos-date-time.openvoiceos,"what.time.is.it.intent","gebe mir die  zeit in {location}"
skill-ovos-date-time.openvoiceos,"what.time.is.it.intent","gebe mir die  zeit von {location}"
skill-ovos-date-time.openvoiceos,"what.time.is.it.intent","gebe mir die aktuelle uhrzeit"
skill-ovos-date-time.openvoiceos,"what.time.is.it.intent","gebe mir die aktuelle uhrzeit am {location}"
skill-ovos-date-time.openvoiceos,"what.time.is.it.intent","gebe mir die aktuelle uhrzeit an der {location}"
skill-ovos-date-time.openvoiceos,"what.time.is.it.intent","gebe mir die aktuelle uhrzeit aus {location}"
skill-ovos-date-time.openvoiceos,"what.time.is.it.intent","gebe mir die aktuelle uhrzeit bei {location}"
skill-ovos-date-time.openvoiceos,"what.time.is.it.intent","gebe mir die aktuelle uhrzeit im {location}"
skill-ovos-date-time.openvoiceos,"what.time.is.it.intent","gebe mir die aktuelle uhrzeit in {location}"
skill-ovos-date-time.openvoiceos,"what.time.is.it.intent","gebe mir die aktuelle uhrzeit von {location}"
skill-ovos-date-time.openvoiceos,"what.time.is.it.intent","gebe mir die aktuelle zeit"
skill-ovos-date-time.openvoiceos,"what.time.is.it.intent","gebe mir die aktuelle zeit am {location}"
skill-ovos-date-time.openvoiceos,"what.time.is.it.intent","gebe mir die aktuelle zeit an der {location}"
skill-ovos-date-time.openvoiceos,"what.time.is.it.intent","gebe mir die aktuelle zeit aus {location}"
skill-ovos-date-time.openvoiceos,"what.time.is.it.intent","gebe mir die aktuelle zeit bei {location}"
skill-ovos-date-time.openvoiceos,"what.time.is.it.intent","gebe mir die aktuelle zeit im {location}"
skill-ovos-date-time.openvoiceos,"what.time.is.it.intent","gebe mir die aktuelle zeit in {location}"
skill-ovos-date-time.openvoiceos,"what.time.is.it.intent","gebe mir die aktuelle zeit von {location}"
skill-ovos-date-time.openvoiceos,"what.time.is.it.intent","gebe mir die momentane uhrzeit"
skill-ovos-date-time.openvoiceos,"what.time.is.it.intent","gebe mir die momentane uhrzeit am {location}"
skill-ovos-date-time.openvoiceos,"what.time.is.it.intent","gebe mir die momentane uhrzeit an der {location}"
skill-ovos-date-time.openvoiceos,"what.time.is.it.intent","gebe mir die momentane uhrzeit aus {location}"
skill-ovos-date-time.openvoiceos,"what.time.is.it.intent","gebe mir die momentane uhrzeit bei {location}"
skill-ovos-date-time.openvoiceos,"what.time.is.it.intent","gebe mir die momentane uhrzeit im {location}"
skill-ovos-date-time.openvoiceos,"what.time.is.it.intent","gebe mir die momentane uhrzeit in {location}"
skill-ovos-date-time.openvoiceos,"what.time.is.it.intent","gebe mir die momentane uhrzeit von {location}"
skill-ovos-date-time.openvoiceos,"what.time.is.it.intent","gebe mir die momentane zeit"
skill-ovos-date-time.openvoiceos,"what.time.is.it.intent","gebe mir die momentane zeit am {location}"
skill-ovos-date-time.openvoiceos,"what.time.is.it.intent","gebe mir die momentane zeit an der {location}"
skill-ovos-date-time.openvoiceos,"what.time.is.it.intent","gebe mir die momentane zeit aus {location}"
skill-ovos-date-time.openvoiceos,"what.time.is.it.intent","gebe mir die momentane zeit bei {location}"
skill-ovos-date-time.openvoiceos,"what.time.is.it.intent","gebe mir die momentane zeit im {location}"
skill-ovos-date-time.openvoiceos,"what.time.is.it.intent","gebe mir die momentane zeit in {location}"
skill-ovos-date-time.openvoiceos,"what.time.is.it.intent","gebe mir die momentane zeit von {location}"
skill-ovos-date-time.openvoiceos,"what.time.is.it.intent","gib mir die  uhrzeit"
skill-ovos-date-time.openvoiceos,"what.time.is.it.intent","gib mir die  uhrzeit am {location}"
skill-ovos-date-time.openvoiceos,"what.time.is.it.intent","gib mir die  uhrzeit an der {location}"
skill-ovos-date-time.openvoiceos,"what.time.is.it.intent","gib mir die  uhrzeit aus {location}"
skill-ovos-date-time.openvoiceos,"what.time.is.it.intent","gib mir die  uhrzeit bei {location}"
skill-ovos-date-time.openvoiceos,"what.time.is.it.intent","gib mir die  uhrzeit im {location}"
skill-ovos-date-time.openvoiceos,"what.time.is.it.intent","gib mir die  uhrzeit in {location}"
skill-ovos-date-time.openvoiceos,"what.time.is.it.intent","gib mir die  uhrzeit von {location}"
skill-ovos-date-time.openvoiceos,"what.time.is.it.intent","gib mir die  zeit"
skill-ovos-date-time.openvoiceos,"what.time.is.it.intent","gib mir die  zeit am {location}"
skill-ovos-date-time.openvoiceos,"what.time.is.it.intent","gib mir die  zeit an der {location}"
skill-ovos-date-time.openvoiceos,"what.time.is.it.intent","gib mir die  zeit aus {location}"
skill-ovos-date-time.openvoiceos,"what.time.is.it.intent","gib mir die  zeit bei {location}"
skill-ovos-date-time.openvoiceos,"what.time.is.it.intent","gib mir die  zeit im {location}"
skill-ovos-date-time.openvoiceos,"what.time.is.it.intent","gib mir die  zeit in {location}"
skill-ovos-date-time.openvoiceos,"what.time.is.it.intent","gib mir die  zeit von {location}"
skill-ovos-date-time.openvoiceos,"what.time.is.it.intent","gib mir die aktuelle Zeit"
skill-ovos-date-time.openvoiceos,"what.time.is.it.intent","gib mir die aktuelle uhrzeit"
skill-ovos-date-time.openvoiceos,"what.time.is.it.intent","gib mir die aktuelle uhrzeit am {location}"
skill-ovos-date-time.openvoiceos,"what.time.is.it.intent","gib mir die aktuelle uhrzeit an der {location}"
skill-ovos-date-time.openvoiceos,"what.time.is.it.intent","gib mir die aktuelle uhrzeit aus {location}"
skill-ovos-date-time.openvoiceos,"what.time.is.it.intent","gib mir die aktuelle uhrzeit bei {location}"
skill-ovos-date-time.openvoiceos,"what.time.is.it.intent","gib mir die aktuelle uhrzeit im {location}"
skill-ovos-date-time.openvoiceos,"what.time.is.it.intent","gib mir die aktuelle uhrzeit in {location}"
skill-ovos-date-time.openvoiceos,"what.time.is.it.intent","gib mir die aktuelle uhrzeit von {location}"
skill-ovos-date-time.openvoiceos,"what.time.is.it.intent","gib mir die aktuelle zeit"
skill-ovos-date-time.openvoiceos,"what.time.is.it.intent","gib mir die aktuelle zeit am {location}"
skill-ovos-date-time.openvoiceos,"what.time.is.it.intent","gib mir die aktuelle zeit an der {location}"
skill-ovos-date-time.openvoiceos,"what.time.is.it.intent","gib mir die aktuelle zeit aus {location}"
skill-ovos-date-time.openvoiceos,"what.time.is.it.intent","gib mir die aktuelle zeit bei {location}"
skill-ovos-date-time.openvoiceos,"what.time.is.it.intent","gib mir die aktuelle zeit im {location}"
skill-ovos-date-time.openvoiceos,"what.time.is.it.intent","gib mir die aktuelle zeit in {location}"
skill-ovos-date-time.openvoiceos,"what.time.is.it.intent","gib mir die aktuelle zeit von {location}"
skill-ovos-date-time.openvoiceos,"what.time.is.it.intent","gib mir die momentane uhrzeit"
skill-ovos-date-time.openvoiceos,"what.time.is.it.intent","gib mir die momentane uhrzeit am {location}"
skill-ovos-date-time.openvoiceos,"what.time.is.it.intent","gib mir die momentane uhrzeit an der {location}"
skill-ovos-date-time.openvoiceos,"what.time.is.it.intent","gib mir die momentane uhrzeit aus {location}"
skill-ovos-date-time.openvoiceos,"what.time.is.it.intent","gib mir die momentane uhrzeit bei {location}"
skill-ovos-date-time.openvoiceos,"what.time.is.it.intent","gib mir die momentane uhrzeit im {location}"
skill-ovos-date-time.openvoiceos,"what.time.is.it.intent","gib mir die momentane uhrzeit in {location}"
skill-ovos-date-time.openvoiceos,"what.time.is.it.intent","gib mir die momentane uhrzeit von {location}"
skill-ovos-date-time.openvoiceos,"what.time.is.it.intent","gib mir die momentane zeit"
skill-ovos-date-time.openvoiceos,"what.time.is.it.intent","gib mir die momentane zeit am {location}"
skill-ovos-date-time.openvoiceos,"what.time.is.it.intent","gib mir die momentane zeit an der {location}"
skill-ovos-date-time.openvoiceos,"what.time.is.it.intent","gib mir die momentane zeit aus {location}"
skill-ovos-date-time.openvoiceos,"what.time.is.it.intent","gib mir die momentane zeit bei {location}"
skill-ovos-date-time.openvoiceos,"what.time.is.it.intent","gib mir die momentane zeit im {location}"
skill-ovos-date-time.openvoiceos,"what.time.is.it.intent","gib mir die momentane zeit in {location}"
skill-ovos-date-time.openvoiceos,"what.time.is.it.intent","gib mir die momentane zeit von {location}"
skill-ovos-date-time.openvoiceos,"what.time.is.it.intent","hast du die aktuelle Uhrzeit"
skill-ovos-date-time.openvoiceos,"what.time.is.it.intent","hast du die uhrzeit"
skill-ovos-date-time.openvoiceos,"what.time.is.it.intent","hast du die uhrzeit am {location}"
skill-ovos-date-time.openvoiceos,"what.time.is.it.intent","hast du die uhrzeit an der {location}"
skill-ovos-date-time.openvoiceos,"what.time.is.it.intent","hast du die uhrzeit bei {location}"
skill-ovos-date-time.openvoiceos,"what.time.is.it.intent","hast du die uhrzeit für {location}"
skill-ovos-date-time.openvoiceos,"what.time.is.it.intent","hast du die uhrzeit im {location}"
skill-ovos-date-time.openvoiceos,"what.time.is.it.intent","hast du die uhrzeit in {location}"
skill-ovos-date-time.openvoiceos,"what.time.is.it.intent","hast du die zeit"
skill-ovos-date-time.openvoiceos,"what.time.is.it.intent","hast du die zeit am {location}"
skill-ovos-date-time.openvoiceos,"what.time.is.it.intent","hast du die zeit an der {location}"
skill-ovos-date-time.openvoiceos,"what.time.is.it.intent","hast du die zeit bei {location}"
skill-ovos-date-time.openvoiceos,"what.time.is.it.intent","hast du die zeit für {location}"
skill-ovos-date-time.openvoiceos,"what.time.is.it.intent","hast du die zeit im {location}"
skill-ovos-date-time.openvoiceos,"what.time.is.it.intent","hast du die zeit in {location}"
skill-ovos-date-time.openvoiceos,"what.time.is.it.intent","kannst Du mir die Uhrzeit mitteilen"
skill-ovos-date-time.openvoiceos,"what.time.is.it.intent","kannst du mir die Zeit sagen"
skill-ovos-date-time.openvoiceos,"what.time.is.it.intent","lass mich die aktuelle Zeit wissen"
skill-ovos-date-time.openvoiceos,"what.time.is.it.intent","mir die  uhrzeit"
skill-ovos-date-time.openvoiceos,"what.time.is.it.intent","mir die  uhrzeit am {location}"
skill-ovos-date-time.openvoiceos,"what.time.is.it.intent","mir die  uhrzeit an der {location}"
skill-ovos-date-time.openvoiceos,"what.time.is.it.intent","mir die  uhrzeit aus {location}"
skill-ovos-date-time.openvoiceos,"what.time.is.it.intent","mir die  uhrzeit bei {location}"
skill-ovos-date-time.openvoiceos,"what.time.is.it.intent","mir die  uhrzeit im {location}"
skill-ovos-date-time.openvoiceos,"what.time.is.it.intent","mir die  uhrzeit in {location}"
skill-ovos-date-time.openvoiceos,"what.time.is.it.intent","mir die  uhrzeit von {location}"
skill-ovos-date-time.openvoiceos,"what.time.is.it.intent","mir die  zeit"
skill-ovos-date-time.openvoiceos,"what.time.is.it.intent","mir die  zeit am {location}"
skill-ovos-date-time.openvoiceos,"what.time.is.it.intent","mir die  zeit an der {location}"
skill-ovos-date-time.openvoiceos,"what.time.is.it.intent","mir die  zeit aus {location}"
skill-ovos-date-time.openvoiceos,"what.time.is.it.intent","mir die  zeit bei {location}"
skill-ovos-date-time.openvoiceos,"what.time.is.it.intent","mir die  zeit im {location}"
skill-ovos-date-time.openvoiceos,"what.time.is.it.intent","mir die  zeit in {location}"
skill-ovos-date-time.openvoiceos,"what.time.is.it.intent","mir die  zeit von {location}"
skill-ovos-date-time.openvoiceos,"what.time.is.it.intent","mir die aktuelle uhrzeit"
skill-ovos-date-time.openvoiceos,"what.time.is.it.intent","mir die aktuelle uhrzeit am {location}"
skill-ovos-date-time.openvoiceos,"what.time.is.it.intent","mir die aktuelle uhrzeit an der {location}"
skill-ovos-date-time.openvoiceos,"what.time.is.it.intent","mir die aktuelle uhrzeit aus {location}"
skill-ovos-date-time.openvoiceos,"what.time.is.it.intent","mir die aktuelle uhrzeit bei {location}"
skill-ovos-date-time.openvoiceos,"what.time.is.it.intent","mir die aktuelle uhrzeit im {location}"
skill-ovos-date-time.openvoiceos,"what.time.is.it.intent","mir die aktuelle uhrzeit in {location}"
skill-ovos-date-time.openvoiceos,"what.time.is.it.intent","mir die aktuelle uhrzeit von {location}"
skill-ovos-date-time.openvoiceos,"what.time.is.it.intent","mir die aktuelle zeit"
skill-ovos-date-time.openvoiceos,"what.time.is.it.intent","mir die aktuelle zeit am {location}"
skill-ovos-date-time.openvoiceos,"what.time.is.it.intent","mir die aktuelle zeit an der {location}"
skill-ovos-date-time.openvoiceos,"what.time.is.it.intent","mir die aktuelle zeit aus {location}"
skill-ovos-date-time.openvoiceos,"what.time.is.it.intent","mir die aktuelle zeit bei {location}"
skill-ovos-date-time.openvoiceos,"what.time.is.it.intent","mir die aktuelle zeit im {location}"
skill-ovos-date-time.openvoiceos,"what.time.is.it.intent","mir die aktuelle zeit in {location}"
skill-ovos-date-time.openvoiceos,"what.time.is.it.intent","mir die aktuelle zeit von {location}"
skill-ovos-date-time.openvoiceos,"what.time.is.it.intent","mir die momentane uhrzeit"
skill-ovos-date-time.openvoiceos,"what.time.is.it.intent","mir die momentane uhrzeit am {location}"
skill-ovos-date-time.openvoiceos,"what.time.is.it.intent","mir die momentane uhrzeit an der {location}"
skill-ovos-date-time.openvoiceos,"what.time.is.it.intent","mir die momentane uhrzeit aus {location}"
skill-ovos-date-time.openvoiceos,"what.time.is.it.intent","mir die momentane uhrzeit bei {location}"
skill-ovos-date-time.openvoiceos,"what.time.is.it.intent","mir die momentane uhrzeit im {location}"
skill-ovos-date-time.openvoiceos,"what.time.is.it.intent","mir die momentane uhrzeit in {location}"
skill-ovos-date-time.openvoiceos,"what.time.is.it.intent","mir die momentane uhrzeit von {location}"
skill-ovos-date-time.openvoiceos,"what.time.is.it.intent","mir die momentane zeit"
skill-ovos-date-time.openvoiceos,"what.time.is.it.intent","mir die momentane zeit am {location}"
skill-ovos-date-time.openvoiceos,"what.time.is.it.intent","mir die momentane zeit an der {location}"
skill-ovos-date-time.openvoiceos,"what.time.is.it.intent","mir die momentane zeit aus {location}"
skill-ovos-date-time.openvoiceos,"what.time.is.it.intent","mir die momentane zeit bei {location}"
skill-ovos-date-time.openvoiceos,"what.time.is.it.intent","mir die momentane zeit im {location}"
skill-ovos-date-time.openvoiceos,"what.time.is.it.intent","mir die momentane zeit in {location}"
skill-ovos-date-time.openvoiceos,"what.time.is.it.intent","mir die momentane zeit von {location}"
skill-ovos-date-time.openvoiceos,"what.time.is.it.intent","nenn mir die  uhrzeit"
skill-ovos-date-time.openvoiceos,"what.time.is.it.intent","nenn mir die  uhrzeit am {location}"
skill-ovos-date-time.openvoiceos,"what.time.is.it.intent","nenn mir die  uhrzeit an der {location}"
skill-ovos-date-time.openvoiceos,"what.time.is.it.intent","nenn mir die  uhrzeit aus {location}"
skill-ovos-date-time.openvoiceos,"what.time.is.it.intent","nenn mir die  uhrzeit bei {location}"
skill-ovos-date-time.openvoiceos,"what.time.is.it.intent","nenn mir die  uhrzeit im {location}"
skill-ovos-date-time.openvoiceos,"what.time.is.it.intent","nenn mir die  uhrzeit in {location}"
skill-ovos-date-time.openvoiceos,"what.time.is.it.intent","nenn mir die  uhrzeit von {location}"
skill-ovos-date-time.openvoiceos,"what.time.is.it.intent","nenn mir die  zeit"
skill-ovos-date-time.openvoiceos,"what.time.is.it.intent","nenn mir die  zeit am {location}"
skill-ovos-date-time.openvoiceos,"what.time.is.it.intent","nenn mir die  zeit an der {location}"
skill-ovos-date-time.openvoiceos,"what.time.is.it.intent","nenn mir die  zeit aus {location}"
skill-ovos-date-time.openvoiceos,"what.time.is.it.intent","nenn mir die  zeit bei {location}"
skill-ovos-date-time.openvoiceos,"what.time.is.it.intent","nenn mir die  zeit im {location}"
skill-ovos-date-time.openvoiceos,"what.time.is.it.intent","nenn mir die  zeit in {location}"
skill-ovos-date-time.openvoiceos,"what.time.is.it.intent","nenn mir die  zeit von {location}"
skill-ovos-date-time.openvoiceos,"what.time.is.it.intent","nenn mir die aktuelle uhrzeit"
skill-ovos-date-time.openvoiceos,"what.time.is.it.intent","nenn mir die aktuelle uhrzeit am {location}"
skill-ovos-date-time.openvoiceos,"what.time.is.it.intent","nenn mir die aktuelle uhrzeit an der {location}"
skill-ovos-date-time.openvoiceos,"what.time.is.it.intent","nenn mir die aktuelle uhrzeit aus {location}"
skill-ovos-date-time.openvoiceos,"what.time.is.it.intent","nenn mir die aktuelle uhrzeit bei {location}"
skill-ovos-date-time.openvoiceos,"what.time.is.it.intent","nenn mir die aktuelle uhrzeit im {location}"
skill-ovos-date-time.openvoiceos,"what.time.is.it.intent","nenn mir die aktuelle uhrzeit in {location}"
skill-ovos-date-time.openvoiceos,"what.time.is.it.intent","nenn mir die aktuelle uhrzeit von {location}"
skill-ovos-date-time.openvoiceos,"what.time.is.it.intent","nenn mir die aktuelle zeit"
skill-ovos-date-time.openvoiceos,"what.time.is.it.intent","nenn mir die aktuelle zeit am {location}"
skill-ovos-date-time.openvoiceos,"what.time.is.it.intent","nenn mir die aktuelle zeit an der {location}"
skill-ovos-date-time.openvoiceos,"what.time.is.it.intent","nenn mir die aktuelle zeit aus {location}"
skill-ovos-date-time.openvoiceos,"what.time.is.it.intent","nenn mir die aktuelle zeit bei {location}"
skill-ovos-date-time.openvoiceos,"what.time.is.it.intent","nenn mir die aktuelle zeit im {location}"
skill-ovos-date-time.openvoiceos,"what.time.is.it.intent","nenn mir die aktuelle zeit in {location}"
skill-ovos-date-time.openvoiceos,"what.time.is.it.intent","nenn mir die aktuelle zeit von {location}"
skill-ovos-date-time.openvoiceos,"what.time.is.it.intent","nenn mir die momentane uhrzeit"
skill-ovos-date-time.openvoiceos,"what.time.is.it.intent","nenn mir die momentane uhrzeit am {location}"
skill-ovos-date-time.openvoiceos,"what.time.is.it.intent","nenn mir die momentane uhrzeit an der {location}"
skill-ovos-date-time.openvoiceos,"what.time.is.it.intent","nenn mir die momentane uhrzeit aus {location}"
skill-ovos-date-time.openvoiceos,"what.time.is.it.intent","nenn mir die momentane uhrzeit bei {location}"
skill-ovos-date-time.openvoiceos,"what.time.is.it.intent","nenn mir die momentane uhrzeit im {location}"
skill-ovos-date-time.openvoiceos,"what.time.is.it.intent","nenn mir die momentane uhrzeit in {location}"
skill-ovos-date-time.openvoiceos,"what.time.is.it.intent","nenn mir die momentane uhrzeit von {location}"
skill-ovos-date-time.openvoiceos,"what.time.is.it.intent","nenn mir die momentane zeit"
skill-ovos-date-time.openvoiceos,"what.time.is.it.intent","nenn mir die momentane zeit am {location}"
skill-ovos-date-time.openvoiceos,"what.time.is.it.intent","nenn mir die momentane zeit an der {location}"
skill-ovos-date-time.openvoiceos,"what.time.is.it.intent","nenn mir die momentane zeit aus {location}"
skill-ovos-date-time.openvoiceos,"what.time.is.it.intent","nenn mir die momentane zeit bei {location}"
skill-ovos-date-time.openvoiceos,"what.time.is.it.intent","nenn mir die momentane zeit im {location}"
skill-ovos-date-time.openvoiceos,"what.time.is.it.intent","nenn mir die momentane zeit in {location}"
skill-ovos-date-time.openvoiceos,"what.time.is.it.intent","nenn mir die momentane zeit von {location}"
skill-ovos-date-time.openvoiceos,"what.time.is.it.intent","nenne mir die  uhrzeit"
skill-ovos-date-time.openvoiceos,"what.time.is.it.intent","nenne mir die  uhrzeit am {location}"
skill-ovos-date-time.openvoiceos,"what.time.is.it.intent","nenne mir die  uhrzeit an der {location}"
skill-ovos-date-time.openvoiceos,"what.time.is.it.intent","nenne mir die  uhrzeit aus {location}"
skill-ovos-date-time.openvoiceos,"what.time.is.it.intent","nenne mir die  uhrzeit bei {location}"
skill-ovos-date-time.openvoiceos,"what.time.is.it.intent","nenne mir die  uhrzeit im {location}"
skill-ovos-date-time.openvoiceos,"what.time.is.it.intent","nenne mir die  uhrzeit in {location}"
skill-ovos-date-time.openvoiceos,"what.time.is.it.intent","nenne mir die  uhrzeit von {location}"
skill-ovos-date-time.openvoiceos,"what.time.is.it.intent","nenne mir die  zeit"
skill-ovos-date-time.openvoiceos,"what.time.is.it.intent","nenne mir die  zeit am {location}"
skill-ovos-date-time.openvoiceos,"what.time.is.it.intent","nenne mir die  zeit an der {location}"
skill-ovos-date-time.openvoiceos,"what.time.is.it.intent","nenne mir die  zeit aus {location}"
skill-ovos-date-time.openvoiceos,"what.time.is.it.intent","nenne mir die  zeit bei {location}"
skill-ovos-date-time.openvoiceos,"what.time.is.it.intent","nenne mir die  zeit im {location}"
skill-ovos-date-time.openvoiceos,"what.time.is.it.intent","nenne mir die  zeit in {location}"
skill-ovos-date-time.openvoiceos,"what.time.is.it.intent","nenne mir die  zeit von {location}"
skill-ovos-date-time.openvoiceos,"what.time.is.it.intent","nenne mir die aktuelle uhrzeit"
skill-ovos-date-time.openvoiceos,"what.time.is.it.intent","nenne mir die aktuelle uhrzeit am {location}"
skill-ovos-date-time.openvoiceos,"what.time.is.it.intent","nenne mir die aktuelle uhrzeit an der {location}"
skill-ovos-date-time.openvoiceos,"what.time.is.it.intent","nenne mir die aktuelle uhrzeit aus {location}"
skill-ovos-date-time.openvoiceos,"what.time.is.it.intent","nenne mir die aktuelle uhrzeit bei {location}"
skill-ovos-date-time.openvoiceos,"what.time.is.it.intent","nenne mir die aktuelle uhrzeit im {location}"
skill-ovos-date-time.openvoiceos,"what.time.is.it.intent","nenne mir die aktuelle uhrzeit in {location}"
skill-ovos-date-time.openvoiceos,"what.time.is.it.intent","nenne mir die aktuelle uhrzeit von {location}"
skill-ovos-date-time.openvoiceos,"what.time.is.it.intent","nenne mir die aktuelle zeit"
skill-ovos-date-time.openvoiceos,"what.time.is.it.intent","nenne mir die aktuelle zeit am {location}"
skill-ovos-date-time.openvoiceos,"what.time.is.it.intent","nenne mir die aktuelle zeit an der {location}"
skill-ovos-date-time.openvoiceos,"what.time.is.it.intent","nenne mir die aktuelle zeit aus {location}"
skill-ovos-date-time.openvoiceos,"what.time.is.it.intent","nenne mir die aktuelle zeit bei {location}"
skill-ovos-date-time.openvoiceos,"what.time.is.it.intent","nenne mir die aktuelle zeit im {location}"
skill-ovos-date-time.openvoiceos,"what.time.is.it.intent","nenne mir die aktuelle zeit in {location}"
skill-ovos-date-time.openvoiceos,"what.time.is.it.intent","nenne mir die aktuelle zeit von {location}"
skill-ovos-date-time.openvoiceos,"what.time.is.it.intent","nenne mir die momentane uhrzeit"
skill-ovos-date-time.openvoiceos,"what.time.is.it.intent","nenne mir die momentane uhrzeit am {location}"
skill-ovos-date-time.openvoiceos,"what.time.is.it.intent","nenne mir die momentane uhrzeit an der {location}"
skill-ovos-date-time.openvoiceos,"what.time.is.it.intent","nenne mir die momentane uhrzeit aus {location}"
skill-ovos-date-time.openvoiceos,"what.time.is.it.intent","nenne mir die momentane uhrzeit bei {location}"
skill-ovos-date-time.openvoiceos,"what.time.is.it.intent","nenne mir die momentane uhrzeit im {location}"
skill-ovos-date-time.openvoiceos,"what.time.is.it.intent","nenne mir die momentane uhrzeit in {location}"
skill-ovos-date-time.openvoiceos,"what.time.is.it.intent","nenne mir die momentane uhrzeit von {location}"
skill-ovos-date-time.openvoiceos,"what.time.is.it.intent","nenne mir die momentane zeit"
skill-ovos-date-time.openvoiceos,"what.time.is.it.intent","nenne mir die momentane zeit am {location}"
skill-ovos-date-time.openvoiceos,"what.time.is.it.intent","nenne mir die momentane zeit an der {location}"
skill-ovos-date-time.openvoiceos,"what.time.is.it.intent","nenne mir die momentane zeit aus {location}"
skill-ovos-date-time.openvoiceos,"what.time.is.it.intent","nenne mir die momentane zeit bei {location}"
skill-ovos-date-time.openvoiceos,"what.time.is.it.intent","nenne mir die momentane zeit im {location}"
skill-ovos-date-time.openvoiceos,"what.time.is.it.intent","nenne mir die momentane zeit in {location}"
skill-ovos-date-time.openvoiceos,"what.time.is.it.intent","nenne mir die momentane zeit von {location}"
skill-ovos-date-time.openvoiceos,"what.time.is.it.intent","sag mir die  uhrzeit"
skill-ovos-date-time.openvoiceos,"what.time.is.it.intent","sag mir die  uhrzeit am {location}"
skill-ovos-date-time.openvoiceos,"what.time.is.it.intent","sag mir die  uhrzeit an der {location}"
skill-ovos-date-time.openvoiceos,"what.time.is.it.intent","sag mir die  uhrzeit aus {location}"
skill-ovos-date-time.openvoiceos,"what.time.is.it.intent","sag mir die  uhrzeit bei {location}"
skill-ovos-date-time.openvoiceos,"what.time.is.it.intent","sag mir die  uhrzeit im {location}"
skill-ovos-date-time.openvoiceos,"what.time.is.it.intent","sag mir die  uhrzeit in {location}"
skill-ovos-date-time.openvoiceos,"what.time.is.it.intent","sag mir die  uhrzeit von {location}"
skill-ovos-date-time.openvoiceos,"what.time.is.it.intent","sag mir die  zeit"
skill-ovos-date-time.openvoiceos,"what.time.is.it.intent","sag mir die  zeit am {location}"
skill-ovos-date-time.openvoiceos,"what.time.is.it.intent","sag mir die  zeit an der {location}"
skill-ovos-date-time.openvoiceos,"what.time.is.it.intent","sag mir die  zeit aus {location}"
skill-ovos-date-time.openvoiceos,"what.time.is.it.intent","sag mir die  zeit bei {location}"
skill-ovos-date-time.openvoiceos,"what.time.is.it.intent","sag mir die  zeit im {location}"
skill-ovos-date-time.openvoiceos,"what.time.is.it.intent","sag mir die  zeit in {location}"
skill-ovos-date-time.openvoiceos,"what.time.is.it.intent","sag mir die  zeit von {location}"
skill-ovos-date-time.openvoiceos,"what.time.is.it.intent","sag mir die aktuelle uhrzeit"
skill-ovos-date-time.openvoiceos,"what.time.is.it.intent","sag mir die aktuelle uhrzeit am {location}"
skill-ovos-date-time.openvoiceos,"what.time.is.it.intent","sag mir die aktuelle uhrzeit an der {location}"
skill-ovos-date-time.openvoiceos,"what.time.is.it.intent","sag mir die aktuelle uhrzeit aus {location}"
skill-ovos-date-time.openvoiceos,"what.time.is.it.intent","sag mir die aktuelle uhrzeit bei {location}"
skill-ovos-date-time.openvoiceos,"what.time.is.it.intent","sag mir die aktuelle uhrzeit im {location}"
skill-ovos-date-time.openvoiceos,"what.time.is.it.intent","sag mir die aktuelle uhrzeit in {location}"
skill-ovos-date-time.openvoiceos,"what.time.is.it.intent","sag mir die aktuelle uhrzeit von {location}"
skill-ovos-date-time.openvoiceos,"what.time.is.it.intent","sag mir die aktuelle zeit"
skill-ovos-date-time.openvoiceos,"what.time.is.it.intent","sag mir die aktuelle zeit am {location}"
skill-ovos-date-time.openvoiceos,"what.time.is.it.intent","sag mir die aktuelle zeit an der {location}"
skill-ovos-date-time.openvoiceos,"what.time.is.it.intent","sag mir die aktuelle zeit aus {location}"
skill-ovos-date-time.openvoiceos,"what.time.is.it.intent","sag mir die aktuelle zeit bei {location}"
skill-ovos-date-time.openvoiceos,"what.time.is.it.intent","sag mir die aktuelle zeit im {location}"
skill-ovos-date-time.openvoiceos,"what.time.is.it.intent","sag mir die aktuelle zeit in {location}"
skill-ovos-date-time.openvoiceos,"what.time.is.it.intent","sag mir die aktuelle zeit von {location}"
skill-ovos-date-time.openvoiceos,"what.time.is.it.intent","sag mir die akzuelle uhrzeit"
skill-ovos-date-time.openvoiceos,"what.time.is.it.intent","sag mir die akzuelle uhrzeit am {location}"
skill-ovos-date-time.openvoiceos,"what.time.is.it.intent","sag mir die akzuelle uhrzeit an der {location}"
skill-ovos-date-time.openvoiceos,"what.time.is.it.intent","sag mir die akzuelle uhrzeit bei {location}"
skill-ovos-date-time.openvoiceos,"what.time.is.it.intent","sag mir die akzuelle uhrzeit im {location}"
skill-ovos-date-time.openvoiceos,"what.time.is.it.intent","sag mir die akzuelle uhrzeit in {location}"
skill-ovos-date-time.openvoiceos,"what.time.is.it.intent","sag mir die akzuelle zeit"
skill-ovos-date-time.openvoiceos,"what.time.is.it.intent","sag mir die akzuelle zeit am {location}"
skill-ovos-date-time.openvoiceos,"what.time.is.it.intent","sag mir die akzuelle zeit an der {location}"
skill-ovos-date-time.openvoiceos,"what.time.is.it.intent","sag mir die akzuelle zeit bei {location}"
skill-ovos-date-time.openvoiceos,"what.time.is.it.intent","sag mir die akzuelle zeit im {location}"
skill-ovos-date-time.openvoiceos,"what.time.is.it.intent","sag mir die akzuelle zeit in {location}"
skill-ovos-date-time.openvoiceos,"what.time.is.it.intent","sag mir die momentane uhrzeit"
skill-ovos-date-time.openvoiceos,"what.time.is.it.intent","sag mir die momentane uhrzeit am {location}"
skill-ovos-date-time.openvoiceos,"what.time.is.it.intent","sag mir die momentane uhrzeit an der {location}"
skill-ovos-date-time.openvoiceos,"what.time.is.it.intent","sag mir die momentane uhrzeit aus {location}"
skill-ovos-date-time.openvoiceos,"what.time.is.it.intent","sag mir die momentane uhrzeit bei {location}"
skill-ovos-date-time.openvoiceos,"what.time.is.it.intent","sag mir die momentane uhrzeit im {location}"
skill-ovos-date-time.openvoiceos,"what.time.is.it.intent","sag mir die momentane uhrzeit in {location}"
skill-ovos-date-time.openvoiceos,"what.time.is.it.intent","sag mir die momentane uhrzeit von {location}"
skill-ovos-date-time.openvoiceos,"what.time.is.it.intent","sag mir die momentane zeit"
skill-ovos-date-time.openvoiceos,"what.time.is.it.intent","sag mir die momentane zeit am {location}"
skill-ovos-date-time.openvoiceos,"what.time.is.it.intent","sag mir die momentane zeit an der {location}"
skill-ovos-date-time.openvoiceos,"what.time.is.it.intent","sag mir die momentane zeit aus {location}"
skill-ovos-date-time.openvoiceos,"what.time.is.it.intent","sag mir die momentane zeit bei {location}"
skill-ovos-date-time.openvoiceos,"what.time.is.it.intent","sag mir die momentane zeit im {location}"
skill-ovos-date-time.openvoiceos,"what.time.is.it.intent","sag mir die momentane zeit in {location}"
skill-ovos-date-time.openvoiceos,"what.time.is.it.intent","sag mir die momentane zeit von {location}"
skill-ovos-date-time.openvoiceos,"what.time.is.it.intent","sage mir die  uhrzeit"
skill-ovos-date-time.openvoiceos,"what.time.is.it.intent","sage mir die  uhrzeit am {location}"
skill-ovos-date-time.openvoiceos,"what.time.is.it.intent","sage mir die  uhrzeit an der {location}"
skill-ovos-date-time.openvoiceos,"what.time.is.it.intent","sage mir die  uhrzeit aus {location}"
skill-ovos-date-time.openvoiceos,"what.time.is.it.intent","sage mir die  uhrzeit bei {location}"
skill-ovos-date-time.openvoiceos,"what.time.is.it.intent","sage mir die  uhrzeit im {location}"
skill-ovos-date-time.openvoiceos,"what.time.is.it.intent","sage mir die  uhrzeit in {location}"
skill-ovos-date-time.openvoiceos,"what.time.is.it.intent","sage mir die  uhrzeit von {location}"
skill-ovos-date-time.openvoiceos,"what.time.is.it.intent","sage mir die  zeit"
skill-ovos-date-time.openvoiceos,"what.time.is.it.intent","sage mir die  zeit am {location}"
skill-ovos-date-time.openvoiceos,"what.time.is.it.intent","sage mir die  zeit an der {location}"
skill-ovos-date-time.openvoiceos,"what.time.is.it.intent","sage mir die  zeit aus {location}"
skill-ovos-date-time.openvoiceos,"what.time.is.it.intent","sage mir die  zeit bei {location}"
skill-ovos-date-time.openvoiceos,"what.time.is.it.intent","sage mir die  zeit im {location}"
skill-ovos-date-time.openvoiceos,"what.time.is.it.intent","sage mir die  zeit in {location}"
skill-ovos-date-time.openvoiceos,"what.time.is.it.intent","sage mir die  zeit von {location}"
skill-ovos-date-time.openvoiceos,"what.time.is.it.intent","sage mir die aktuelle uhrzeit"
skill-ovos-date-time.openvoiceos,"what.time.is.it.intent","sage mir die aktuelle uhrzeit am {location}"
skill-ovos-date-time.openvoiceos,"what.time.is.it.intent","sage mir die aktuelle uhrzeit an der {location}"
skill-ovos-date-time.openvoiceos,"what.time.is.it.intent","sage mir die aktuelle uhrzeit aus {location}"
skill-ovos-date-time.openvoiceos,"what.time.is.it.intent","sage mir die aktuelle uhrzeit bei {location}"
skill-ovos-date-time.openvoiceos,"what.time.is.it.intent","sage mir die aktuelle uhrzeit im {location}"
skill-ovos-date-time.openvoiceos,"what.time.is.it.intent","sage mir die aktuelle uhrzeit in {location}"
skill-ovos-date-time.openvoiceos,"what.time.is.it.intent","sage mir die aktuelle uhrzeit von {location}"
skill-ovos-date-time.openvoiceos,"what.time.is.it.intent","sage mir die aktuelle zeit"
skill-ovos-date-time.openvoiceos,"what.time.is.it.intent","sage mir die aktuelle zeit am {location}"
skill-ovos-date-time.openvoiceos,"what.time.is.it.intent","sage mir die aktuelle zeit an der {location}"
skill-ovos-date-time.openvoiceos,"what.time.is.it.intent","sage mir die aktuelle zeit aus {location}"
skill-ovos-date-time.openvoiceos,"what.time.is.it.intent","sage mir die aktuelle zeit bei {location}"
skill-ovos-date-time.openvoiceos,"what.time.is.it.intent","sage mir die aktuelle zeit im {location}"
skill-ovos-date-time.openvoiceos,"what.time.is.it.intent","sage mir die aktuelle zeit in {location}"
skill-ovos-date-time.openvoiceos,"what.time.is.it.intent","sage mir die aktuelle zeit von {location}"
skill-ovos-date-time.openvoiceos,"what.time.is.it.intent","sage mir die akzuelle uhrzeit"
skill-ovos-date-time.openvoiceos,"what.time.is.it.intent","sage mir die akzuelle uhrzeit am {location}"
skill-ovos-date-time.openvoiceos,"what.time.is.it.intent","sage mir die akzuelle uhrzeit an der {location}"
skill-ovos-date-time.openvoiceos,"what.time.is.it.intent","sage mir die akzuelle uhrzeit bei {location}"
skill-ovos-date-time.openvoiceos,"what.time.is.it.intent","sage mir die akzuelle uhrzeit im {location}"
skill-ovos-date-time.openvoiceos,"what.time.is.it.intent","sage mir die akzuelle uhrzeit in {location}"
skill-ovos-date-time.openvoiceos,"what.time.is.it.intent","sage mir die akzuelle zeit"
skill-ovos-date-time.openvoiceos,"what.time.is.it.intent","sage mir die akzuelle zeit am {location}"
skill-ovos-date-time.openvoiceos,"what.time.is.it.intent","sage mir die akzuelle zeit an der {location}"
skill-ovos-date-time.openvoiceos,"what.time.is.it.intent","sage mir die akzuelle zeit bei {location}"
skill-ovos-date-time.openvoiceos,"what.time.is.it.intent","sage mir die akzuelle zeit im {location}"
skill-ovos-date-time.openvoiceos,"what.time.is.it.intent","sage mir die akzuelle zeit in {location}"
skill-ovos-date-time.openvoiceos,"what.time.is.it.intent","sage mir die momentane uhrzeit"
skill-ovos-date-time.openvoiceos,"what.time.is.it.intent","sage mir die momentane uhrzeit am {location}"
skill-ovos-date-time.openvoiceos,"what.time.is.it.intent","sage mir die momentane uhrzeit an der {location}"
skill-ovos-date-time.openvoiceos,"what.time.is.it.intent","sage mir die momentane uhrzeit aus {location}"
skill-ovos-date-time.openvoiceos,"what.time.is.it.intent","sage mir die momentane uhrzeit bei {location}"
skill-ovos-date-time.openvoiceos,"what.time.is.it.intent","sage mir die momentane uhrzeit im {location}"
skill-ovos-date-time.openvoiceos,"what.time.is.it.intent","sage mir die momentane uhrzeit in {location}"
skill-ovos-date-time.openvoiceos,"what.time.is.it.intent","sage mir die momentane uhrzeit von {location}"
skill-ovos-date-time.openvoiceos,"what.time.is.it.intent","sage mir die momentane zeit"
skill-ovos-date-time.openvoiceos,"what.time.is.it.intent","sage mir die momentane zeit am {location}"
skill-ovos-date-time.openvoiceos,"what.time.is.it.intent","sage mir die momentane zeit an der {location}"
skill-ovos-date-time.openvoiceos,"what.time.is.it.intent","sage mir die momentane zeit aus {location}"
skill-ovos-date-time.openvoiceos,"what.time.is.it.intent","sage mir die momentane zeit bei {location}"
skill-ovos-date-time.openvoiceos,"what.time.is.it.intent","sage mir die momentane zeit im {location}"
skill-ovos-date-time.openvoiceos,"what.time.is.it.intent","sage mir die momentane zeit in {location}"
skill-ovos-date-time.openvoiceos,"what.time.is.it.intent","sage mir die momentane zeit von {location}"
skill-ovos-date-time.openvoiceos,"what.time.is.it.intent","weißt du, wie spät es ist"
skill-ovos-date-time.openvoiceos,"what.time.is.it.intent","wie ist die uhrzeit"
skill-ovos-date-time.openvoiceos,"what.time.is.it.intent","wie ist die uhrzeit  am {location}"
skill-ovos-date-time.openvoiceos,"what.time.is.it.intent","wie ist die uhrzeit  an der {location}"
skill-ovos-date-time.openvoiceos,"what.time.is.it.intent","wie ist die uhrzeit  aus {location}"
skill-ovos-date-time.openvoiceos,"what.time.is.it.intent","wie ist die uhrzeit  bei {location}"
skill-ovos-date-time.openvoiceos,"what.time.is.it.intent","wie ist die uhrzeit  im {location}"
skill-ovos-date-time.openvoiceos,"what.time.is.it.intent","wie ist die uhrzeit  in {location}"
skill-ovos-date-time.openvoiceos,"what.time.is.it.intent","wie ist die uhrzeit  von {location}"
skill-ovos-date-time.openvoiceos,"what.time.is.it.intent","wie ist die uhrzeit im moment"
skill-ovos-date-time.openvoiceos,"what.time.is.it.intent","wie ist die uhrzeit im moment am {location}"
skill-ovos-date-time.openvoiceos,"what.time.is.it.intent","wie ist die uhrzeit im moment an der {location}"
skill-ovos-date-time.openvoiceos,"what.time.is.it.intent","wie ist die uhrzeit im moment aus {location}"
skill-ovos-date-time.openvoiceos,"what.time.is.it.intent","wie ist die uhrzeit im moment bei {location}"
skill-ovos-date-time.openvoiceos,"what.time.is.it.intent","wie ist die uhrzeit im moment im {location}"
skill-ovos-date-time.openvoiceos,"what.time.is.it.intent","wie ist die uhrzeit im moment in {location}"
skill-ovos-date-time.openvoiceos,"what.time.is.it.intent","wie ist die uhrzeit im moment von {location}"
skill-ovos-date-time.openvoiceos,"what.time.is.it.intent","wie ist die uhrzeit in diesem Moment"
skill-ovos-date-time.openvoiceos,"what.time.is.it.intent","wie ist die uhrzeit in diesem Moment am {location}"
skill-ovos-date-time.openvoiceos,"what.time.is.it.intent","wie ist die uhrzeit in diesem Moment an der {location}"
skill-ovos-date-time.openvoiceos,"what.time.is.it.intent","wie ist die uhrzeit in diesem Moment aus {location}"
skill-ovos-date-time.openvoiceos,"what.time.is.it.intent","wie ist die uhrzeit in diesem Moment bei {location}"
skill-ovos-date-time.openvoiceos,"what.time.is.it.intent","wie ist die uhrzeit in diesem Moment im {location}"
skill-ovos-date-time.openvoiceos,"what.time.is.it.intent","wie ist die uhrzeit in diesem Moment in {location}"
skill-ovos-date-time.openvoiceos,"what.time.is.it.intent","wie ist die uhrzeit in diesem Moment von {location}"
skill-ovos-date-time.openvoiceos,"what.time.is.it.intent","wie ist die uhrzeit jetzt"
skill-ovos-date-time.openvoiceos,"what.time.is.it.intent","wie ist die uhrzeit jetzt am {location}"
skill-ovos-date-time.openvoiceos,"what.time.is.it.intent","wie ist die uhrzeit jetzt an der {location}"
skill-ovos-date-time.openvoiceos,"what.time.is.it.intent","wie ist die uhrzeit jetzt aus {location}"
skill-ovos-date-time.openvoiceos,"what.time.is.it.intent","wie ist die uhrzeit jetzt bei {location}"
skill-ovos-date-time.openvoiceos,"what.time.is.it.intent","wie ist die uhrzeit jetzt im {location}"
skill-ovos-date-time.openvoiceos,"what.time.is.it.intent","wie ist die uhrzeit jetzt in {location}"
skill-ovos-date-time.openvoiceos,"what.time.is.it.intent","wie ist die uhrzeit jetzt von {location}"
skill-ovos-date-time.openvoiceos,"what.time.is.it.intent","wie ist die uhrzeit momentan"
skill-ovos-date-time.openvoiceos,"what.time.is.it.intent","wie ist die uhrzeit momentan am {location}"
skill-ovos-date-time.openvoiceos,"what.time.is.it.intent","wie ist die uhrzeit momentan an der {location}"
skill-ovos-date-time.openvoiceos,"what.time.is.it.intent","wie ist die uhrzeit momentan aus {location}"
skill-ovos-date-time.openvoiceos,"what.time.is.it.intent","wie ist die uhrzeit momentan bei {location}"
skill-ovos-date-time.openvoiceos,"what.time.is.it.intent","wie ist die uhrzeit momentan im {location}"
skill-ovos-date-time.openvoiceos,"what.time.is.it.intent","wie ist die uhrzeit momentan in {location}"
skill-ovos-date-time.openvoiceos,"what.time.is.it.intent","wie ist die uhrzeit momentan von {location}"
skill-ovos-date-time.openvoiceos,"what.time.is.it.intent","wie ist die uhrzeit zur zeit"
skill-ovos-date-time.openvoiceos,"what.time.is.it.intent","wie ist die uhrzeit zur zeit am {location}"
skill-ovos-date-time.openvoiceos,"what.time.is.it.intent","wie ist die uhrzeit zur zeit an der {location}"
skill-ovos-date-time.openvoiceos,"what.time.is.it.intent","wie ist die uhrzeit zur zeit aus {location}"
skill-ovos-date-time.openvoiceos,"what.time.is.it.intent","wie ist die uhrzeit zur zeit bei {location}"
skill-ovos-date-time.openvoiceos,"what.time.is.it.intent","wie ist die uhrzeit zur zeit im {location}"
skill-ovos-date-time.openvoiceos,"what.time.is.it.intent","wie ist die uhrzeit zur zeit in {location}"
skill-ovos-date-time.openvoiceos,"what.time.is.it.intent","wie ist die uhrzeit zur zeit von {location}"
skill-ovos-date-time.openvoiceos,"what.time.is.it.intent","wie ist die uhrzeit zurzeit"
skill-ovos-date-time.openvoiceos,"what.time.is.it.intent","wie ist die uhrzeit zurzeit am {location}"
skill-ovos-date-time.openvoiceos,"what.time.is.it.intent","wie ist die uhrzeit zurzeit an der {location}"
skill-ovos-date-time.openvoiceos,"what.time.is.it.intent","wie ist die uhrzeit zurzeit aus {location}"
skill-ovos-date-time.openvoiceos,"what.time.is.it.intent","wie ist die uhrzeit zurzeit bei {location}"
skill-ovos-date-time.openvoiceos,"what.time.is.it.intent","wie ist die uhrzeit zurzeit im {location}"
skill-ovos-date-time.openvoiceos,"what.time.is.it.intent","wie ist die uhrzeit zurzeit in {location}"
skill-ovos-date-time.openvoiceos,"what.time.is.it.intent","wie ist die uhrzeit zurzeit von {location}"
skill-ovos-date-time.openvoiceos,"what.time.is.it.intent","wie ist die zeit"
skill-ovos-date-time.openvoiceos,"what.time.is.it.intent","wie ist die zeit  am {location}"
skill-ovos-date-time.openvoiceos,"what.time.is.it.intent","wie ist die zeit  an der {location}"
skill-ovos-date-time.openvoiceos,"what.time.is.it.intent","wie ist die zeit  aus {location}"
skill-ovos-date-time.openvoiceos,"what.time.is.it.intent","wie ist die zeit  bei {location}"
skill-ovos-date-time.openvoiceos,"what.time.is.it.intent","wie ist die zeit  im {location}"
skill-ovos-date-time.openvoiceos,"what.time.is.it.intent","wie ist die zeit  in {location}"
skill-ovos-date-time.openvoiceos,"what.time.is.it.intent","wie ist die zeit  von {location}"
skill-ovos-date-time.openvoiceos,"what.time.is.it.intent","wie ist die zeit im moment"
skill-ovos-date-time.openvoiceos,"what.time.is.it.intent","wie ist die zeit im moment am {location}"
skill-ovos-date-time.openvoiceos,"what.time.is.it.intent","wie ist die zeit im moment an der {location}"
skill-ovos-date-time.openvoiceos,"what.time.is.it.intent","wie ist die zeit im moment aus {location}"
skill-ovos-date-time.openvoiceos,"what.time.is.it.intent","wie ist die zeit im moment bei {location}"
skill-ovos-date-time.openvoiceos,"what.time.is.it.intent","wie ist die zeit im moment im {location}"
skill-ovos-date-time.openvoiceos,"what.time.is.it.intent","wie ist die zeit im moment in {location}"
skill-ovos-date-time.openvoiceos,"what.time.is.it.intent","wie ist die zeit im moment von {location}"
skill-ovos-date-time.openvoiceos,"what.time.is.it.intent","wie ist die zeit in diesem Moment"
skill-ovos-date-time.openvoiceos,"what.time.is.it.intent","wie ist die zeit in diesem Moment am {location}"
skill-ovos-date-time.openvoiceos,"what.time.is.it.intent","wie ist die zeit in diesem Moment an der {location}"
skill-ovos-date-time.openvoiceos,"what.time.is.it.intent","wie ist die zeit in diesem Moment aus {location}"
skill-ovos-date-time.openvoiceos,"what.time.is.it.intent","wie ist die zeit in diesem Moment bei {location}"
skill-ovos-date-time.openvoiceos,"what.time.is.it.intent","wie ist die zeit in diesem Moment im {location}"
skill-ovos-date-time.openvoiceos,"what.time.is.it.intent","wie ist die zeit in diesem Moment in {location}"
skill-ovos-date-time.openvoiceos,"what.time.is.it.intent","wie ist die zeit in diesem Moment von {location}"
skill-ovos-date-time.openvoiceos,"what.time.is.it.intent","wie ist die zeit jetzt"
skill-ovos-date-time.openvoiceos,"what.time.is.it.intent","wie ist die zeit jetzt am {location}"
skill-ovos-date-time.openvoiceos,"what.time.is.it.intent","wie ist die zeit jetzt an der {location}"
skill-ovos-date-time.openvoiceos,"what.time.is.it.intent","wie ist die zeit jetzt aus {location}"
skill-ovos-date-time.openvoiceos,"what.time.is.it.intent","wie ist die zeit jetzt bei {location}"
skill-ovos-date-time.openvoiceos,"what.time.is.it.intent","wie ist die zeit jetzt im {location}"
skill-ovos-date-time.openvoiceos,"what.time.is.it.intent","wie ist die zeit jetzt in {location}"
skill-ovos-date-time.openvoiceos,"what.time.is.it.intent","wie ist die zeit jetzt von {location}"
skill-ovos-date-time.openvoiceos,"what.time.is.it.intent","wie ist die zeit momentan"
skill-ovos-date-time.openvoiceos,"what.time.is.it.intent","wie ist die zeit momentan am {location}"
skill-ovos-date-time.openvoiceos,"what.time.is.it.intent","wie ist die zeit momentan an der {location}"
skill-ovos-date-time.openvoiceos,"what.time.is.it.intent","wie ist die zeit momentan aus {location}"
skill-ovos-date-time.openvoiceos,"what.time.is.it.intent","wie ist die zeit momentan bei {location}"
skill-ovos-date-time.openvoiceos,"what.time.is.it.intent","wie ist die zeit momentan im {location}"
skill-ovos-date-time.openvoiceos,"what.time.is.it.intent","wie ist die zeit momentan in {location}"
skill-ovos-date-time.openvoiceos,"what.time.is.it.intent","wie ist die zeit momentan von {location}"
skill-ovos-date-time.openvoiceos,"what.time.is.it.intent","wie ist die zeit zur zeit"
skill-ovos-date-time.openvoiceos,"what.time.is.it.intent","wie ist die zeit zur zeit am {location}"
skill-ovos-date-time.openvoiceos,"what.time.is.it.intent","wie ist die zeit zur zeit an der {location}"
skill-ovos-date-time.openvoiceos,"what.time.is.it.intent","wie ist die zeit zur zeit aus {location}"
skill-ovos-date-time.openvoiceos,"what.time.is.it.intent","wie ist die zeit zur zeit bei {location}"
skill-ovos-date-time.openvoiceos,"what.time.is.it.intent","wie ist die zeit zur zeit im {location}"
skill-ovos-date-time.openvoiceos,"what.time.is.it.intent","wie ist die zeit zur zeit in {location}"
skill-ovos-date-time.openvoiceos,"what.time.is.it.intent","wie ist die zeit zur zeit von {location}"
skill-ovos-date-time.openvoiceos,"what.time.is.it.intent","wie ist die zeit zurzeit"
skill-ovos-date-time.openvoiceos,"what.time.is.it.intent","wie ist die zeit zurzeit am {location}"
skill-ovos-date-time.openvoiceos,"what.time.is.it.intent","wie ist die zeit zurzeit an der {location}"
skill-ovos-date-time.openvoiceos,"what.time.is.it.intent","wie ist die zeit zurzeit aus {location}"
skill-ovos-date-time.openvoiceos,"what.time.is.it.intent","wie ist die zeit zurzeit bei {location}"
skill-ovos-date-time.openvoiceos,"what.time.is.it.intent","wie ist die zeit zurzeit im {location}"
skill-ovos-date-time.openvoiceos,"what.time.is.it.intent","wie ist die zeit zurzeit in {location}"
skill-ovos-date-time.openvoiceos,"what.time.is.it.intent","wie ist die zeit zurzeit von {location}"
skill-ovos-date-time.openvoiceos,"what.time.is.it.intent","wie spät ist es"
skill-ovos-date-time.openvoiceos,"what.time.is.it.intent","wie spät ist es aktuell"
skill-ovos-date-time.openvoiceos,"what.time.is.it.intent","wie spät ist es im Moment"
skill-ovos-date-time.openvoiceos,"what.time.is.it.intent","wie spät ist es jetzt"
skill-ovos-date-time.openvoiceos,"what.time.is.it.intent","wie viel uhr haben wir"
skill-ovos-date-time.openvoiceos,"what.time.is.it.intent","wie viel uhr haben wir   am {location}"
skill-ovos-date-time.openvoiceos,"what.time.is.it.intent","wie viel uhr haben wir   an der {location}"
skill-ovos-date-time.openvoiceos,"what.time.is.it.intent","wie viel uhr haben wir   aus {location}"
skill-ovos-date-time.openvoiceos,"what.time.is.it.intent","wie viel uhr haben wir   bei {location}"
skill-ovos-date-time.openvoiceos,"what.time.is.it.intent","wie viel uhr haben wir   im {location}"
skill-ovos-date-time.openvoiceos,"what.time.is.it.intent","wie viel uhr haben wir   in {location}"
skill-ovos-date-time.openvoiceos,"what.time.is.it.intent","wie viel uhr haben wir   von {location}"
skill-ovos-date-time.openvoiceos,"what.time.is.it.intent","wie viel uhr haben wir  an der {location}"
skill-ovos-date-time.openvoiceos,"what.time.is.it.intent","wie viel uhr haben wir  an der {location} im moment"
skill-ovos-date-time.openvoiceos,"what.time.is.it.intent","wie viel uhr haben wir  an der {location} in diesem Moment"
skill-ovos-date-time.openvoiceos,"what.time.is.it.intent","wie viel uhr haben wir  an der {location} jetzt"
skill-ovos-date-time.openvoiceos,"what.time.is.it.intent","wie viel uhr haben wir  an der {location} momentan"
skill-ovos-date-time.openvoiceos,"what.time.is.it.intent","wie viel uhr haben wir  an der {location} zur zeit"
skill-ovos-date-time.openvoiceos,"what.time.is.it.intent","wie viel uhr haben wir  an der {location} zurzeit"
skill-ovos-date-time.openvoiceos,"what.time.is.it.intent","wie viel uhr haben wir  bei {location}"
skill-ovos-date-time.openvoiceos,"what.time.is.it.intent","wie viel uhr haben wir  bei {location} im moment"
skill-ovos-date-time.openvoiceos,"what.time.is.it.intent","wie viel uhr haben wir  bei {location} in diesem Moment"
skill-ovos-date-time.openvoiceos,"what.time.is.it.intent","wie viel uhr haben wir  bei {location} jetzt"
skill-ovos-date-time.openvoiceos,"what.time.is.it.intent","wie viel uhr haben wir  bei {location} momentan"
skill-ovos-date-time.openvoiceos,"what.time.is.it.intent","wie viel uhr haben wir  bei {location} zur zeit"
skill-ovos-date-time.openvoiceos,"what.time.is.it.intent","wie viel uhr haben wir  bei {location} zurzeit"
skill-ovos-date-time.openvoiceos,"what.time.is.it.intent","wie viel uhr haben wir  im moment"
skill-ovos-date-time.openvoiceos,"what.time.is.it.intent","wie viel uhr haben wir  im moment am {location}"
skill-ovos-date-time.openvoiceos,"what.time.is.it.intent","wie viel uhr haben wir  im moment an der {location}"
skill-ovos-date-time.openvoiceos,"what.time.is.it.intent","wie viel uhr haben wir  im moment aus {location}"
skill-ovos-date-time.openvoiceos,"what.time.is.it.intent","wie viel uhr haben wir  im moment bei {location}"
skill-ovos-date-time.openvoiceos,"what.time.is.it.intent","wie viel uhr haben wir  im moment im {location}"
skill-ovos-date-time.openvoiceos,"what.time.is.it.intent","wie viel uhr haben wir  im moment in {location}"
skill-ovos-date-time.openvoiceos,"what.time.is.it.intent","wie viel uhr haben wir  im moment von {location}"
skill-ovos-date-time.openvoiceos,"what.time.is.it.intent","wie viel uhr haben wir  im {location}"
skill-ovos-date-time.openvoiceos,"what.time.is.it.intent","wie viel uhr haben wir  im {location} im moment"
skill-ovos-date-time.openvoiceos,"what.time.is.it.intent","wie viel uhr haben wir  im {location} in diesem Moment"
skill-ovos-date-time.openvoiceos,"what.time.is.it.intent","wie viel uhr haben wir  im {location} jetzt"
skill-ovos-date-time.openvoiceos,"what.time.is.it.intent","wie viel uhr haben wir  im {location} momentan"
skill-ovos-date-time.openvoiceos,"what.time.is.it.intent","wie viel uhr haben wir  im {location} zur zeit"
skill-ovos-date-time.openvoiceos,"what.time.is.it.intent","wie viel uhr haben wir  im {location} zurzeit"
skill-ovos-date-time.openvoiceos,"what.time.is.it.intent","wie viel uhr haben wir  in diesem Moment"
skill-ovos-date-time.openvoiceos,"what.time.is.it.intent","wie viel uhr haben wir  in diesem Moment am {location}"
skill-ovos-date-time.openvoiceos,"what.time.is.it.intent","wie viel uhr haben wir  in diesem Moment an der {location}"
skill-ovos-date-time.openvoiceos,"what.time.is.it.intent","wie viel uhr haben wir  in diesem Moment aus {location}"
skill-ovos-date-time.openvoiceos,"what.time.is.it.intent","wie viel uhr haben wir  in diesem Moment bei {location}"
skill-ovos-date-time.openvoiceos,"what.time.is.it.intent","wie viel uhr haben wir  in diesem Moment im {location}"
skill-ovos-date-time.openvoiceos,"what.time.is.it.intent","wie viel uhr haben wir  in diesem Moment in {location}"
skill-ovos-date-time.openvoiceos,"what.time.is.it.intent","wie viel uhr haben wir  in diesem Moment von {location}"
skill-ovos-date-time.openvoiceos,"what.time.is.it.intent","wie viel uhr haben wir  in {location}"
skill-ovos-date-time.openvoiceos,"what.time.is.it.intent","wie viel uhr haben wir  in {location} im moment"
skill-ovos-date-time.openvoiceos,"what.time.is.it.intent","wie viel uhr haben wir  in {location} in diesem Moment"
skill-ovos-date-time.openvoiceos,"what.time.is.it.intent","wie viel uhr haben wir  in {location} jetzt"
skill-ovos-date-time.openvoiceos,"what.time.is.it.intent","wie viel uhr haben wir  in {location} momentan"
skill-ovos-date-time.openvoiceos,"what.time.is.it.intent","wie viel uhr haben wir  in {location} zur zeit"
skill-ovos-date-time.openvoiceos,"what.time.is.it.intent","wie viel uhr haben wir  in {location} zurzeit"
skill-ovos-date-time.openvoiceos,"what.time.is.it.intent","wie viel uhr haben wir  jetzt"
skill-ovos-date-time.openvoiceos,"what.time.is.it.intent","wie viel uhr haben wir  jetzt am {location}"
skill-ovos-date-time.openvoiceos,"what.time.is.it.intent","wie viel uhr haben wir  jetzt an der {location}"
skill-ovos-date-time.openvoiceos,"what.time.is.it.intent","wie viel uhr haben wir  jetzt aus {location}"
skill-ovos-date-time.openvoiceos,"what.time.is.it.intent","wie viel uhr haben wir  jetzt bei {location}"
skill-ovos-date-time.openvoiceos,"what.time.is.it.intent","wie viel uhr haben wir  jetzt im {location}"
skill-ovos-date-time.openvoiceos,"what.time.is.it.intent","wie viel uhr haben wir  jetzt in {location}"
skill-ovos-date-time.openvoiceos,"what.time.is.it.intent","wie viel uhr haben wir  jetzt von {location}"
skill-ovos-date-time.openvoiceos,"what.time.is.it.intent","wie viel uhr haben wir  momentan"
skill-ovos-date-time.openvoiceos,"what.time.is.it.intent","wie viel uhr haben wir  momentan am {location}"
skill-ovos-date-time.openvoiceos,"what.time.is.it.intent","wie viel uhr haben wir  momentan an der {location}"
skill-ovos-date-time.openvoiceos,"what.time.is.it.intent","wie viel uhr haben wir  momentan aus {location}"
skill-ovos-date-time.openvoiceos,"what.time.is.it.intent","wie viel uhr haben wir  momentan bei {location}"
skill-ovos-date-time.openvoiceos,"what.time.is.it.intent","wie viel uhr haben wir  momentan im {location}"
skill-ovos-date-time.openvoiceos,"what.time.is.it.intent","wie viel uhr haben wir  momentan in {location}"
skill-ovos-date-time.openvoiceos,"what.time.is.it.intent","wie viel uhr haben wir  momentan von {location}"
skill-ovos-date-time.openvoiceos,"what.time.is.it.intent","wie viel uhr haben wir  zur zeit"
skill-ovos-date-time.openvoiceos,"what.time.is.it.intent","wie viel uhr haben wir  zur zeit am {location}"
skill-ovos-date-time.openvoiceos,"what.time.is.it.intent","wie viel uhr haben wir  zur zeit an der {location}"
skill-ovos-date-time.openvoiceos,"what.time.is.it.intent","wie viel uhr haben wir  zur zeit aus {location}"
skill-ovos-date-time.openvoiceos,"what.time.is.it.intent","wie viel uhr haben wir  zur zeit bei {location}"
skill-ovos-date-time.openvoiceos,"what.time.is.it.intent","wie viel uhr haben wir  zur zeit im {location}"
skill-ovos-date-time.openvoiceos,"what.time.is.it.intent","wie viel uhr haben wir  zur zeit in {location}"
skill-ovos-date-time.openvoiceos,"what.time.is.it.intent","wie viel uhr haben wir  zur zeit von {location}"
skill-ovos-date-time.openvoiceos,"what.time.is.it.intent","wie viel uhr haben wir  zurzeit"
skill-ovos-date-time.openvoiceos,"what.time.is.it.intent","wie viel uhr haben wir  zurzeit am {location}"
skill-ovos-date-time.openvoiceos,"what.time.is.it.intent","wie viel uhr haben wir  zurzeit an der {location}"
skill-ovos-date-time.openvoiceos,"what.time.is.it.intent","wie viel uhr haben wir  zurzeit aus {location}"
skill-ovos-date-time.openvoiceos,"what.time.is.it.intent","wie viel uhr haben wir  zurzeit bei {location}"
skill-ovos-date-time.openvoiceos,"what.time.is.it.intent","wie viel uhr haben wir  zurzeit im {location}"
skill-ovos-date-time.openvoiceos,"what.time.is.it.intent","wie viel uhr haben wir  zurzeit in {location}"
skill-ovos-date-time.openvoiceos,"what.time.is.it.intent","wie viel uhr haben wir  zurzeit von {location}"
skill-ovos-date-time.openvoiceos,"what.time.is.it.intent","wie viel uhr haben wir es"
skill-ovos-date-time.openvoiceos,"what.time.is.it.intent","wie viel uhr haben wir es  am {location}"
skill-ovos-date-time.openvoiceos,"what.time.is.it.intent","wie viel uhr haben wir es  an der {location}"
skill-ovos-date-time.openvoiceos,"what.time.is.it.intent","wie viel uhr haben wir es  aus {location}"
skill-ovos-date-time.openvoiceos,"what.time.is.it.intent","wie viel uhr haben wir es  bei {location}"
skill-ovos-date-time.openvoiceos,"what.time.is.it.intent","wie viel uhr haben wir es  im {location}"
skill-ovos-date-time.openvoiceos,"what.time.is.it.intent","wie viel uhr haben wir es  in {location}"
skill-ovos-date-time.openvoiceos,"what.time.is.it.intent","wie viel uhr haben wir es  von {location}"
skill-ovos-date-time.openvoiceos,"what.time.is.it.intent","wie viel uhr haben wir es an der {location}"
skill-ovos-date-time.openvoiceos,"what.time.is.it.intent","wie viel uhr haben wir es an der {location} im moment"
skill-ovos-date-time.openvoiceos,"what.time.is.it.intent","wie viel uhr haben wir es an der {location} in diesem Moment"
skill-ovos-date-time.openvoiceos,"what.time.is.it.intent","wie viel uhr haben wir es an der {location} jetzt"
skill-ovos-date-time.openvoiceos,"what.time.is.it.intent","wie viel uhr haben wir es an der {location} momentan"
skill-ovos-date-time.openvoiceos,"what.time.is.it.intent","wie viel uhr haben wir es an der {location} zur zeit"
skill-ovos-date-time.openvoiceos,"what.time.is.it.intent","wie viel uhr haben wir es an der {location} zurzeit"
skill-ovos-date-time.openvoiceos,"what.time.is.it.intent","wie viel uhr haben wir es bei {location}"
skill-ovos-date-time.openvoiceos,"what.time.is.it.intent","wie viel uhr haben wir es bei {location} im moment"
skill-ovos-date-time.openvoiceos,"what.time.is.it.intent","wie viel uhr haben wir es bei {location} in diesem Moment"
skill-ovos-date-time.openvoiceos,"what.time.is.it.intent","wie viel uhr haben wir es bei {location} jetzt"
skill-ovos-date-time.openvoiceos,"what.time.is.it.intent","wie viel uhr haben wir es bei {location} momentan"
skill-ovos-date-time.openvoiceos,"what.time.is.it.intent","wie viel uhr haben wir es bei {location} zur zeit"
skill-ovos-date-time.openvoiceos,"what.time.is.it.intent","wie viel uhr haben wir es bei {location} zurzeit"
skill-ovos-date-time.openvoiceos,"what.time.is.it.intent","wie viel uhr haben wir es im moment"
skill-ovos-date-time.openvoiceos,"what.time.is.it.intent","wie viel uhr haben wir es im moment am {location}"
skill-ovos-date-time.openvoiceos,"what.time.is.it.intent","wie viel uhr haben wir es im moment an der {location}"
skill-ovos-date-time.openvoiceos,"what.time.is.it.intent","wie viel uhr haben wir es im moment aus {location}"
skill-ovos-date-time.openvoiceos,"what.time.is.it.intent","wie viel uhr haben wir es im moment bei {location}"
skill-ovos-date-time.openvoiceos,"what.time.is.it.intent","wie viel uhr haben wir es im moment im {location}"
skill-ovos-date-time.openvoiceos,"what.time.is.it.intent","wie viel uhr haben wir es im moment in {location}"
skill-ovos-date-time.openvoiceos,"what.time.is.it.intent","wie viel uhr haben wir es im moment von {location}"
skill-ovos-date-time.openvoiceos,"what.time.is.it.intent","wie viel uhr haben wir es im {location}"
skill-ovos-date-time.openvoiceos,"what.time.is.it.intent","wie viel uhr haben wir es im {location} im moment"
skill-ovos-date-time.openvoiceos,"what.time.is.it.intent","wie viel uhr haben wir es im {location} in diesem Moment"
skill-ovos-date-time.openvoiceos,"what.time.is.it.intent","wie viel uhr haben wir es im {location} jetzt"
skill-ovos-date-time.openvoiceos,"what.time.is.it.intent","wie viel uhr haben wir es im {location} momentan"
skill-ovos-date-time.openvoiceos,"what.time.is.it.intent","wie viel uhr haben wir es im {location} zur zeit"
skill-ovos-date-time.openvoiceos,"what.time.is.it.intent","wie viel uhr haben wir es im {location} zurzeit"
skill-ovos-date-time.openvoiceos,"what.time.is.it.intent","wie viel uhr haben wir es in diesem Moment"
skill-ovos-date-time.openvoiceos,"what.time.is.it.intent","wie viel uhr haben wir es in diesem Moment am {location}"
skill-ovos-date-time.openvoiceos,"what.time.is.it.intent","wie viel uhr haben wir es in diesem Moment an der {location}"
skill-ovos-date-time.openvoiceos,"what.time.is.it.intent","wie viel uhr haben wir es in diesem Moment aus {location}"
skill-ovos-date-time.openvoiceos,"what.time.is.it.intent","wie viel uhr haben wir es in diesem Moment bei {location}"
skill-ovos-date-time.openvoiceos,"what.time.is.it.intent","wie viel uhr haben wir es in diesem Moment im {location}"
skill-ovos-date-time.openvoiceos,"what.time.is.it.intent","wie viel uhr haben wir es in diesem Moment in {location}"
skill-ovos-date-time.openvoiceos,"what.time.is.it.intent","wie viel uhr haben wir es in diesem Moment von {location}"
skill-ovos-date-time.openvoiceos,"what.time.is.it.intent","wie viel uhr haben wir es in {location}"
skill-ovos-date-time.openvoiceos,"what.time.is.it.intent","wie viel uhr haben wir es in {location} im moment"
skill-ovos-date-time.openvoiceos,"what.time.is.it.intent","wie viel uhr haben wir es in {location} in diesem Moment"
skill-ovos-date-time.openvoiceos,"what.time.is.it.intent","wie viel uhr haben wir es in {location} jetzt"
skill-ovos-date-time.openvoiceos,"what.time.is.it.intent","wie viel uhr haben wir es in {location} momentan"
skill-ovos-date-time.openvoiceos,"what.time.is.it.intent","wie viel uhr haben wir es in {location} zur zeit"
skill-ovos-date-time.openvoiceos,"what.time.is.it.intent","wie viel uhr haben wir es in {location} zurzeit"
skill-ovos-date-time.openvoiceos,"what.time.is.it.intent","wie viel uhr haben wir es jetzt"
skill-ovos-date-time.openvoiceos,"what.time.is.it.intent","wie viel uhr haben wir es jetzt am {location}"
skill-ovos-date-time.openvoiceos,"what.time.is.it.intent","wie viel uhr haben wir es jetzt an der {location}"
skill-ovos-date-time.openvoiceos,"what.time.is.it.intent","wie viel uhr haben wir es jetzt aus {location}"
skill-ovos-date-time.openvoiceos,"what.time.is.it.intent","wie viel uhr haben wir es jetzt bei {location}"
skill-ovos-date-time.openvoiceos,"what.time.is.it.intent","wie viel uhr haben wir es jetzt im {location}"
skill-ovos-date-time.openvoiceos,"what.time.is.it.intent","wie viel uhr haben wir es jetzt in {location}"
skill-ovos-date-time.openvoiceos,"what.time.is.it.intent","wie viel uhr haben wir es jetzt von {location}"
skill-ovos-date-time.openvoiceos,"what.time.is.it.intent","wie viel uhr haben wir es momentan"
skill-ovos-date-time.openvoiceos,"what.time.is.it.intent","wie viel uhr haben wir es momentan am {location}"
skill-ovos-date-time.openvoiceos,"what.time.is.it.intent","wie viel uhr haben wir es momentan an der {location}"
skill-ovos-date-time.openvoiceos,"what.time.is.it.intent","wie viel uhr haben wir es momentan aus {location}"
skill-ovos-date-time.openvoiceos,"what.time.is.it.intent","wie viel uhr haben wir es momentan bei {location}"
skill-ovos-date-time.openvoiceos,"what.time.is.it.intent","wie viel uhr haben wir es momentan im {location}"
skill-ovos-date-time.openvoiceos,"what.time.is.it.intent","wie viel uhr haben wir es momentan in {location}"
skill-ovos-date-time.openvoiceos,"what.time.is.it.intent","wie viel uhr haben wir es momentan von {location}"
skill-ovos-date-time.openvoiceos,"what.time.is.it.intent","wie viel uhr haben wir es zur zeit"
skill-ovos-date-time.openvoiceos,"what.time.is.it.intent","wie viel uhr haben wir es zur zeit am {location}"
skill-ovos-date-time.openvoiceos,"what.time.is.it.intent","wie viel uhr haben wir es zur zeit an der {location}"
skill-ovos-date-time.openvoiceos,"what.time.is.it.intent","wie viel uhr haben wir es zur zeit aus {location}"
skill-ovos-date-time.openvoiceos,"what.time.is.it.intent","wie viel uhr haben wir es zur zeit bei {location}"
skill-ovos-date-time.openvoiceos,"what.time.is.it.intent","wie viel uhr haben wir es zur zeit im {location}"
skill-ovos-date-time.openvoiceos,"what.time.is.it.intent","wie viel uhr haben wir es zur zeit in {location}"
skill-ovos-date-time.openvoiceos,"what.time.is.it.intent","wie viel uhr haben wir es zur zeit von {location}"
skill-ovos-date-time.openvoiceos,"what.time.is.it.intent","wie viel uhr haben wir es zurzeit"
skill-ovos-date-time.openvoiceos,"what.time.is.it.intent","wie viel uhr haben wir es zurzeit am {location}"
skill-ovos-date-time.openvoiceos,"what.time.is.it.intent","wie viel uhr haben wir es zurzeit an der {location}"
skill-ovos-date-time.openvoiceos,"what.time.is.it.intent","wie viel uhr haben wir es zurzeit aus {location}"
skill-ovos-date-time.openvoiceos,"what.time.is.it.intent","wie viel uhr haben wir es zurzeit bei {location}"
skill-ovos-date-time.openvoiceos,"what.time.is.it.intent","wie viel uhr haben wir es zurzeit im {location}"
skill-ovos-date-time.openvoiceos,"what.time.is.it.intent","wie viel uhr haben wir es zurzeit in {location}"
skill-ovos-date-time.openvoiceos,"what.time.is.it.intent","wie viel uhr haben wir es zurzeit von {location}"
skill-ovos-date-time.openvoiceos,"what.time.is.it.intent","wie viel uhr ist"
skill-ovos-date-time.openvoiceos,"what.time.is.it.intent","wie viel uhr ist   am {location}"
skill-ovos-date-time.openvoiceos,"what.time.is.it.intent","wie viel uhr ist   an der {location}"
skill-ovos-date-time.openvoiceos,"what.time.is.it.intent","wie viel uhr ist   aus {location}"
skill-ovos-date-time.openvoiceos,"what.time.is.it.intent","wie viel uhr ist   bei {location}"
skill-ovos-date-time.openvoiceos,"what.time.is.it.intent","wie viel uhr ist   im {location}"
skill-ovos-date-time.openvoiceos,"what.time.is.it.intent","wie viel uhr ist   in {location}"
skill-ovos-date-time.openvoiceos,"what.time.is.it.intent","wie viel uhr ist   von {location}"
skill-ovos-date-time.openvoiceos,"what.time.is.it.intent","wie viel uhr ist  bei {location}"
skill-ovos-date-time.openvoiceos,"what.time.is.it.intent","wie viel uhr ist  bei {location} im moment"
skill-ovos-date-time.openvoiceos,"what.time.is.it.intent","wie viel uhr ist  bei {location} in diesem Moment"
skill-ovos-date-time.openvoiceos,"what.time.is.it.intent","wie viel uhr ist  bei {location} jetzt"
skill-ovos-date-time.openvoiceos,"what.time.is.it.intent","wie viel uhr ist  bei {location} momentan"
skill-ovos-date-time.openvoiceos,"what.time.is.it.intent","wie viel uhr ist  bei {location} zur zeit"
skill-ovos-date-time.openvoiceos,"what.time.is.it.intent","wie viel uhr ist  bei {location} zurzeit"
skill-ovos-date-time.openvoiceos,"what.time.is.it.intent","wie viel uhr ist  im moment"
skill-ovos-date-time.openvoiceos,"what.time.is.it.intent","wie viel uhr ist  im moment am {location}"
skill-ovos-date-time.openvoiceos,"what.time.is.it.intent","wie viel uhr ist  im moment an der {location}"
skill-ovos-date-time.openvoiceos,"what.time.is.it.intent","wie viel uhr ist  im moment aus {location}"
skill-ovos-date-time.openvoiceos,"what.time.is.it.intent","wie viel uhr ist  im moment bei {location}"
skill-ovos-date-time.openvoiceos,"what.time.is.it.intent","wie viel uhr ist  im moment im {location}"
skill-ovos-date-time.openvoiceos,"what.time.is.it.intent","wie viel uhr ist  im moment in {location}"
skill-ovos-date-time.openvoiceos,"what.time.is.it.intent","wie viel uhr ist  im moment von {location}"
skill-ovos-date-time.openvoiceos,"what.time.is.it.intent","wie viel uhr ist  in diesem Moment"
skill-ovos-date-time.openvoiceos,"what.time.is.it.intent","wie viel uhr ist  in diesem Moment am {location}"
skill-ovos-date-time.openvoiceos,"what.time.is.it.intent","wie viel uhr ist  in diesem Moment an der {location}"
skill-ovos-date-time.openvoiceos,"what.time.is.it.intent","wie viel uhr ist  in diesem Moment aus {location}"
skill-ovos-date-time.openvoiceos,"what.time.is.it.intent","wie viel uhr ist  in diesem Moment bei {location}"
skill-ovos-date-time.openvoiceos,"what.time.is.it.intent","wie viel uhr ist  in diesem Moment im {location}"
skill-ovos-date-time.openvoiceos,"what.time.is.it.intent","wie viel uhr ist  in diesem Moment in {location}"
skill-ovos-date-time.openvoiceos,"what.time.is.it.intent","wie viel uhr ist  in diesem Moment von {location}"
skill-ovos-date-time.openvoiceos,"what.time.is.it.intent","wie viel uhr ist  in {location}"
skill-ovos-date-time.openvoiceos,"what.time.is.it.intent","wie viel uhr ist  in {location} im moment"
skill-ovos-date-time.openvoiceos,"what.time.is.it.intent","wie viel uhr ist  in {location} in diesem Moment"
skill-ovos-date-time.openvoiceos,"what.time.is.it.intent","wie viel uhr ist  in {location} jetzt"
skill-ovos-date-time.openvoiceos,"what.time.is.it.intent","wie viel uhr ist  in {location} momentan"
skill-ovos-date-time.openvoiceos,"what.time.is.it.intent","wie viel uhr ist  in {location} zur zeit"
skill-ovos-date-time.openvoiceos,"what.time.is.it.intent","wie viel uhr ist  in {location} zurzeit"
skill-ovos-date-time.openvoiceos,"what.time.is.it.intent","wie viel uhr ist  jetzt"
skill-ovos-date-time.openvoiceos,"what.time.is.it.intent","wie viel uhr ist  jetzt am {location}"
skill-ovos-date-time.openvoiceos,"what.time.is.it.intent","wie viel uhr ist  jetzt an der {location}"
skill-ovos-date-time.openvoiceos,"what.time.is.it.intent","wie viel uhr ist  jetzt aus {location}"
skill-ovos-date-time.openvoiceos,"what.time.is.it.intent","wie viel uhr ist  jetzt bei {location}"
skill-ovos-date-time.openvoiceos,"what.time.is.it.intent","wie viel uhr ist  jetzt im {location}"
skill-ovos-date-time.openvoiceos,"what.time.is.it.intent","wie viel uhr ist  jetzt in {location}"
skill-ovos-date-time.openvoiceos,"what.time.is.it.intent","wie viel uhr ist  jetzt von {location}"
skill-ovos-date-time.openvoiceos,"what.time.is.it.intent","wie viel uhr ist  momentan"
skill-ovos-date-time.openvoiceos,"what.time.is.it.intent","wie viel uhr ist  momentan am {location}"
skill-ovos-date-time.openvoiceos,"what.time.is.it.intent","wie viel uhr ist  momentan an der {location}"
skill-ovos-date-time.openvoiceos,"what.time.is.it.intent","wie viel uhr ist  momentan aus {location}"
skill-ovos-date-time.openvoiceos,"what.time.is.it.intent","wie viel uhr ist  momentan bei {location}"
skill-ovos-date-time.openvoiceos,"what.time.is.it.intent","wie viel uhr ist  momentan im {location}"
skill-ovos-date-time.openvoiceos,"what.time.is.it.intent","wie viel uhr ist  momentan in {location}"
skill-ovos-date-time.openvoiceos,"what.time.is.it.intent","wie viel uhr ist  momentan von {location}"
skill-ovos-date-time.openvoiceos,"what.time.is.it.intent","wie viel uhr ist  zur zeit"
skill-ovos-date-time.openvoiceos,"what.time.is.it.intent","wie viel uhr ist  zur zeit am {location}"
skill-ovos-date-time.openvoiceos,"what.time.is.it.intent","wie viel uhr ist  zur zeit an der {location}"
skill-ovos-date-time.openvoiceos,"what.time.is.it.intent","wie viel uhr ist  zur zeit aus {location}"
skill-ovos-date-time.openvoiceos,"what.time.is.it.intent","wie viel uhr ist  zur zeit bei {location}"
skill-ovos-date-time.openvoiceos,"what.time.is.it.intent","wie viel uhr ist  zur zeit im {location}"
skill-ovos-date-time.openvoiceos,"what.time.is.it.intent","wie viel uhr ist  zur zeit in {location}"
skill-ovos-date-time.openvoiceos,"what.time.is.it.intent","wie viel uhr ist  zur zeit von {location}"
skill-ovos-date-time.openvoiceos,"what.time.is.it.intent","wie viel uhr ist  zurzeit"
skill-ovos-date-time.openvoiceos,"what.time.is.it.intent","wie viel uhr ist  zurzeit am {location}"
skill-ovos-date-time.openvoiceos,"what.time.is.it.intent","wie viel uhr ist  zurzeit an der {location}"
skill-ovos-date-time.openvoiceos,"what.time.is.it.intent","wie viel uhr ist  zurzeit aus {location}"
skill-ovos-date-time.openvoiceos,"what.time.is.it.intent","wie viel uhr ist  zurzeit bei {location}"
skill-ovos-date-time.openvoiceos,"what.time.is.it.intent","wie viel uhr ist  zurzeit im {location}"
skill-ovos-date-time.openvoiceos,"what.time.is.it.intent","wie viel uhr ist  zurzeit in {location}"
skill-ovos-date-time.openvoiceos,"what.time.is.it.intent","wie viel uhr ist  zurzeit von {location}"
skill-ovos-date-time.openvoiceos,"what.time.is.it.intent","wie viel uhr ist es"
skill-ovos-date-time.openvoiceos,"what.time.is.it.intent","wie viel uhr ist es  am {location}"
skill-ovos-date-time.openvoiceos,"what.time.is.it.intent","wie viel uhr ist es  an der {location}"
skill-ovos-date-time.openvoiceos,"what.time.is.it.intent","wie viel uhr ist es  aus {location}"
skill-ovos-date-time.openvoiceos,"what.time.is.it.intent","wie viel uhr ist es  bei {location}"
skill-ovos-date-time.openvoiceos,"what.time.is.it.intent","wie viel uhr ist es  im {location}"
skill-ovos-date-time.openvoiceos,"what.time.is.it.intent","wie viel uhr ist es  in {location}"
skill-ovos-date-time.openvoiceos,"what.time.is.it.intent","wie viel uhr ist es  von {location}"
skill-ovos-date-time.openvoiceos,"what.time.is.it.intent","wie viel uhr ist es bei {location}"
skill-ovos-date-time.openvoiceos,"what.time.is.it.intent","wie viel uhr ist es bei {location} im moment"
skill-ovos-date-time.openvoiceos,"what.time.is.it.intent","wie viel uhr ist es bei {location} in diesem Moment"
skill-ovos-date-time.openvoiceos,"what.time.is.it.intent","wie viel uhr ist es bei {location} jetzt"
skill-ovos-date-time.openvoiceos,"what.time.is.it.intent","wie viel uhr ist es bei {location} momentan"
skill-ovos-date-time.openvoiceos,"what.time.is.it.intent","wie viel uhr ist es bei {location} zur zeit"
skill-ovos-date-time.openvoiceos,"what.time.is.it.intent","wie viel uhr ist es bei {location} zurzeit"
skill-ovos-date-time.openvoiceos,"what.time.is.it.intent","wie viel uhr ist es im moment"
skill-ovos-date-time.openvoiceos,"what.time.is.it.intent","wie viel uhr ist es im moment am {location}"
skill-ovos-date-time.openvoiceos,"what.time.is.it.intent","wie viel uhr ist es im moment an der {location}"
skill-ovos-date-time.openvoiceos,"what.time.is.it.intent","wie viel uhr ist es im moment aus {location}"
skill-ovos-date-time.openvoiceos,"what.time.is.it.intent","wie viel uhr ist es im moment bei {location}"
skill-ovos-date-time.openvoiceos,"what.time.is.it.intent","wie viel uhr ist es im moment im {location}"
skill-ovos-date-time.openvoiceos,"what.time.is.it.intent","wie viel uhr ist es im moment in {location}"
skill-ovos-date-time.openvoiceos,"what.time.is.it.intent","wie viel uhr ist es im moment von {location}"
skill-ovos-date-time.openvoiceos,"what.time.is.it.intent","wie viel uhr ist es in diesem Moment"
skill-ovos-date-time.openvoiceos,"what.time.is.it.intent","wie viel uhr ist es in diesem Moment am {location}"
skill-ovos-date-time.openvoiceos,"what.time.is.it.intent","wie viel uhr ist es in diesem Moment an der {location}"
skill-ovos-date-time.openvoiceos,"what.time.is.it.intent","wie viel uhr ist es in diesem Moment aus {location}"
skill-ovos-date-time.openvoiceos,"what.time.is.it.intent","wie viel uhr ist es in diesem Moment bei {location}"
skill-ovos-date-time.openvoiceos,"what.time.is.it.intent","wie viel uhr ist es in diesem Moment im {location}"
skill-ovos-date-time.openvoiceos,"what.time.is.it.intent","wie viel uhr ist es in diesem Moment in {location}"
skill-ovos-date-time.openvoiceos,"what.time.is.it.intent","wie viel uhr ist es in diesem Moment von {location}"
skill-ovos-date-time.openvoiceos,"what.time.is.it.intent","wie viel uhr ist es in {location}"
skill-ovos-date-time.openvoiceos,"what.time.is.it.intent","wie viel uhr ist es in {location} im moment"
skill-ovos-date-time.openvoiceos,"what.time.is.it.intent","wie viel uhr ist es in {location} in diesem Moment"
skill-ovos-date-time.openvoiceos,"what.time.is.it.intent","wie viel uhr ist es in {location} jetzt"
skill-ovos-date-time.openvoiceos,"what.time.is.it.intent","wie viel uhr ist es in {location} momentan"
skill-ovos-date-time.openvoiceos,"what.time.is.it.intent","wie viel uhr ist es in {location} zur zeit"
skill-ovos-date-time.openvoiceos,"what.time.is.it.intent","wie viel uhr ist es in {location} zurzeit"
skill-ovos-date-time.openvoiceos,"what.time.is.it.intent","wie viel uhr ist es jetzt"
skill-ovos-date-time.openvoiceos,"what.time.is.it.intent","wie viel uhr ist es jetzt am {location}"
skill-ovos-date-time.openvoiceos,"what.time.is.it.intent","wie viel uhr ist es jetzt an der {location}"
skill-ovos-date-time.openvoiceos,"what.time.is.it.intent","wie viel uhr ist es jetzt aus {location}"
skill-ovos-date-time.openvoiceos,"what.time.is.it.intent","wie viel uhr ist es jetzt bei {location}"
skill-ovos-date-time.openvoiceos,"what.time.is.it.intent","wie viel uhr ist es jetzt im {location}"
skill-ovos-date-time.openvoiceos,"what.time.is.it.intent","wie viel uhr ist es jetzt in {location}"
skill-ovos-date-time.openvoiceos,"what.time.is.it.intent","wie viel uhr ist es jetzt von {location}"
skill-ovos-date-time.openvoiceos,"what.time.is.it.intent","wie viel uhr ist es momentan"
skill-ovos-date-time.openvoiceos,"what.time.is.it.intent","wie viel uhr ist es momentan am {location}"
skill-ovos-date-time.openvoiceos,"what.time.is.it.intent","wie viel uhr ist es momentan an der {location}"
skill-ovos-date-time.openvoiceos,"what.time.is.it.intent","wie viel uhr ist es momentan aus {location}"
skill-ovos-date-time.openvoiceos,"what.time.is.it.intent","wie viel uhr ist es momentan bei {location}"
skill-ovos-date-time.openvoiceos,"what.time.is.it.intent","wie viel uhr ist es momentan im {location}"
skill-ovos-date-time.openvoiceos,"what.time.is.it.intent","wie viel uhr ist es momentan in {location}"
skill-ovos-date-time.openvoiceos,"what.time.is.it.intent","wie viel uhr ist es momentan von {location}"
skill-ovos-date-time.openvoiceos,"what.time.is.it.intent","wie viel uhr ist es zur zeit"
skill-ovos-date-time.openvoiceos,"what.time.is.it.intent","wie viel uhr ist es zur zeit am {location}"
skill-ovos-date-time.openvoiceos,"what.time.is.it.intent","wie viel uhr ist es zur zeit an der {location}"
skill-ovos-date-time.openvoiceos,"what.time.is.it.intent","wie viel uhr ist es zur zeit aus {location}"
skill-ovos-date-time.openvoiceos,"what.time.is.it.intent","wie viel uhr ist es zur zeit bei {location}"
skill-ovos-date-time.openvoiceos,"what.time.is.it.intent","wie viel uhr ist es zur zeit im {location}"
skill-ovos-date-time.openvoiceos,"what.time.is.it.intent","wie viel uhr ist es zur zeit in {location}"
skill-ovos-date-time.openvoiceos,"what.time.is.it.intent","wie viel uhr ist es zur zeit von {location}"
skill-ovos-date-time.openvoiceos,"what.time.is.it.intent","wie viel uhr ist es zurzeit"
skill-ovos-date-time.openvoiceos,"what.time.is.it.intent","wie viel uhr ist es zurzeit am {location}"
skill-ovos-date-time.openvoiceos,"what.time.is.it.intent","wie viel uhr ist es zurzeit an der {location}"
skill-ovos-date-time.openvoiceos,"what.time.is.it.intent","wie viel uhr ist es zurzeit aus {location}"
skill-ovos-date-time.openvoiceos,"what.time.is.it.intent","wie viel uhr ist es zurzeit bei {location}"
skill-ovos-date-time.openvoiceos,"what.time.is.it.intent","wie viel uhr ist es zurzeit im {location}"
skill-ovos-date-time.openvoiceos,"what.time.is.it.intent","wie viel uhr ist es zurzeit in {location}"
skill-ovos-date-time.openvoiceos,"what.time.is.it.intent","wie viel uhr ist es zurzeit von {location}"
skill-ovos-date-time.openvoiceos,"what.time.is.it.intent","wieviel uhr haben wir"
skill-ovos-date-time.openvoiceos,"what.time.is.it.intent","wieviel uhr haben wir   am {location}"
skill-ovos-date-time.openvoiceos,"what.time.is.it.intent","wieviel uhr haben wir   an der {location}"
skill-ovos-date-time.openvoiceos,"what.time.is.it.intent","wieviel uhr haben wir   aus {location}"
skill-ovos-date-time.openvoiceos,"what.time.is.it.intent","wieviel uhr haben wir   bei {location}"
skill-ovos-date-time.openvoiceos,"what.time.is.it.intent","wieviel uhr haben wir   im {location}"
skill-ovos-date-time.openvoiceos,"what.time.is.it.intent","wieviel uhr haben wir   in {location}"
skill-ovos-date-time.openvoiceos,"what.time.is.it.intent","wieviel uhr haben wir   von {location}"
skill-ovos-date-time.openvoiceos,"what.time.is.it.intent","wieviel uhr haben wir  an der {location}"
skill-ovos-date-time.openvoiceos,"what.time.is.it.intent","wieviel uhr haben wir  an der {location} im moment"
skill-ovos-date-time.openvoiceos,"what.time.is.it.intent","wieviel uhr haben wir  an der {location} in diesem Moment"
skill-ovos-date-time.openvoiceos,"what.time.is.it.intent","wieviel uhr haben wir  an der {location} jetzt"
skill-ovos-date-time.openvoiceos,"what.time.is.it.intent","wieviel uhr haben wir  an der {location} momentan"
skill-ovos-date-time.openvoiceos,"what.time.is.it.intent","wieviel uhr haben wir  an der {location} zur zeit"
skill-ovos-date-time.openvoiceos,"what.time.is.it.intent","wieviel uhr haben wir  an der {location} zurzeit"
skill-ovos-date-time.openvoiceos,"what.time.is.it.intent","wieviel uhr haben wir  bei {location}"
skill-ovos-date-time.openvoiceos,"what.time.is.it.intent","wieviel uhr haben wir  bei {location} im moment"
skill-ovos-date-time.openvoiceos,"what.time.is.it.intent","wieviel uhr haben wir  bei {location} in diesem Moment"
skill-ovos-date-time.openvoiceos,"what.time.is.it.intent","wieviel uhr haben wir  bei {location} jetzt"
skill-ovos-date-time.openvoiceos,"what.time.is.it.intent","wieviel uhr haben wir  bei {location} momentan"
skill-ovos-date-time.openvoiceos,"what.time.is.it.intent","wieviel uhr haben wir  bei {location} zur zeit"
skill-ovos-date-time.openvoiceos,"what.time.is.it.intent","wieviel uhr haben wir  bei {location} zurzeit"
skill-ovos-date-time.openvoiceos,"what.time.is.it.intent","wieviel uhr haben wir  im moment"
skill-ovos-date-time.openvoiceos,"what.time.is.it.intent","wieviel uhr haben wir  im moment am {location}"
skill-ovos-date-time.openvoiceos,"what.time.is.it.intent","wieviel uhr haben wir  im moment an der {location}"
skill-ovos-date-time.openvoiceos,"what.time.is.it.intent","wieviel uhr haben wir  im moment aus {location}"
skill-ovos-date-time.openvoiceos,"what.time.is.it.intent","wieviel uhr haben wir  im moment bei {location}"
skill-ovos-date-time.openvoiceos,"what.time.is.it.intent","wieviel uhr haben wir  im moment im {location}"
skill-ovos-date-time.openvoiceos,"what.time.is.it.intent","wieviel uhr haben wir  im moment in {location}"
skill-ovos-date-time.openvoiceos,"what.time.is.it.intent","wieviel uhr haben wir  im moment von {location}"
skill-ovos-date-time.openvoiceos,"what.time.is.it.intent","wieviel uhr haben wir  im {location}"
skill-ovos-date-time.openvoiceos,"what.time.is.it.intent","wieviel uhr haben wir  im {location} im moment"
skill-ovos-date-time.openvoiceos,"what.time.is.it.intent","wieviel uhr haben wir  im {location} in diesem Moment"
skill-ovos-date-time.openvoiceos,"what.time.is.it.intent","wieviel uhr haben wir  im {location} jetzt"
skill-ovos-date-time.openvoiceos,"what.time.is.it.intent","wieviel uhr haben wir  im {location} momentan"
skill-ovos-date-time.openvoiceos,"what.time.is.it.intent","wieviel uhr haben wir  im {location} zur zeit"
skill-ovos-date-time.openvoiceos,"what.time.is.it.intent","wieviel uhr haben wir  im {location} zurzeit"
skill-ovos-date-time.openvoiceos,"what.time.is.it.intent","wieviel uhr haben wir  in diesem Moment"
skill-ovos-date-time.openvoiceos,"what.time.is.it.intent","wieviel uhr haben wir  in diesem Moment am {location}"
skill-ovos-date-time.openvoiceos,"what.time.is.it.intent","wieviel uhr haben wir  in diesem Moment an der {location}"
skill-ovos-date-time.openvoiceos,"what.time.is.it.intent","wieviel uhr haben wir  in diesem Moment aus {location}"
skill-ovos-date-time.openvoiceos,"what.time.is.it.intent","wieviel uhr haben wir  in diesem Moment bei {location}"
skill-ovos-date-time.openvoiceos,"what.time.is.it.intent","wieviel uhr haben wir  in diesem Moment im {location}"
skill-ovos-date-time.openvoiceos,"what.time.is.it.intent","wieviel uhr haben wir  in diesem Moment in {location}"
skill-ovos-date-time.openvoiceos,"what.time.is.it.intent","wieviel uhr haben wir  in diesem Moment von {location}"
skill-ovos-date-time.openvoiceos,"what.time.is.it.intent","wieviel uhr haben wir  in {location}"
skill-ovos-date-time.openvoiceos,"what.time.is.it.intent","wieviel uhr haben wir  in {location} im moment"
skill-ovos-date-time.openvoiceos,"what.time.is.it.intent","wieviel uhr haben wir  in {location} in diesem Moment"
skill-ovos-date-time.openvoiceos,"what.time.is.it.intent","wieviel uhr haben wir  in {location} jetzt"
skill-ovos-date-time.openvoiceos,"what.time.is.it.intent","wieviel uhr haben wir  in {location} momentan"
skill-ovos-date-time.openvoiceos,"what.time.is.it.intent","wieviel uhr haben wir  in {location} zur zeit"
skill-ovos-date-time.openvoiceos,"what.time.is.it.intent","wieviel uhr haben wir  in {location} zurzeit"
skill-ovos-date-time.openvoiceos,"what.time.is.it.intent","wieviel uhr haben wir  jetzt"
skill-ovos-date-time.openvoiceos,"what.time.is.it.intent","wieviel uhr haben wir  jetzt am {location}"
skill-ovos-date-time.openvoiceos,"what.time.is.it.intent","wieviel uhr haben wir  jetzt an der {location}"
skill-ovos-date-time.openvoiceos,"what.time.is.it.intent","wieviel uhr haben wir  jetzt aus {location}"
skill-ovos-date-time.openvoiceos,"what.time.is.it.intent","wieviel uhr haben wir  jetzt bei {location}"
skill-ovos-date-time.openvoiceos,"what.time.is.it.intent","wieviel uhr haben wir  jetzt im {location}"
skill-ovos-date-time.openvoiceos,"what.time.is.it.intent","wieviel uhr haben wir  jetzt in {location}"
skill-ovos-date-time.openvoiceos,"what.time.is.it.intent","wieviel uhr haben wir  jetzt von {location}"
skill-ovos-date-time.openvoiceos,"what.time.is.it.intent","wieviel uhr haben wir  momentan"
skill-ovos-date-time.openvoiceos,"what.time.is.it.intent","wieviel uhr haben wir  momentan am {location}"
skill-ovos-date-time.openvoiceos,"what.time.is.it.intent","wieviel uhr haben wir  momentan an der {location}"
skill-ovos-date-time.openvoiceos,"what.time.is.it.intent","wieviel uhr haben wir  momentan aus {location}"
skill-ovos-date-time.openvoiceos,"what.time.is.it.intent","wieviel uhr haben wir  momentan bei {location}"
skill-ovos-date-time.openvoiceos,"what.time.is.it.intent","wieviel uhr haben wir  momentan im {location}"
skill-ovos-date-time.openvoiceos,"what.time.is.it.intent","wieviel uhr haben wir  momentan in {location}"
skill-ovos-date-time.openvoiceos,"what.time.is.it.intent","wieviel uhr haben wir  momentan von {location}"
skill-ovos-date-time.openvoiceos,"what.time.is.it.intent","wieviel uhr haben wir  zur zeit"
skill-ovos-date-time.openvoiceos,"what.time.is.it.intent","wieviel uhr haben wir  zur zeit am {location}"
skill-ovos-date-time.openvoiceos,"what.time.is.it.intent","wieviel uhr haben wir  zur zeit an der {location}"
skill-ovos-date-time.openvoiceos,"what.time.is.it.intent","wieviel uhr haben wir  zur zeit aus {location}"
skill-ovos-date-time.openvoiceos,"what.time.is.it.intent","wieviel uhr haben wir  zur zeit bei {location}"
skill-ovos-date-time.openvoiceos,"what.time.is.it.intent","wieviel uhr haben wir  zur zeit im {location}"
skill-ovos-date-time.openvoiceos,"what.time.is.it.intent","wieviel uhr haben wir  zur zeit in {location}"
skill-ovos-date-time.openvoiceos,"what.time.is.it.intent","wieviel uhr haben wir  zur zeit von {location}"
skill-ovos-date-time.openvoiceos,"what.time.is.it.intent","wieviel uhr haben wir  zurzeit"
skill-ovos-date-time.openvoiceos,"what.time.is.it.intent","wieviel uhr haben wir  zurzeit am {location}"
skill-ovos-date-time.openvoiceos,"what.time.is.it.intent","wieviel uhr haben wir  zurzeit an der {location}"
skill-ovos-date-time.openvoiceos,"what.time.is.it.intent","wieviel uhr haben wir  zurzeit aus {location}"
skill-ovos-date-time.openvoiceos,"what.time.is.it.intent","wieviel uhr haben wir  zurzeit bei {location}"
skill-ovos-date-time.openvoiceos,"what.time.is.it.intent","wieviel uhr haben wir  zurzeit im {location}"
skill-ovos-date-time.openvoiceos,"what.time.is.it.intent","wieviel uhr haben wir  zurzeit in {location}"
skill-ovos-date-time.openvoiceos,"what.time.is.it.intent","wieviel uhr haben wir  zurzeit von {location}"
skill-ovos-date-time.openvoiceos,"what.time.is.it.intent","wieviel uhr haben wir es"
skill-ovos-date-time.openvoiceos,"what.time.is.it.intent","wieviel uhr haben wir es  am {location}"
skill-ovos-date-time.openvoiceos,"what.time.is.it.intent","wieviel uhr haben wir es  an der {location}"
skill-ovos-date-time.openvoiceos,"what.time.is.it.intent","wieviel uhr haben wir es  aus {location}"
skill-ovos-date-time.openvoiceos,"what.time.is.it.intent","wieviel uhr haben wir es  bei {location}"
skill-ovos-date-time.openvoiceos,"what.time.is.it.intent","wieviel uhr haben wir es  im {location}"
skill-ovos-date-time.openvoiceos,"what.time.is.it.intent","wieviel uhr haben wir es  in {location}"
skill-ovos-date-time.openvoiceos,"what.time.is.it.intent","wieviel uhr haben wir es  von {location}"
skill-ovos-date-time.openvoiceos,"what.time.is.it.intent","wieviel uhr haben wir es an der {location}"
skill-ovos-date-time.openvoiceos,"what.time.is.it.intent","wieviel uhr haben wir es an der {location} im moment"
skill-ovos-date-time.openvoiceos,"what.time.is.it.intent","wieviel uhr haben wir es an der {location} in diesem Moment"
skill-ovos-date-time.openvoiceos,"what.time.is.it.intent","wieviel uhr haben wir es an der {location} jetzt"
skill-ovos-date-time.openvoiceos,"what.time.is.it.intent","wieviel uhr haben wir es an der {location} momentan"
skill-ovos-date-time.openvoiceos,"what.time.is.it.intent","wieviel uhr haben wir es an der {location} zur zeit"
skill-ovos-date-time.openvoiceos,"what.time.is.it.intent","wieviel uhr haben wir es an der {location} zurzeit"
skill-ovos-date-time.openvoiceos,"what.time.is.it.intent","wieviel uhr haben wir es bei {location}"
skill-ovos-date-time.openvoiceos,"what.time.is.it.intent","wieviel uhr haben wir es bei {location} im moment"
skill-ovos-date-time.openvoiceos,"what.time.is.it.intent","wieviel uhr haben wir es bei {location} in diesem Moment"
skill-ovos-date-time.openvoiceos,"what.time.is.it.intent","wieviel uhr haben wir es bei {location} jetzt"
skill-ovos-date-time.openvoiceos,"what.time.is.it.intent","wieviel uhr haben wir es bei {location} momentan"
skill-ovos-date-time.openvoiceos,"what.time.is.it.intent","wieviel uhr haben wir es bei {location} zur zeit"
skill-ovos-date-time.openvoiceos,"what.time.is.it.intent","wieviel uhr haben wir es bei {location} zurzeit"
skill-ovos-date-time.openvoiceos,"what.time.is.it.intent","wieviel uhr haben wir es im moment"
skill-ovos-date-time.openvoiceos,"what.time.is.it.intent","wieviel uhr haben wir es im moment am {location}"
skill-ovos-date-time.openvoiceos,"what.time.is.it.intent","wieviel uhr haben wir es im moment an der {location}"
skill-ovos-date-time.openvoiceos,"what.time.is.it.intent","wieviel uhr haben wir es im moment aus {location}"
skill-ovos-date-time.openvoiceos,"what.time.is.it.intent","wieviel uhr haben wir es im moment bei {location}"
skill-ovos-date-time.openvoiceos,"what.time.is.it.intent","wieviel uhr haben wir es im moment im {location}"
skill-ovos-date-time.openvoiceos,"what.time.is.it.intent","wieviel uhr haben wir es im moment in {location}"
skill-ovos-date-time.openvoiceos,"what.time.is.it.intent","wieviel uhr haben wir es im moment von {location}"
skill-ovos-date-time.openvoiceos,"what.time.is.it.intent","wieviel uhr haben wir es im {location}"
skill-ovos-date-time.openvoiceos,"what.time.is.it.intent","wieviel uhr haben wir es im {location} im moment"
skill-ovos-date-time.openvoiceos,"what.time.is.it.intent","wieviel uhr haben wir es im {location} in diesem Moment"
skill-ovos-date-time.openvoiceos,"what.time.is.it.intent","wieviel uhr haben wir es im {location} jetzt"
skill-ovos-date-time.openvoiceos,"what.time.is.it.intent","wieviel uhr haben wir es im {location} momentan"
skill-ovos-date-time.openvoiceos,"what.time.is.it.intent","wieviel uhr haben wir es im {location} zur zeit"
skill-ovos-date-time.openvoiceos,"what.time.is.it.intent","wieviel uhr haben wir es im {location} zurzeit"
skill-ovos-date-time.openvoiceos,"what.time.is.it.intent","wieviel uhr haben wir es in diesem Moment"
skill-ovos-date-time.openvoiceos,"what.time.is.it.intent","wieviel uhr haben wir es in diesem Moment am {location}"
skill-ovos-date-time.openvoiceos,"what.time.is.it.intent","wieviel uhr haben wir es in diesem Moment an der {location}"
skill-ovos-date-time.openvoiceos,"what.time.is.it.intent","wieviel uhr haben wir es in diesem Moment aus {location}"
skill-ovos-date-time.openvoiceos,"what.time.is.it.intent","wieviel uhr haben wir es in diesem Moment bei {location}"
skill-ovos-date-time.openvoiceos,"what.time.is.it.intent","wieviel uhr haben wir es in diesem Moment im {location}"
skill-ovos-date-time.openvoiceos,"what.time.is.it.intent","wieviel uhr haben wir es in diesem Moment in {location}"
skill-ovos-date-time.openvoiceos,"what.time.is.it.intent","wieviel uhr haben wir es in diesem Moment von {location}"
skill-ovos-date-time.openvoiceos,"what.time.is.it.intent","wieviel uhr haben wir es in {location}"
skill-ovos-date-time.openvoiceos,"what.time.is.it.intent","wieviel uhr haben wir es in {location} im moment"
skill-ovos-date-time.openvoiceos,"what.time.is.it.intent","wieviel uhr haben wir es in {location} in diesem Moment"
skill-ovos-date-time.openvoiceos,"what.time.is.it.intent","wieviel uhr haben wir es in {location} jetzt"
skill-ovos-date-time.openvoiceos,"what.time.is.it.intent","wieviel uhr haben wir es in {location} momentan"
skill-ovos-date-time.openvoiceos,"what.time.is.it.intent","wieviel uhr haben wir es in {location} zur zeit"
skill-ovos-date-time.openvoiceos,"what.time.is.it.intent","wieviel uhr haben wir es in {location} zurzeit"
skill-ovos-date-time.openvoiceos,"what.time.is.it.intent","wieviel uhr haben wir es jetzt"
skill-ovos-date-time.openvoiceos,"what.time.is.it.intent","wieviel uhr haben wir es jetzt am {location}"
skill-ovos-date-time.openvoiceos,"what.time.is.it.intent","wieviel uhr haben wir es jetzt an der {location}"
skill-ovos-date-time.openvoiceos,"what.time.is.it.intent","wieviel uhr haben wir es jetzt aus {location}"
skill-ovos-date-time.openvoiceos,"what.time.is.it.intent","wieviel uhr haben wir es jetzt bei {location}"
skill-ovos-date-time.openvoiceos,"what.time.is.it.intent","wieviel uhr haben wir es jetzt im {location}"
skill-ovos-date-time.openvoiceos,"what.time.is.it.intent","wieviel uhr haben wir es jetzt in {location}"
skill-ovos-date-time.openvoiceos,"what.time.is.it.intent","wieviel uhr haben wir es jetzt von {location}"
skill-ovos-date-time.openvoiceos,"what.time.is.it.intent","wieviel uhr haben wir es momentan"
skill-ovos-date-time.openvoiceos,"what.time.is.it.intent","wieviel uhr haben wir es momentan am {location}"
skill-ovos-date-time.openvoiceos,"what.time.is.it.intent","wieviel uhr haben wir es momentan an der {location}"
skill-ovos-date-time.openvoiceos,"what.time.is.it.intent","wieviel uhr haben wir es momentan aus {location}"
skill-ovos-date-time.openvoiceos,"what.time.is.it.intent","wieviel uhr haben wir es momentan bei {location}"
skill-ovos-date-time.openvoiceos,"what.time.is.it.intent","wieviel uhr haben wir es momentan im {location}"
skill-ovos-date-time.openvoiceos,"what.time.is.it.intent","wieviel uhr haben wir es momentan in {location}"
skill-ovos-date-time.openvoiceos,"what.time.is.it.intent","wieviel uhr haben wir es momentan von {location}"
skill-ovos-date-time.openvoiceos,"what.time.is.it.intent","wieviel uhr haben wir es zur zeit"
skill-ovos-date-time.openvoiceos,"what.time.is.it.intent","wieviel uhr haben wir es zur zeit am {location}"
skill-ovos-date-time.openvoiceos,"what.time.is.it.intent","wieviel uhr haben wir es zur zeit an der {location}"
skill-ovos-date-time.openvoiceos,"what.time.is.it.intent","wieviel uhr haben wir es zur zeit aus {location}"
skill-ovos-date-time.openvoiceos,"what.time.is.it.intent","wieviel uhr haben wir es zur zeit bei {location}"
skill-ovos-date-time.openvoiceos,"what.time.is.it.intent","wieviel uhr haben wir es zur zeit im {location}"
skill-ovos-date-time.openvoiceos,"what.time.is.it.intent","wieviel uhr haben wir es zur zeit in {location}"
skill-ovos-date-time.openvoiceos,"what.time.is.it.intent","wieviel uhr haben wir es zur zeit von {location}"
skill-ovos-date-time.openvoiceos,"what.time.is.it.intent","wieviel uhr haben wir es zurzeit"
skill-ovos-date-time.openvoiceos,"what.time.is.it.intent","wieviel uhr haben wir es zurzeit am {location}"
skill-ovos-date-time.openvoiceos,"what.time.is.it.intent","wieviel uhr haben wir es zurzeit an der {location}"
skill-ovos-date-time.openvoiceos,"what.time.is.it.intent","wieviel uhr haben wir es zurzeit aus {location}"
skill-ovos-date-time.openvoiceos,"what.time.is.it.intent","wieviel uhr haben wir es zurzeit bei {location}"
skill-ovos-date-time.openvoiceos,"what.time.is.it.intent","wieviel uhr haben wir es zurzeit im {location}"
skill-ovos-date-time.openvoiceos,"what.time.is.it.intent","wieviel uhr haben wir es zurzeit in {location}"
skill-ovos-date-time.openvoiceos,"what.time.is.it.intent","wieviel uhr haben wir es zurzeit von {location}"
skill-ovos-date-time.openvoiceos,"what.time.is.it.intent","wieviel uhr ist"
skill-ovos-date-time.openvoiceos,"what.time.is.it.intent","wieviel uhr ist   am {location}"
skill-ovos-date-time.openvoiceos,"what.time.is.it.intent","wieviel uhr ist   an der {location}"
skill-ovos-date-time.openvoiceos,"what.time.is.it.intent","wieviel uhr ist   aus {location}"
skill-ovos-date-time.openvoiceos,"what.time.is.it.intent","wieviel uhr ist   bei {location}"
skill-ovos-date-time.openvoiceos,"what.time.is.it.intent","wieviel uhr ist   im {location}"
skill-ovos-date-time.openvoiceos,"what.time.is.it.intent","wieviel uhr ist   in {location}"
skill-ovos-date-time.openvoiceos,"what.time.is.it.intent","wieviel uhr ist   von {location}"
skill-ovos-date-time.openvoiceos,"what.time.is.it.intent","wieviel uhr ist  bei {location}"
skill-ovos-date-time.openvoiceos,"what.time.is.it.intent","wieviel uhr ist  bei {location} im moment"
skill-ovos-date-time.openvoiceos,"what.time.is.it.intent","wieviel uhr ist  bei {location} in diesem Moment"
skill-ovos-date-time.openvoiceos,"what.time.is.it.intent","wieviel uhr ist  bei {location} jetzt"
skill-ovos-date-time.openvoiceos,"what.time.is.it.intent","wieviel uhr ist  bei {location} momentan"
skill-ovos-date-time.openvoiceos,"what.time.is.it.intent","wieviel uhr ist  bei {location} zur zeit"
skill-ovos-date-time.openvoiceos,"what.time.is.it.intent","wieviel uhr ist  bei {location} zurzeit"
skill-ovos-date-time.openvoiceos,"what.time.is.it.intent","wieviel uhr ist  im moment"
skill-ovos-date-time.openvoiceos,"what.time.is.it.intent","wieviel uhr ist  im moment am {location}"
skill-ovos-date-time.openvoiceos,"what.time.is.it.intent","wieviel uhr ist  im moment an der {location}"
skill-ovos-date-time.openvoiceos,"what.time.is.it.intent","wieviel uhr ist  im moment aus {location}"
skill-ovos-date-time.openvoiceos,"what.time.is.it.intent","wieviel uhr ist  im moment bei {location}"
skill-ovos-date-time.openvoiceos,"what.time.is.it.intent","wieviel uhr ist  im moment im {location}"
skill-ovos-date-time.openvoiceos,"what.time.is.it.intent","wieviel uhr ist  im moment in {location}"
skill-ovos-date-time.openvoiceos,"what.time.is.it.intent","wieviel uhr ist  im moment von {location}"
skill-ovos-date-time.openvoiceos,"what.time.is.it.intent","wieviel uhr ist  in diesem Moment"
skill-ovos-date-time.openvoiceos,"what.time.is.it.intent","wieviel uhr ist  in diesem Moment am {location}"
skill-ovos-date-time.openvoiceos,"what.time.is.it.intent","wieviel uhr ist  in diesem Moment an der {location}"
skill-ovos-date-time.openvoiceos,"what.time.is.it.intent","wieviel uhr ist  in diesem Moment aus {location}"
skill-ovos-date-time.openvoiceos,"what.time.is.it.intent","wieviel uhr ist  in diesem Moment bei {location}"
skill-ovos-date-time.openvoiceos,"what.time.is.it.intent","wieviel uhr ist  in diesem Moment im {location}"
skill-ovos-date-time.openvoiceos,"what.time.is.it.intent","wieviel uhr ist  in diesem Moment in {location}"
skill-ovos-date-time.openvoiceos,"what.time.is.it.intent","wieviel uhr ist  in diesem Moment von {location}"
skill-ovos-date-time.openvoiceos,"what.time.is.it.intent","wieviel uhr ist  in {location}"
skill-ovos-date-time.openvoiceos,"what.time.is.it.intent","wieviel uhr ist  in {location} im moment"
skill-ovos-date-time.openvoiceos,"what.time.is.it.intent","wieviel uhr ist  in {location} in diesem Moment"
skill-ovos-date-time.openvoiceos,"what.time.is.it.intent","wieviel uhr ist  in {location} jetzt"
skill-ovos-date-time.openvoiceos,"what.time.is.it.intent","wieviel uhr ist  in {location} momentan"
skill-ovos-date-time.openvoiceos,"what.time.is.it.intent","wieviel uhr ist  in {location} zur zeit"
skill-ovos-date-time.openvoiceos,"what.time.is.it.intent","wieviel uhr ist  in {location} zurzeit"
skill-ovos-date-time.openvoiceos,"what.time.is.it.intent","wieviel uhr ist  jetzt"
skill-ovos-date-time.openvoiceos,"what.time.is.it.intent","wieviel uhr ist  jetzt am {location}"
skill-ovos-date-time.openvoiceos,"what.time.is.it.intent","wieviel uhr ist  jetzt an der {location}"
skill-ovos-date-time.openvoiceos,"what.time.is.it.intent","wieviel uhr ist  jetzt aus {location}"
skill-ovos-date-time.openvoiceos,"what.time.is.it.intent","wieviel uhr ist  jetzt bei {location}"
skill-ovos-date-time.openvoiceos,"what.time.is.it.intent","wieviel uhr ist  jetzt im {location}"
skill-ovos-date-time.openvoiceos,"what.time.is.it.intent","wieviel uhr ist  jetzt in {location}"
skill-ovos-date-time.openvoiceos,"what.time.is.it.intent","wieviel uhr ist  jetzt von {location}"
skill-ovos-date-time.openvoiceos,"what.time.is.it.intent","wieviel uhr ist  momentan"
skill-ovos-date-time.openvoiceos,"what.time.is.it.intent","wieviel uhr ist  momentan am {location}"
skill-ovos-date-time.openvoiceos,"what.time.is.it.intent","wieviel uhr ist  momentan an der {location}"
skill-ovos-date-time.openvoiceos,"what.time.is.it.intent","wieviel uhr ist  momentan aus {location}"
skill-ovos-date-time.openvoiceos,"what.time.is.it.intent","wieviel uhr ist  momentan bei {location}"
skill-ovos-date-time.openvoiceos,"what.time.is.it.intent","wieviel uhr ist  momentan im {location}"
skill-ovos-date-time.openvoiceos,"what.time.is.it.intent","wieviel uhr ist  momentan in {location}"
skill-ovos-date-time.openvoiceos,"what.time.is.it.intent","wieviel uhr ist  momentan von {location}"
skill-ovos-date-time.openvoiceos,"what.time.is.it.intent","wieviel uhr ist  zur zeit"
skill-ovos-date-time.openvoiceos,"what.time.is.it.intent","wieviel uhr ist  zur zeit am {location}"
skill-ovos-date-time.openvoiceos,"what.time.is.it.intent","wieviel uhr ist  zur zeit an der {location}"
skill-ovos-date-time.openvoiceos,"what.time.is.it.intent","wieviel uhr ist  zur zeit aus {location}"
skill-ovos-date-time.openvoiceos,"what.time.is.it.intent","wieviel uhr ist  zur zeit bei {location}"
skill-ovos-date-time.openvoiceos,"what.time.is.it.intent","wieviel uhr ist  zur zeit im {location}"
skill-ovos-date-time.openvoiceos,"what.time.is.it.intent","wieviel uhr ist  zur zeit in {location}"
skill-ovos-date-time.openvoiceos,"what.time.is.it.intent","wieviel uhr ist  zur zeit von {location}"
skill-ovos-date-time.openvoiceos,"what.time.is.it.intent","wieviel uhr ist  zurzeit"
skill-ovos-date-time.openvoiceos,"what.time.is.it.intent","wieviel uhr ist  zurzeit am {location}"
skill-ovos-date-time.openvoiceos,"what.time.is.it.intent","wieviel uhr ist  zurzeit an der {location}"
skill-ovos-date-time.openvoiceos,"what.time.is.it.intent","wieviel uhr ist  zurzeit aus {location}"
skill-ovos-date-time.openvoiceos,"what.time.is.it.intent","wieviel uhr ist  zurzeit bei {location}"
skill-ovos-date-time.openvoiceos,"what.time.is.it.intent","wieviel uhr ist  zurzeit im {location}"
skill-ovos-date-time.openvoiceos,"what.time.is.it.intent","wieviel uhr ist  zurzeit in {location}"
skill-ovos-date-time.openvoiceos,"what.time.is.it.intent","wieviel uhr ist  zurzeit von {location}"
skill-ovos-date-time.openvoiceos,"what.time.is.it.intent","wieviel uhr ist es"
skill-ovos-date-time.openvoiceos,"what.time.is.it.intent","wieviel uhr ist es  am {location}"
skill-ovos-date-time.openvoiceos,"what.time.is.it.intent","wieviel uhr ist es  an der {location}"
skill-ovos-date-time.openvoiceos,"what.time.is.it.intent","wieviel uhr ist es  aus {location}"
skill-ovos-date-time.openvoiceos,"what.time.is.it.intent","wieviel uhr ist es  bei {location}"
skill-ovos-date-time.openvoiceos,"what.time.is.it.intent","wieviel uhr ist es  im {location}"
skill-ovos-date-time.openvoiceos,"what.time.is.it.intent","wieviel uhr ist es  in {location}"
skill-ovos-date-time.openvoiceos,"what.time.is.it.intent","wieviel uhr ist es  von {location}"
skill-ovos-date-time.openvoiceos,"what.time.is.it.intent","wieviel uhr ist es bei {location}"
skill-ovos-date-time.openvoiceos,"what.time.is.it.intent","wieviel uhr ist es bei {location} im moment"
skill-ovos-date-time.openvoiceos,"what.time.is.it.intent","wieviel uhr ist es bei {location} in diesem Moment"
skill-ovos-date-time.openvoiceos,"what.time.is.it.intent","wieviel uhr ist es bei {location} jetzt"
skill-ovos-date-time.openvoiceos,"what.time.is.it.intent","wieviel uhr ist es bei {location} momentan"
skill-ovos-date-time.openvoiceos,"what.time.is.it.intent","wieviel uhr ist es bei {location} zur zeit"
skill-ovos-date-time.openvoiceos,"what.time.is.it.intent","wieviel uhr ist es bei {location} zurzeit"
skill-ovos-date-time.openvoiceos,"what.time.is.it.intent","wieviel uhr ist es im moment"
skill-ovos-date-time.openvoiceos,"what.time.is.it.intent","wieviel uhr ist es im moment am {location}"
skill-ovos-date-time.openvoiceos,"what.time.is.it.intent","wieviel uhr ist es im moment an der {location}"
skill-ovos-date-time.openvoiceos,"what.time.is.it.intent","wieviel uhr ist es im moment aus {location}"
skill-ovos-date-time.openvoiceos,"what.time.is.it.intent","wieviel uhr ist es im moment bei {location}"
skill-ovos-date-time.openvoiceos,"what.time.is.it.intent","wieviel uhr ist es im moment im {location}"
skill-ovos-date-time.openvoiceos,"what.time.is.it.intent","wieviel uhr ist es im moment in {location}"
skill-ovos-date-time.openvoiceos,"what.time.is.it.intent","wieviel uhr ist es im moment von {location}"
skill-ovos-date-time.openvoiceos,"what.time.is.it.intent","wieviel uhr ist es in diesem Moment"
skill-ovos-date-time.openvoiceos,"what.time.is.it.intent","wieviel uhr ist es in diesem Moment am {location}"
skill-ovos-date-time.openvoiceos,"what.time.is.it.intent","wieviel uhr ist es in diesem Moment an der {location}"
skill-ovos-date-time.openvoiceos,"what.time.is.it.intent","wieviel uhr ist es in diesem Moment aus {location}"
skill-ovos-date-time.openvoiceos,"what.time.is.it.intent","wieviel uhr ist es in diesem Moment bei {location}"
skill-ovos-date-time.openvoiceos,"what.time.is.it.intent","wieviel uhr ist es in diesem Moment im {location}"
skill-ovos-date-time.openvoiceos,"what.time.is.it.intent","wieviel uhr ist es in diesem Moment in {location}"
skill-ovos-date-time.openvoiceos,"what.time.is.it.intent","wieviel uhr ist es in diesem Moment von {location}"
skill-ovos-date-time.openvoiceos,"what.time.is.it.intent","wieviel uhr ist es in {location}"
skill-ovos-date-time.openvoiceos,"what.time.is.it.intent","wieviel uhr ist es in {location} im moment"
skill-ovos-date-time.openvoiceos,"what.time.is.it.intent","wieviel uhr ist es in {location} in diesem Moment"
skill-ovos-date-time.openvoiceos,"what.time.is.it.intent","wieviel uhr ist es in {location} jetzt"
skill-ovos-date-time.openvoiceos,"what.time.is.it.intent","wieviel uhr ist es in {location} momentan"
skill-ovos-date-time.openvoiceos,"what.time.is.it.intent","wieviel uhr ist es in {location} zur zeit"
skill-ovos-date-time.openvoiceos,"what.time.is.it.intent","wieviel uhr ist es in {location} zurzeit"
skill-ovos-date-time.openvoiceos,"what.time.is.it.intent","wieviel uhr ist es jetzt"
skill-ovos-date-time.openvoiceos,"what.time.is.it.intent","wieviel uhr ist es jetzt am {location}"
skill-ovos-date-time.openvoiceos,"what.time.is.it.intent","wieviel uhr ist es jetzt an der {location}"
skill-ovos-date-time.openvoiceos,"what.time.is.it.intent","wieviel uhr ist es jetzt aus {location}"
skill-ovos-date-time.openvoiceos,"what.time.is.it.intent","wieviel uhr ist es jetzt bei {location}"
skill-ovos-date-time.openvoiceos,"what.time.is.it.intent","wieviel uhr ist es jetzt im {location}"
skill-ovos-date-time.openvoiceos,"what.time.is.it.intent","wieviel uhr ist es jetzt in {location}"
skill-ovos-date-time.openvoiceos,"what.time.is.it.intent","wieviel uhr ist es jetzt von {location}"
skill-ovos-date-time.openvoiceos,"what.time.is.it.intent","wieviel uhr ist es momentan"
skill-ovos-date-time.openvoiceos,"what.time.is.it.intent","wieviel uhr ist es momentan am {location}"
skill-ovos-date-time.openvoiceos,"what.time.is.it.intent","wieviel uhr ist es momentan an der {location}"
skill-ovos-date-time.openvoiceos,"what.time.is.it.intent","wieviel uhr ist es momentan aus {location}"
skill-ovos-date-time.openvoiceos,"what.time.is.it.intent","wieviel uhr ist es momentan bei {location}"
skill-ovos-date-time.openvoiceos,"what.time.is.it.intent","wieviel uhr ist es momentan im {location}"
skill-ovos-date-time.openvoiceos,"what.time.is.it.intent","wieviel uhr ist es momentan in {location}"
skill-ovos-date-time.openvoiceos,"what.time.is.it.intent","wieviel uhr ist es momentan von {location}"
skill-ovos-date-time.openvoiceos,"what.time.is.it.intent","wieviel uhr ist es zur zeit"
skill-ovos-date-time.openvoiceos,"what.time.is.it.intent","wieviel uhr ist es zur zeit am {location}"
skill-ovos-date-time.openvoiceos,"what.time.is.it.intent","wieviel uhr ist es zur zeit an der {location}"
skill-ovos-date-time.openvoiceos,"what.time.is.it.intent","wieviel uhr ist es zur zeit aus {location}"
skill-ovos-date-time.openvoiceos,"what.time.is.it.intent","wieviel uhr ist es zur zeit bei {location}"
skill-ovos-date-time.openvoiceos,"what.time.is.it.intent","wieviel uhr ist es zur zeit im {location}"
skill-ovos-date-time.openvoiceos,"what.time.is.it.intent","wieviel uhr ist es zur zeit in {location}"
skill-ovos-date-time.openvoiceos,"what.time.is.it.intent","wieviel uhr ist es zur zeit von {location}"
skill-ovos-date-time.openvoiceos,"what.time.is.it.intent","wieviel uhr ist es zurzeit"
skill-ovos-date-time.openvoiceos,"what.time.is.it.intent","wieviel uhr ist es zurzeit am {location}"
skill-ovos-date-time.openvoiceos,"what.time.is.it.intent","wieviel uhr ist es zurzeit an der {location}"
skill-ovos-date-time.openvoiceos,"what.time.is.it.intent","wieviel uhr ist es zurzeit aus {location}"
skill-ovos-date-time.openvoiceos,"what.time.is.it.intent","wieviel uhr ist es zurzeit bei {location}"
skill-ovos-date-time.openvoiceos,"what.time.is.it.intent","wieviel uhr ist es zurzeit im {location}"
skill-ovos-date-time.openvoiceos,"what.time.is.it.intent","wieviel uhr ist es zurzeit in {location}"
skill-ovos-date-time.openvoiceos,"what.time.is.it.intent","wieviel uhr ist es zurzeit von {location}"
skill-ovos-date-time.openvoiceos,"date.future.weekend.intent","An welchen Tagen ist nächstes Wochenende?"
skill-ovos-date-time.openvoiceos,"date.future.weekend.intent","Kannst Du  mir die Tage des kommenden Wochenendes nennen?"
skill-ovos-date-time.openvoiceos,"date.future.weekend.intent","Kannst Du das Datum des kommenden Wochenendes angeben?"
skill-ovos-date-time.openvoiceos,"date.future.weekend.intent","Kannst Du mir Daten für das darauffolgende Wochenende angeben?"
skill-ovos-date-time.openvoiceos,"date.future.weekend.intent","Kannst Du mir die Daten für das folgende Wochenende nennen?"
skill-ovos-date-time.openvoiceos,"date.future.weekend.intent","Kannst Du mir die Tage für das darauffolgende Wochenende angeben?"
skill-ovos-date-time.openvoiceos,"date.future.weekend.intent","Kannst Du mir die Tage für das darauffolgende Wochenende mitteilen?"
skill-ovos-date-time.openvoiceos,"date.future.weekend.intent","Kannst Du mir die Tage für das kommende Wochenende nennen?"
skill-ovos-date-time.openvoiceos,"date.future.weekend.intent","Kannst Du mir die Termine für das kommende Wochenende mitteilen?"
skill-ovos-date-time.openvoiceos,"date.future.weekend.intent","Mit welchen Tagen ist am kommenden Wochenende zu rechnen?"
skill-ovos-date-time.openvoiceos,"date.future.weekend.intent","Sag mir das Datum für das kommende Wochenende."
skill-ovos-date-time.openvoiceos,"date.future.weekend.intent","Sag mir die Daten des Wochenendes, das auf das aktuelle folgt."
skill-ovos-date-time.openvoiceos,"date.future.weekend.intent","Sag mir die Daten für das folgende Wochenende."
skill-ovos-date-time.openvoiceos,"date.future.weekend.intent","Sag mir die Tage für das Wochenende, das auf dieses folgt."
skill-ovos-date-time.openvoiceos,"date.future.weekend.intent","Sag mir die Tage für das kommende Wochenende."
skill-ovos-date-time.openvoiceos,"date.future.weekend.intent","Sage mir, welche Tage für das Wochenende danach geplant sind."
skill-ovos-date-time.openvoiceos,"date.future.weekend.intent","Teile mir die für das nächste Wochenende geplanten Tage mit."
skill-ovos-date-time.openvoiceos,"date.future.weekend.intent","Teile mir die geplanten Tage für das folgende Wochenende mit."
skill-ovos-date-time.openvoiceos,"date.future.weekend.intent","Was ist das Datum dieses wochenendes"
skill-ovos-date-time.openvoiceos,"date.future.weekend.intent","welches datum haben wir an diesem wochenende"
skill-ovos-date-time.openvoiceos,"date.future.weekend.intent","Was ist das Datum für dieses Wochenende?"
skill-ovos-date-time.openvoiceos,"date.future.weekend.intent","Was ist der Zeitplan für dieses Wochenende?"
skill-ovos-date-time.openvoiceos,"date.future.weekend.intent","Was sind die Tage für dieses Wochenende?"
skill-ovos-date-time.openvoiceos,"date.future.weekend.intent","Was sind die Tage für nächstes Wochenende?"
skill-ovos-date-time.openvoiceos,"date.future.weekend.intent","Was sind die Tage nächstes Wochenende?"
skill-ovos-date-time.openvoiceos,"date.future.weekend.intent","Welche Tage finden dieses Wochenende statt?"
skill-ovos-date-time.openvoiceos,"date.future.weekend.intent","Welche Tage für dieses Wochenende?"
skill-ovos-date-time.openvoiceos,"date.future.weekend.intent","Welche Tage gehören zum nächsten Wochenende?"
skill-ovos-date-time.openvoiceos,"date.future.weekend.intent","Welche Tage gibt es am Wochenende danach?"
skill-ovos-date-time.openvoiceos,"date.future.weekend.intent","Welche Tage gibt es für das Wochenende nach dem aktuellen?"
skill-ovos-date-time.openvoiceos,"date.future.weekend.intent","Welche Tage sind dieses Wochenende?"
skill-ovos-date-time.openvoiceos,"date.future.weekend.intent","Welche Tage sind für das Wochenende nach dem aktuellen festgelegt?"
skill-ovos-date-time.openvoiceos,"date.future.weekend.intent","Welche Tage sind für das Wochenende nach dem aktuellen voraussichtlich vorgesehen?"
skill-ovos-date-time.openvoiceos,"date.future.weekend.intent","Welche Tage sind für das Wochenende nach dem aktuellen zu erwarten?"
skill-ovos-date-time.openvoiceos,"date.future.weekend.intent","Welche Tage sind für das bevorstehende Wochenende vorgesehen?"
skill-ovos-date-time.openvoiceos,"date.future.weekend.intent","Welche Tage sind für das darauffolgende Wochenende reserviert?"
skill-ovos-date-time.openvoiceos,"date.future.weekend.intent","Welche Tage sind für das darauffolgende Wochenende vorgesehen?"
skill-ovos-date-time.openvoiceos,"date.future.weekend.intent","Welche Tage sind für das folgende Wochenende bestätigt?"
skill-ovos-date-time.openvoiceos,"date.future.weekend.intent","Welche Tage sind für das folgende Wochenende vorgesehen?"
skill-ovos-date-time.openvoiceos,"date.future.weekend.intent","Welche Tage sind für das kommende Wochenende geplant?"
skill-ovos-date-time.openvoiceos,"date.future.weekend.intent","Welche Tage sind für das kommende Wochenende vorgemerkt?"
skill-ovos-date-time.openvoiceos,"date.future.weekend.intent","Welche Tage sind für das kommende Wochenende vorgesehen?"
skill-ovos-date-time.openvoiceos,"date.future.weekend.intent","Welche Tage sind für das nächste Wochenende geplant?"
skill-ovos-date-time.openvoiceos,"date.future.weekend.intent","Welche Tage sind für das nächste Wochenende reserviert?"
skill-ovos-date-time.openvoiceos,"date.future.weekend.intent","Welche Tage sind für das nächste Wochenende vorgemerkt?"
skill-ovos-date-time.openvoiceos,"date.future.weekend.intent","Welche Tage sind für das nächste Wochenende vorgesehen?"
skill-ovos-date-time.openvoiceos,"date.future.weekend.intent","Welche Tage sind für dieses Wochenende bestätigt?"
skill-ovos-date-time.openvoiceos,"date.future.weekend.intent","Welche Tage sind für dieses Wochenende geplant?"
skill-ovos-date-time.openvoiceos,"date.future.weekend.intent","Welche Tage sind für dieses Wochenende vorgesehen?"
skill-ovos-date-time.openvoiceos,"date.future.weekend.intent","Welche Tage sind für nächstes Wochenende vorgesehen?"
skill-ovos-date-time.openvoiceos,"date.future.weekend.intent","Welche Tage sind nächstes Wochenende?"
skill-ovos-date-time.openvoiceos,"date.future.weekend.intent","Welche Tage stehen dieses Wochenende an?"
skill-ovos-date-time.openvoiceos,"date.future.weekend.intent","Welche Tage stehen für das folgende Wochenende fest?"
skill-ovos-date-time.openvoiceos,"date.future.weekend.intent","Welche Tage werden am kommenden Wochenende stattfinden?"
skill-ovos-date-time.openvoiceos,"date.future.weekend.intent","Welche Tage werden am nächsten Wochenende sein?"
skill-ovos-date-time.openvoiceos,"date.future.weekend.intent","Welche Tage werden für das bevorstehende Wochenende erwartet?"
skill-ovos-date-time.openvoiceos,"date.future.weekend.intent","Welche Tage werden nächstes Wochenende sein?"
skill-ovos-date-time.openvoiceos,"date.future.weekend.intent","Welche Tage zählen zum kommenden Wochenende?"
skill-ovos-date-time.openvoiceos,"date.future.weekend.intent","Welcher Tag ist dieses Wochenende?"
skill-ovos-date-time.openvoiceos,"date.future.weekend.intent","Welches Datum is nächstes Wochenende?"
skill-ovos-date-time.openvoiceos,"date.future.weekend.intent","Welches Datum ist dieses Wochenende?"
skill-ovos-date-time.openvoiceos,"date.future.weekend.intent","Welches Datum ist für nächstes Wochenende?"
skill-ovos-date-time.openvoiceos,"date.future.weekend.intent","Welches Datum ist nächstes Wochenende?"
skill-ovos-date-time.openvoiceos,"date.future.weekend.intent","Wie sieht der Zeitplan für das Wochenende danach aus?"
skill-ovos-date-time.openvoiceos,"date.future.weekend.intent","tage   nächste wochenende"
skill-ovos-date-time.openvoiceos,"date.future.weekend.intent","tage  dieses  wochenende"
skill-ovos-date-time.openvoiceos,"date.future.weekend.intent","tage für   nächste wochenende"
skill-ovos-date-time.openvoiceos,"date.future.weekend.intent","tage für  dieses  wochenende"
skill-ovos-date-time.openvoiceos,"date.future.weekend.intent","was  sind die daten   nächstes wochenende"
skill-ovos-date-time.openvoiceos,"date.future.weekend.intent","was  sind die daten  dieses  wochenende"
skill-ovos-date-time.openvoiceos,"date.future.weekend.intent","was  sind die daten für   nächstes wochenende"
skill-ovos-date-time.openvoiceos,"date.future.weekend.intent","was  sind die daten für  dieses  wochenende"
skill-ovos-date-time.openvoiceos,"date.future.weekend.intent","was für ein  datum haben wir am nächsten wochenende"
skill-ovos-date-time.openvoiceos,"date.future.weekend.intent","was für ein  datum haben wir am wochenende"
skill-ovos-date-time.openvoiceos,"date.future.weekend.intent","was für ein  datum haben wir an dem nächsten wochenende"
skill-ovos-date-time.openvoiceos,"date.future.weekend.intent","was für ein  datum haben wir an dem wochenende"
skill-ovos-date-time.openvoiceos,"date.future.weekend.intent","was für ein  datum haben wir an diesem wochenende"
skill-ovos-date-time.openvoiceos,"date.future.weekend.intent","was für ein  datum haben wir dieses wochenende"
skill-ovos-date-time.openvoiceos,"date.future.weekend.intent","was für ein  datum haben wir nächstes wochenende"
skill-ovos-date-time.openvoiceos,"date.future.weekend.intent","was für ein  datum ist am nächsten wochenende"
skill-ovos-date-time.openvoiceos,"date.future.weekend.intent","was für ein  datum ist am wochenende"
skill-ovos-date-time.openvoiceos,"date.future.weekend.intent","was für ein  datum ist an dem nächsten wochenende"
skill-ovos-date-time.openvoiceos,"date.future.weekend.intent","was für ein  datum ist an dem wochenende"
skill-ovos-date-time.openvoiceos,"date.future.weekend.intent","was für ein  datum ist an diesem wochenende"
skill-ovos-date-time.openvoiceos,"date.future.weekend.intent","was für ein  datum ist dieses wochenende"
skill-ovos-date-time.openvoiceos,"date.future.weekend.intent","was für ein  datum ist nächstes wochenende"
skill-ovos-date-time.openvoiceos,"date.future.weekend.intent","was ist das datum    nächstes wochenende"
skill-ovos-date-time.openvoiceos,"date.future.weekend.intent","was ist das datum   dieses  wochenende"
skill-ovos-date-time.openvoiceos,"date.future.weekend.intent","was ist das datum  für   nächstes wochenende"
skill-ovos-date-time.openvoiceos,"date.future.weekend.intent","was ist das datum  für  dieses  wochenende"
skill-ovos-date-time.openvoiceos,"date.future.weekend.intent","was sind die tage   nächste wochenende"
skill-ovos-date-time.openvoiceos,"date.future.weekend.intent","was sind die tage  dieses  wochenende"
skill-ovos-date-time.openvoiceos,"date.future.weekend.intent","was sind die tage für   nächste wochenende"
skill-ovos-date-time.openvoiceos,"date.future.weekend.intent","was sind die tage für  dieses  wochenende"
skill-ovos-date-time.openvoiceos,"date.future.weekend.intent","welches datum haben wir am nächsten wochenende"
skill-ovos-date-time.openvoiceos,"date.future.weekend.intent","welches datum haben wir am wochenende"
skill-ovos-date-time.openvoiceos,"date.future.weekend.intent","welches datum haben wir an dem nächsten wochenende"
skill-ovos-date-time.openvoiceos,"date.future.weekend.intent","welches datum haben wir an dem wochenende"
skill-ovos-date-time.openvoiceos,"date.future.weekend.intent","welches datum haben wir an diesem wochenende"
skill-ovos-date-time.openvoiceos,"date.future.weekend.intent","welches datum haben wir dieses wochenende"
skill-ovos-date-time.openvoiceos,"date.future.weekend.intent","welches datum haben wir nächstes wochenende"
skill-ovos-date-time.openvoiceos,"date.future.weekend.intent","welches datum ist am nächsten wochenende"
skill-ovos-date-time.openvoiceos,"date.future.weekend.intent","welches datum ist am wochenende"
skill-ovos-date-time.openvoiceos,"date.future.weekend.intent","welches datum ist an dem nächsten wochenende"
skill-ovos-date-time.openvoiceos,"date.future.weekend.intent","welches datum ist an dem wochenende"
skill-ovos-date-time.openvoiceos,"date.future.weekend.intent","welches datum ist an diesem wochenende"
skill-ovos-date-time.openvoiceos,"date.future.weekend.intent","welches datum ist dieses wochenende"
skill-ovos-date-time.openvoiceos,"date.future.weekend.intent","welches datum ist nächstes wochenende"
skill-ovos-date-time.openvoiceos,"date.future.weekend.intent","wie  sind die daten   nächstes wochenende"
skill-ovos-date-time.openvoiceos,"date.future.weekend.intent","wie  sind die daten  dieses  wochenende"
skill-ovos-date-time.openvoiceos,"date.future.weekend.intent","wie  sind die daten für   nächstes wochenende"
skill-ovos-date-time.openvoiceos,"date.future.weekend.intent","wie  sind die daten für  dieses  wochenende"
skill-ovos-date-time.openvoiceos,"date.future.weekend.intent","wie ist das datum    nächstes wochenende"
skill-ovos-date-time.openvoiceos,"date.future.weekend.intent","wie ist das datum   dieses  wochenende"
skill-ovos-date-time.openvoiceos,"date.future.weekend.intent","wie ist das datum  für   nächstes wochenende"
skill-ovos-date-time.openvoiceos,"date.future.weekend.intent","wie ist das datum  für  dieses  wochenende"
skill-ovos-date-time.openvoiceos,"what.weekday.is.it.intent","Sag mir den Wochentag"
skill-ovos-date-time.openvoiceos,"what.weekday.is.it.intent","was ist der Wochentag"
skill-ovos-date-time.openvoiceos,"what.weekday.is.it.intent","welcher Wochentag ist es"
skill-ovos-date-time.openvoiceos,"what.weekday.is.it.intent","welcher Wochentag ist heute"
skill-ovos-date-time.openvoiceos,"what.day.is.it.intent","Sag mir den aktuellen Tag"
skill-ovos-date-time.openvoiceos,"what.day.is.it.intent","Welcher Tag ist heute"
skill-ovos-date-time.openvoiceos,"what.day.is.it.intent","kannst du mir den Tag sagen"
skill-ovos-date-time.openvoiceos,"what.day.is.it.intent","was ist heute für ein Tag"
skill-ovos-date-time.openvoiceos,"what.day.is.it.intent","welcher Tag ist heute"
skill-ovos-date-time.openvoiceos,"what.day.is.it.intent","welches Datum ist heute"
skill-ovos-date-time.openvoiceos,"date.last.weekend.intent","Bitte gib mir  die Tage für das vorherige Wochenende an."
skill-ovos-date-time.openvoiceos,"date.last.weekend.intent","Bitte teile mir das Datum für das letzte Wochenende mit."
skill-ovos-date-time.openvoiceos,"date.last.weekend.intent","Erzähl  mir die Tage, aus denen das letzte Wochenende bestand."
skill-ovos-date-time.openvoiceos,"date.last.weekend.intent","Erzähl mir von den Tagen, aus denen das vergangene Wochenende bestand."
skill-ovos-date-time.openvoiceos,"date.last.weekend.intent","Gib mir die Daten für das letzte Wochenende."
skill-ovos-date-time.openvoiceos,"date.last.weekend.intent","Gib mir die Daten vom vorletzten Wochenende."
skill-ovos-date-time.openvoiceos,"date.last.weekend.intent","Gib mir die Tage des vorherigen Wochenendes an."
skill-ovos-date-time.openvoiceos,"date.last.weekend.intent","Gib mir die genauen Daten für das vorherige Wochenende."
skill-ovos-date-time.openvoiceos,"date.last.weekend.intent","Gib mir die konkreten Termine für das vorherige Wochenende"
skill-ovos-date-time.openvoiceos,"date.last.weekend.intent","Informiere mich über das Datum für das vergangene Wochenende."
skill-ovos-date-time.openvoiceos,"date.last.weekend.intent","Informiere mich über die Tage, die das letzte Wochenende ausmachten."
skill-ovos-date-time.openvoiceos,"date.last.weekend.intent","Kannst Du die Tage für das letzte Wochenende angeben?"
skill-ovos-date-time.openvoiceos,"date.last.weekend.intent","Kannst Du mir die Daten des vorherigen Wochenendes angeben?"
skill-ovos-date-time.openvoiceos,"date.last.weekend.intent","Kannst du mir das Datum des letzten Wochenendes sagen?"
skill-ovos-date-time.openvoiceos,"date.last.weekend.intent","Können Sie mir sagen, welche Tage das letzte Wochenende waren?"
skill-ovos-date-time.openvoiceos,"date.last.weekend.intent","Mich interessieren die Tage vom letzten Wochenende."
skill-ovos-date-time.openvoiceos,"date.last.weekend.intent","Nenne mir die Tage, die in das letzte Wochenende fielen."
skill-ovos-date-time.openvoiceos,"date.last.weekend.intent","Nenne mir die genauen Daten des letzten Wochenendes."
skill-ovos-date-time.openvoiceos,"date.last.weekend.intent","Sag mir die Daten des Wochenendes vor dem aktuellen."
skill-ovos-date-time.openvoiceos,"date.last.weekend.intent","Sag mir die Daten des gerade beendeten Wochenendes."
skill-ovos-date-time.openvoiceos,"date.last.weekend.intent","Sag mir die Daten des letzten Wochenendes."
skill-ovos-date-time.openvoiceos,"date.last.weekend.intent","Sag mir die Daten vom vorletzten Wochenende."
skill-ovos-date-time.openvoiceos,"date.last.weekend.intent","Teile mir die Termine für vorletztes Wochenende mit."
skill-ovos-date-time.openvoiceos,"date.last.weekend.intent","Teile mir die konkreten Tage  für das vorletzte Wochenende mit."
skill-ovos-date-time.openvoiceos,"date.last.weekend.intent","Wann war das letzte Wochenende?"
skill-ovos-date-time.openvoiceos,"date.last.weekend.intent","Was war das Datum für das vorherige Wochenende?"
skill-ovos-date-time.openvoiceos,"date.last.weekend.intent","Was waren die Tage letztes Wochenende"
skill-ovos-date-time.openvoiceos,"date.last.weekend.intent","Welche Tage  kamen am vergangenen Wochenende in Frage?"
skill-ovos-date-time.openvoiceos,"date.last.weekend.intent","Welche Tage fanden am letzten Wochenende statt?"
skill-ovos-date-time.openvoiceos,"date.last.weekend.intent","Welche Tage fanden am vorangegangenen Wochenende statt?"
skill-ovos-date-time.openvoiceos,"date.last.weekend.intent","Welche Tage fielen in das letzte Wochenende?"
skill-ovos-date-time.openvoiceos,"date.last.weekend.intent","Welche Tage gab es am Wochenende vor dem aktuellen?"
skill-ovos-date-time.openvoiceos,"date.last.weekend.intent","Welche Tage gab es am vergangenen Wochenende?"
skill-ovos-date-time.openvoiceos,"date.last.weekend.intent","Welche Tage gab es am vorangegangenen Wochenende statt?"
skill-ovos-date-time.openvoiceos,"date.last.weekend.intent","Welche Tage gehörten vor diesem zum Wochenende?"
skill-ovos-date-time.openvoiceos,"date.last.weekend.intent","Welche Tage gehörten zum letzten Wochenende?"
skill-ovos-date-time.openvoiceos,"date.last.weekend.intent","Welche Tage umfasste das letzte Wochenende?"
skill-ovos-date-time.openvoiceos,"date.last.weekend.intent","Welche Tage umfasste das vorherige Wochenende?"
skill-ovos-date-time.openvoiceos,"date.last.weekend.intent","Welche Tage waren Teil des gerade vergangenen Wochenendes?"
skill-ovos-date-time.openvoiceos,"date.last.weekend.intent","Welche Tage waren am Wochenende davor?"
skill-ovos-date-time.openvoiceos,"date.last.weekend.intent","Welche Tage waren im Wochenende vor dem aktuellen enthalten?"
skill-ovos-date-time.openvoiceos,"date.last.weekend.intent","Welche Tage waren im letzten Wochenende enthalten?"
skill-ovos-date-time.openvoiceos,"date.last.weekend.intent","WelcheTage  fielen auf das letzte Wochenende?"
skill-ovos-date-time.openvoiceos,"date.last.weekend.intent","Welches Datum gab es am letzten Wochenende?"
skill-ovos-date-time.openvoiceos,"date.last.weekend.intent","was  waren die daten  letztes wochenende"
skill-ovos-date-time.openvoiceos,"date.last.weekend.intent","was  waren die daten für  letztes wochenende"
skill-ovos-date-time.openvoiceos,"date.last.weekend.intent","was war das datum  letztes wochenende"
skill-ovos-date-time.openvoiceos,"date.last.weekend.intent","welche Tage waren letztes Wochenende"
skill-ovos-date-time.openvoiceos,"date.last.weekend.intent","welche tage waren letztes wochenende"
skill-ovos-date-time.openvoiceos,"date.last.weekend.intent","welcher Tag war letztes Wochenende"
skill-ovos-date-time.openvoiceos,"date.last.weekend.intent","welcher tag war letztes wochenende"
skill-ovos-date-time.openvoiceos,"date.last.weekend.intent","welches Datum war letztes Wochenende"
skill-ovos-date-time.openvoiceos,"date.last.weekend.intent","welches datum hatten wir letztes wochenende"
skill-ovos-date-time.openvoiceos,"date.last.weekend.intent","welches datum war letztes wochenende"
skill-ovos-date-time.openvoiceos,"date.last.weekend.intent","wie war das Datum letztes Wochenende"
skill-ovos-date-time.openvoiceos,"what.time.will.it.be.intent","wann ist es ab jetzt {offset} Minuten"
skill-ovos-date-time.openvoiceos,"what.time.will.it.be.intent","wann ist es ab jetzt {offset} Minuten in {location}"
skill-ovos-date-time.openvoiceos,"what.time.will.it.be.intent","wann ist es ab jetzt {offset} Sekunden"
skill-ovos-date-time.openvoiceos,"what.time.will.it.be.intent","wann ist es ab jetzt {offset} Sekunden in {location}"
skill-ovos-date-time.openvoiceos,"what.time.will.it.be.intent","wann ist es ab jetzt {offset} Stunden"
skill-ovos-date-time.openvoiceos,"what.time.will.it.be.intent","wann ist es in {location} {offset} Minuten"
skill-ovos-date-time.openvoiceos,"what.time.will.it.be.intent","wann ist es in {location} {offset} Sekunden"
skill-ovos-date-time.openvoiceos,"what.time.will.it.be.intent","wann ist es in {location} {offset} Uhr"
skill-ovos-date-time.openvoiceos,"what.time.will.it.be.intent","wann ist es {offset} Minuten"
skill-ovos-date-time.openvoiceos,"what.time.will.it.be.intent","wann ist es {offset} Minuten ab jetzt"
skill-ovos-date-time.openvoiceos,"what.time.will.it.be.intent","wann ist es {offset} Minuten in {location}"
skill-ovos-date-time.openvoiceos,"what.time.will.it.be.intent","wann ist es {offset} Sekunden"
skill-ovos-date-time.openvoiceos,"what.time.will.it.be.intent","wann ist es {offset} Sekunden ab jetzt"
skill-ovos-date-time.openvoiceos,"what.time.will.it.be.intent","wann ist es {offset} Sekunden ab jetzt in {location}"
skill-ovos-date-time.openvoiceos,"what.time.will.it.be.intent","wann ist es {offset} Sekunden in {location}"
skill-ovos-date-time.openvoiceos,"what.time.will.it.be.intent","wann ist es {offset} Stunden"
skill-ovos-date-time.openvoiceos,"what.time.will.it.be.intent","wann ist es {offset} Stunden ab jetzt"
skill-ovos-date-time.openvoiceos,"what.time.will.it.be.intent","wann ist es {offset} Uhr in {location}"
skill-ovos-date-time.openvoiceos,"what.time.will.it.be.intent","wann sind es {offset} Minuten"
skill-ovos-date-time.openvoiceos,"what.time.will.it.be.intent","wann sind es {offset} Sekunden"
skill-ovos-date-time.openvoiceos,"what.time.will.it.be.intent","wann sind es {offset} Stunden"
skill-ovos-date-time.openvoiceos,"what.time.will.it.be.intent","wie spät ist  in {location} in {offset} Minute {offset2}"
skill-ovos-date-time.openvoiceos,"what.time.will.it.be.intent","wie spät ist  in {location} in {offset} Minuten {offset2}"
skill-ovos-date-time.openvoiceos,"what.time.will.it.be.intent","wie spät ist  in {location} in {offset} Sekunde {offset2}"
skill-ovos-date-time.openvoiceos,"what.time.will.it.be.intent","wie spät ist  in {location} in {offset} Sekunden {offset2}"
skill-ovos-date-time.openvoiceos,"what.time.will.it.be.intent","wie spät ist  in {location} in {offset} Stunde {offset2}"
skill-ovos-date-time.openvoiceos,"what.time.will.it.be.intent","wie spät ist  in {location} in {offset} Stunden {offset2}"
skill-ovos-date-time.openvoiceos,"what.time.will.it.be.intent","wie spät ist  in {offset} Minute {offset2}"
skill-ovos-date-time.openvoiceos,"what.time.will.it.be.intent","wie spät ist  in {offset} Minute {offset2} in {location}"
skill-ovos-date-time.openvoiceos,"what.time.will.it.be.intent","wie spät ist  in {offset} Minuten {offset2}"
skill-ovos-date-time.openvoiceos,"what.time.will.it.be.intent","wie spät ist  in {offset} Minuten {offset2} in {location}"
skill-ovos-date-time.openvoiceos,"what.time.will.it.be.intent","wie spät ist  in {offset} Sekunde {offset2}"
skill-ovos-date-time.openvoiceos,"what.time.will.it.be.intent","wie spät ist  in {offset} Sekunde {offset2} in {location}"
skill-ovos-date-time.openvoiceos,"what.time.will.it.be.intent","wie spät ist  in {offset} Sekunden {offset2}"
skill-ovos-date-time.openvoiceos,"what.time.will.it.be.intent","wie spät ist  in {offset} Sekunden {offset2} in {location}"
skill-ovos-date-time.openvoiceos,"what.time.will.it.be.intent","wie spät ist  in {offset} Stunde {offset2}"
skill-ovos-date-time.openvoiceos,"what.time.will.it.be.intent","wie spät ist  in {offset} Stunde {offset2} in {location}"
skill-ovos-date-time.openvoiceos,"what.time.will.it.be.intent","wie spät ist  in {offset} Stunden {offset2}"
skill-ovos-date-time.openvoiceos,"what.time.will.it.be.intent","wie spät ist  in {offset} Stunden {offset2} in {location}"
skill-ovos-date-time.openvoiceos,"what.time.will.it.be.intent","wie spät ist es in {location} in {offset} Minute {offset2}"
skill-ovos-date-time.openvoiceos,"what.time.will.it.be.intent","wie spät ist es in {location} in {offset} Minuten {offset2}"
skill-ovos-date-time.openvoiceos,"what.time.will.it.be.intent","wie spät ist es in {location} in {offset} Sekunde {offset2}"
skill-ovos-date-time.openvoiceos,"what.time.will.it.be.intent","wie spät ist es in {location} in {offset} Sekunden {offset2}"
skill-ovos-date-time.openvoiceos,"what.time.will.it.be.intent","wie spät ist es in {location} in {offset} Stunde {offset2}"
skill-ovos-date-time.openvoiceos,"what.time.will.it.be.intent","wie spät ist es in {location} in {offset} Stunden {offset2}"
skill-ovos-date-time.openvoiceos,"what.time.will.it.be.intent","wie spät ist es in {offset} Minute {offset2}"
skill-ovos-date-time.openvoiceos,"what.time.will.it.be.intent","wie spät ist es in {offset} Minute {offset2} in {location}"
skill-ovos-date-time.openvoiceos,"what.time.will.it.be.intent","wie spät ist es in {offset} Minuten"
skill-ovos-date-time.openvoiceos,"what.time.will.it.be.intent","wie spät ist es in {offset} Minuten in {location}"
skill-ovos-date-time.openvoiceos,"what.time.will.it.be.intent","wie spät ist es in {offset} Minuten {offset2}"
skill-ovos-date-time.openvoiceos,"what.time.will.it.be.intent","wie spät ist es in {offset} Minuten {offset2} in {location}"
skill-ovos-date-time.openvoiceos,"what.time.will.it.be.intent","wie spät ist es in {offset} Sekunde {offset2}"
skill-ovos-date-time.openvoiceos,"what.time.will.it.be.intent","wie spät ist es in {offset} Sekunde {offset2} in {location}"
skill-ovos-date-time.openvoiceos,"what.time.will.it.be.intent","wie spät ist es in {offset} Sekunden"
skill-ovos-date-time.openvoiceos,"what.time.will.it.be.intent","wie spät ist es in {offset} Sekunden in {location}"
skill-ovos-date-time.openvoiceos,"what.time.will.it.be.intent","wie spät ist es in {offset} Sekunden {offset2}"
skill-ovos-date-time.openvoiceos,"what.time.will.it.be.intent","wie spät ist es in {offset} Sekunden {offset2} in {location}"
skill-ovos-date-time.openvoiceos,"what.time.will.it.be.intent","wie spät ist es in {offset} Stunde {offset2}"
skill-ovos-date-time.openvoiceos,"what.time.will.it.be.intent","wie spät ist es in {offset} Stunde {offset2} in {location}"
skill-ovos-date-time.openvoiceos,"what.time.will.it.be.intent","wie spät ist es in {offset} Stunden"
skill-ovos-date-time.openvoiceos,"what.time.will.it.be.intent","wie spät ist es in {offset} Stunden in {location}"
skill-ovos-date-time.openvoiceos,"what.time.will.it.be.intent","wie spät ist es in {offset} Stunden {offset2}"
skill-ovos-date-time.openvoiceos,"what.time.will.it.be.intent","wie spät ist es in {offset} Stunden {offset2} in {location}"
skill-ovos-date-time.openvoiceos,"what.time.will.it.be.intent","wie spät wird  in {location} in {offset} Minute {offset2} sein"
skill-ovos-date-time.openvoiceos,"what.time.will.it.be.intent","wie spät wird  in {location} in {offset} Minuten {offset2} sein"
skill-ovos-date-time.openvoiceos,"what.time.will.it.be.intent","wie spät wird  in {location} in {offset} Sekunde {offset2} sein"
skill-ovos-date-time.openvoiceos,"what.time.will.it.be.intent","wie spät wird  in {location} in {offset} Sekunden {offset2} sein"
skill-ovos-date-time.openvoiceos,"what.time.will.it.be.intent","wie spät wird  in {location} in {offset} Stunde {offset2} sein"
skill-ovos-date-time.openvoiceos,"what.time.will.it.be.intent","wie spät wird  in {location} in {offset} Stunden {offset2} sein"
skill-ovos-date-time.openvoiceos,"what.time.will.it.be.intent","wie spät wird  in {offset} Minute {offset2} in {location} sein"
skill-ovos-date-time.openvoiceos,"what.time.will.it.be.intent","wie spät wird  in {offset} Minute {offset2} sein"
skill-ovos-date-time.openvoiceos,"what.time.will.it.be.intent","wie spät wird  in {offset} Minuten {offset2} in {location} sein"
skill-ovos-date-time.openvoiceos,"what.time.will.it.be.intent","wie spät wird  in {offset} Minuten {offset2} sein"
skill-ovos-date-time.openvoiceos,"what.time.will.it.be.intent","wie spät wird  in {offset} Sekunde {offset2} in {location} sein"
skill-ovos-date-time.openvoiceos,"what.time.will.it.be.intent","wie spät wird  in {offset} Sekunde {offset2} sein"
skill-ovos-date-time.openvoiceos,"what.time.will.it.be.intent","wie spät wird  in {offset} Sekunden {offset2} in {location} sein"
skill-ovos-date-time.openvoiceos,"what.time.will.it.be.intent","wie spät wird  in {offset} Sekunden {offset2} sein"
skill-ovos-date-time.openvoiceos,"what.time.will.it.be.intent","wie spät wird  in {offset} Stunde {offset2} in {location} sein"
skill-ovos-date-time.openvoiceos,"what.time.will.it.be.intent","wie spät wird  in {offset} Stunde {offset2} sein"
skill-ovos-date-time.openvoiceos,"what.time.will.it.be.intent","wie spät wird  in {offset} Stunden {offset2} in {location} sein"
skill-ovos-date-time.openvoiceos,"what.time.will.it.be.intent","wie spät wird  in {offset} Stunden {offset2} sein"
skill-ovos-date-time.openvoiceos,"what.time.will.it.be.intent","wie spät wird es in {location} in {offset} Minute {offset2} sein"
skill-ovos-date-time.openvoiceos,"what.time.will.it.be.intent","wie spät wird es in {location} in {offset} Minuten {offset2} sein"
skill-ovos-date-time.openvoiceos,"what.time.will.it.be.intent","wie spät wird es in {location} in {offset} Sekunde {offset2} sein"
skill-ovos-date-time.openvoiceos,"what.time.will.it.be.intent","wie spät wird es in {location} in {offset} Sekunden {offset2} sein"
skill-ovos-date-time.openvoiceos,"what.time.will.it.be.intent","wie spät wird es in {location} in {offset} Stunde {offset2} sein"
skill-ovos-date-time.openvoiceos,"what.time.will.it.be.intent","wie spät wird es in {location} in {offset} Stunden {offset2} sein"
skill-ovos-date-time.openvoiceos,"what.time.will.it.be.intent","wie spät wird es in {offset} Minute {offset2} in {location} sein"
skill-ovos-date-time.openvoiceos,"what.time.will.it.be.intent","wie spät wird es in {offset} Minute {offset2} sein"
skill-ovos-date-time.openvoiceos,"what.time.will.it.be.intent","wie spät wird es in {offset} Minuten {offset2} in {location} sein"
skill-ovos-date-time.openvoiceos,"what.time.will.it.be.intent","wie spät wird es in {offset} Minuten {offset2} sein"
skill-ovos-date-time.openvoiceos,"what.time.will.it.be.intent","wie spät wird es in {offset} Sekunde {offset2} in {location} sein"
skill-ovos-date-time.openvoiceos,"what.time.will.it.be.intent","wie spät wird es in {offset} Sekunde {offset2} sein"
skill-ovos-date-time.openvoiceos,"what.time.will.it.be.intent","wie spät wird es in {offset} Sekunden {offset2} in {location} sein"
skill-ovos-date-time.openvoiceos,"what.time.will.it.be.intent","wie spät wird es in {offset} Sekunden {offset2} sein"
skill-ovos-date-time.openvoiceos,"what.time.will.it.be.intent","wie spät wird es in {offset} Stunde {offset2} in {location} sein"
skill-ovos-date-time.openvoiceos,"what.time.will.it.be.intent","wie spät wird es in {offset} Stunde {offset2} sein"
skill-ovos-date-time.openvoiceos,"what.time.will.it.be.intent","wie spät wird es in {offset} Stunden {offset2} in {location} sein"
skill-ovos-date-time.openvoiceos,"what.time.will.it.be.intent","wie spät wird es in {offset} Stunden {offset2} sein"
skill-ovos-date-time.openvoiceos,"what.time.will.it.be.intent","wie viel uhr ist  in {location} in {offset} Minute {offset2}"
skill-ovos-date-time.openvoiceos,"what.time.will.it.be.intent","wie viel uhr ist  in {location} in {offset} Minuten {offset2}"
skill-ovos-date-time.openvoiceos,"what.time.will.it.be.intent","wie viel uhr ist  in {location} in {offset} Sekunde {offset2}"
skill-ovos-date-time.openvoiceos,"what.time.will.it.be.intent","wie viel uhr ist  in {location} in {offset} Sekunden {offset2}"
skill-ovos-date-time.openvoiceos,"what.time.will.it.be.intent","wie viel uhr ist  in {location} in {offset} Stunde {offset2}"
skill-ovos-date-time.openvoiceos,"what.time.will.it.be.intent","wie viel uhr ist  in {location} in {offset} Stunden {offset2}"
skill-ovos-date-time.openvoiceos,"what.time.will.it.be.intent","wie viel uhr ist  in {offset} Minute {offset2}"
skill-ovos-date-time.openvoiceos,"what.time.will.it.be.intent","wie viel uhr ist  in {offset} Minute {offset2} in {location}"
skill-ovos-date-time.openvoiceos,"what.time.will.it.be.intent","wie viel uhr ist  in {offset} Minuten {offset2}"
skill-ovos-date-time.openvoiceos,"what.time.will.it.be.intent","wie viel uhr ist  in {offset} Minuten {offset2} in {location}"
skill-ovos-date-time.openvoiceos,"what.time.will.it.be.intent","wie viel uhr ist  in {offset} Sekunde {offset2}"
skill-ovos-date-time.openvoiceos,"what.time.will.it.be.intent","wie viel uhr ist  in {offset} Sekunde {offset2} in {location}"
skill-ovos-date-time.openvoiceos,"what.time.will.it.be.intent","wie viel uhr ist  in {offset} Sekunden {offset2}"
skill-ovos-date-time.openvoiceos,"what.time.will.it.be.intent","wie viel uhr ist  in {offset} Sekunden {offset2} in {location}"
skill-ovos-date-time.openvoiceos,"what.time.will.it.be.intent","wie viel uhr ist  in {offset} Stunde {offset2}"
skill-ovos-date-time.openvoiceos,"what.time.will.it.be.intent","wie viel uhr ist  in {offset} Stunde {offset2} in {location}"
skill-ovos-date-time.openvoiceos,"what.time.will.it.be.intent","wie viel uhr ist  in {offset} Stunden {offset2}"
skill-ovos-date-time.openvoiceos,"what.time.will.it.be.intent","wie viel uhr ist  in {offset} Stunden {offset2} in {location}"
skill-ovos-date-time.openvoiceos,"what.time.will.it.be.intent","wie viel uhr ist es in {location} in {offset} Minute {offset2}"
skill-ovos-date-time.openvoiceos,"what.time.will.it.be.intent","wie viel uhr ist es in {location} in {offset} Minuten {offset2}"
skill-ovos-date-time.openvoiceos,"what.time.will.it.be.intent","wie viel uhr ist es in {location} in {offset} Sekunde {offset2}"
skill-ovos-date-time.openvoiceos,"what.time.will.it.be.intent","wie viel uhr ist es in {location} in {offset} Sekunden {offset2}"
skill-ovos-date-time.openvoiceos,"what.time.will.it.be.intent","wie viel uhr ist es in {location} in {offset} Stunde {offset2}"
skill-ovos-date-time.openvoiceos,"what.time.will.it.be.intent","wie viel uhr ist es in {location} in {offset} Stunden {offset2}"
skill-ovos-date-time.openvoiceos,"what.time.will.it.be.intent","wie viel uhr ist es in {offset} Minute {offset2}"
skill-ovos-date-time.openvoiceos,"what.time.will.it.be.intent","wie viel uhr ist es in {offset} Minute {offset2} in {location}"
skill-ovos-date-time.openvoiceos,"what.time.will.it.be.intent","wie viel uhr ist es in {offset} Minuten {offset2}"
skill-ovos-date-time.openvoiceos,"what.time.will.it.be.intent","wie viel uhr ist es in {offset} Minuten {offset2} in {location}"
skill-ovos-date-time.openvoiceos,"what.time.will.it.be.intent","wie viel uhr ist es in {offset} Sekunde {offset2}"
skill-ovos-date-time.openvoiceos,"what.time.will.it.be.intent","wie viel uhr ist es in {offset} Sekunde {offset2} in {location}"
skill-ovos-date-time.openvoiceos,"what.time.will.it.be.intent","wie viel uhr ist es in {offset} Sekunden {offset2}"
skill-ovos-date-time.openvoiceos,"what.time.will.it.be.intent","wie viel uhr ist es in {offset} Sekunden {offset2} in {location}"
skill-ovos-date-time.openvoiceos,"what.time.will.it.be.intent","wie viel uhr ist es in {offset} Stunde {offset2}"
skill-ovos-date-time.openvoiceos,"what.time.will.it.be.intent","wie viel uhr ist es in {offset} Stunde {offset2} in {location}"
skill-ovos-date-time.openvoiceos,"what.time.will.it.be.intent","wie viel uhr ist es in {offset} Stunden {offset2}"
skill-ovos-date-time.openvoiceos,"what.time.will.it.be.intent","wie viel uhr ist es in {offset} Stunden {offset2} in {location}"
skill-ovos-date-time.openvoiceos,"what.time.will.it.be.intent","wie viel uhr wird  in {location} in {offset} Minute {offset2} sein"
skill-ovos-date-time.openvoiceos,"what.time.will.it.be.intent","wie viel uhr wird  in {location} in {offset} Minuten {offset2} sein"
skill-ovos-date-time.openvoiceos,"what.time.will.it.be.intent","wie viel uhr wird  in {location} in {offset} Sekunde {offset2} sein"
skill-ovos-date-time.openvoiceos,"what.time.will.it.be.intent","wie viel uhr wird  in {location} in {offset} Sekunden {offset2} sein"
skill-ovos-date-time.openvoiceos,"what.time.will.it.be.intent","wie viel uhr wird  in {location} in {offset} Stunde {offset2} sein"
skill-ovos-date-time.openvoiceos,"what.time.will.it.be.intent","wie viel uhr wird  in {location} in {offset} Stunden {offset2} sein"
skill-ovos-date-time.openvoiceos,"what.time.will.it.be.intent","wie viel uhr wird  in {offset} Minute {offset2} in {location} sein"
skill-ovos-date-time.openvoiceos,"what.time.will.it.be.intent","wie viel uhr wird  in {offset} Minute {offset2} sein"
skill-ovos-date-time.openvoiceos,"what.time.will.it.be.intent","wie viel uhr wird  in {offset} Minuten {offset2} in {location} sein"
skill-ovos-date-time.openvoiceos,"what.time.will.it.be.intent","wie viel uhr wird  in {offset} Minuten {offset2} sein"
skill-ovos-date-time.openvoiceos,"what.time.will.it.be.intent","wie viel uhr wird  in {offset} Sekunde {offset2} in {location} sein"
skill-ovos-date-time.openvoiceos,"what.time.will.it.be.intent","wie viel uhr wird  in {offset} Sekunde {offset2} sein"
skill-ovos-date-time.openvoiceos,"what.time.will.it.be.intent","wie viel uhr wird  in {offset} Sekunden {offset2} in {location} sein"
skill-ovos-date-time.openvoiceos,"what.time.will.it.be.intent","wie viel uhr wird  in {offset} Sekunden {offset2} sein"
skill-ovos-date-time.openvoiceos,"what.time.will.it.be.intent","wie viel uhr wird  in {offset} Stunde {offset2} in {location} sein"
skill-ovos-date-time.openvoiceos,"what.time.will.it.be.intent","wie viel uhr wird  in {offset} Stunde {offset2} sein"
skill-ovos-date-time.openvoiceos,"what.time.will.it.be.intent","wie viel uhr wird  in {offset} Stunden {offset2} in {location} sein"
skill-ovos-date-time.openvoiceos,"what.time.will.it.be.intent","wie viel uhr wird  in {offset} Stunden {offset2} sein"
skill-ovos-date-time.openvoiceos,"what.time.will.it.be.intent","wie viel uhr wird es in {location} in {offset} Minute {offset2} sein"
skill-ovos-date-time.openvoiceos,"what.time.will.it.be.intent","wie viel uhr wird es in {location} in {offset} Minuten {offset2} sein"
skill-ovos-date-time.openvoiceos,"what.time.will.it.be.intent","wie viel uhr wird es in {location} in {offset} Sekunde {offset2} sein"
skill-ovos-date-time.openvoiceos,"what.time.will.it.be.intent","wie viel uhr wird es in {location} in {offset} Sekunden {offset2} sein"
skill-ovos-date-time.openvoiceos,"what.time.will.it.be.intent","wie viel uhr wird es in {location} in {offset} Stunde {offset2} sein"
skill-ovos-date-time.openvoiceos,"what.time.will.it.be.intent","wie viel uhr wird es in {location} in {offset} Stunden {offset2} sein"
skill-ovos-date-time.openvoiceos,"what.time.will.it.be.intent","wie viel uhr wird es in {offset} Minute {offset2} in {location} sein"
skill-ovos-date-time.openvoiceos,"what.time.will.it.be.intent","wie viel uhr wird es in {offset} Minute {offset2} sein"
skill-ovos-date-time.openvoiceos,"what.time.will.it.be.intent","wie viel uhr wird es in {offset} Minuten {offset2} in {location} sein"
skill-ovos-date-time.openvoiceos,"what.time.will.it.be.intent","wie viel uhr wird es in {offset} Minuten {offset2} sein"
skill-ovos-date-time.openvoiceos,"what.time.will.it.be.intent","wie viel uhr wird es in {offset} Sekunde {offset2} in {location} sein"
skill-ovos-date-time.openvoiceos,"what.time.will.it.be.intent","wie viel uhr wird es in {offset} Sekunde {offset2} sein"
skill-ovos-date-time.openvoiceos,"what.time.will.it.be.intent","wie viel uhr wird es in {offset} Sekunden {offset2} in {location} sein"
skill-ovos-date-time.openvoiceos,"what.time.will.it.be.intent","wie viel uhr wird es in {offset} Sekunden {offset2} sein"
skill-ovos-date-time.openvoiceos,"what.time.will.it.be.intent","wie viel uhr wird es in {offset} Stunde {offset2} in {location} sein"
skill-ovos-date-time.openvoiceos,"what.time.will.it.be.intent","wie viel uhr wird es in {offset} Stunde {offset2} sein"
skill-ovos-date-time.openvoiceos,"what.time.will.it.be.intent","wie viel uhr wird es in {offset} Stunden {offset2} in {location} sein"
skill-ovos-date-time.openvoiceos,"what.time.will.it.be.intent","wie viel uhr wird es in {offset} Stunden {offset2} sein"
skill-ovos-date-time.openvoiceos,"what.time.will.it.be.intent","wieviel uhr ist  in {location} in {offset} Minute {offset2}"
skill-ovos-date-time.openvoiceos,"what.time.will.it.be.intent","wieviel uhr ist  in {location} in {offset} Minuten {offset2}"
skill-ovos-date-time.openvoiceos,"what.time.will.it.be.intent","wieviel uhr ist  in {location} in {offset} Sekunde {offset2}"
skill-ovos-date-time.openvoiceos,"what.time.will.it.be.intent","wieviel uhr ist  in {location} in {offset} Sekunden {offset2}"
skill-ovos-date-time.openvoiceos,"what.time.will.it.be.intent","wieviel uhr ist  in {location} in {offset} Stunde {offset2}"
skill-ovos-date-time.openvoiceos,"what.time.will.it.be.intent","wieviel uhr ist  in {location} in {offset} Stunden {offset2}"
skill-ovos-date-time.openvoiceos,"what.time.will.it.be.intent","wieviel uhr ist  in {offset} Minute {offset2}"
skill-ovos-date-time.openvoiceos,"what.time.will.it.be.intent","wieviel uhr ist  in {offset} Minute {offset2} in {location}"
skill-ovos-date-time.openvoiceos,"what.time.will.it.be.intent","wieviel uhr ist  in {offset} Minuten {offset2}"
skill-ovos-date-time.openvoiceos,"what.time.will.it.be.intent","wieviel uhr ist  in {offset} Minuten {offset2} in {location}"
skill-ovos-date-time.openvoiceos,"what.time.will.it.be.intent","wieviel uhr ist  in {offset} Sekunde {offset2}"
skill-ovos-date-time.openvoiceos,"what.time.will.it.be.intent","wieviel uhr ist  in {offset} Sekunde {offset2} in {location}"
skill-ovos-date-time.openvoiceos,"what.time.will.it.be.intent","wieviel uhr ist  in {offset} Sekunden {offset2}"
skill-ovos-date-time.openvoiceos,"what.time.will.it.be.intent","wieviel uhr ist  in {offset} Sekunden {offset2} in {location}"
skill-ovos-date-time.openvoiceos,"what.time.will.it.be.intent","wieviel uhr ist  in {offset} Stunde {offset2}"
skill-ovos-date-time.openvoiceos,"what.time.will.it.be.intent","wieviel uhr ist  in {offset} Stunde {offset2} in {location}"
skill-ovos-date-time.openvoiceos,"what.time.will.it.be.intent","wieviel uhr ist  in {offset} Stunden {offset2}"
skill-ovos-date-time.openvoiceos,"what.time.will.it.be.intent","wieviel uhr ist  in {offset} Stunden {offset2} in {location}"
skill-ovos-date-time.openvoiceos,"what.time.will.it.be.intent","wieviel uhr ist es in {location} in {offset} Minute {offset2}"
skill-ovos-date-time.openvoiceos,"what.time.will.it.be.intent","wieviel uhr ist es in {location} in {offset} Minuten {offset2}"
skill-ovos-date-time.openvoiceos,"what.time.will.it.be.intent","wieviel uhr ist es in {location} in {offset} Sekunde {offset2}"
skill-ovos-date-time.openvoiceos,"what.time.will.it.be.intent","wieviel uhr ist es in {location} in {offset} Sekunden {offset2}"
skill-ovos-date-time.openvoiceos,"what.time.will.it.be.intent","wieviel uhr ist es in {location} in {offset} Stunde {offset2}"
skill-ovos-date-time.openvoiceos,"what.time.will.it.be.intent","wieviel uhr ist es in {location} in {offset} Stunden {offset2}"
skill-ovos-date-time.openvoiceos,"what.time.will.it.be.intent","wieviel uhr ist es in {offset} Minute {offset2}"
skill-ovos-date-time.openvoiceos,"what.time.will.it.be.intent","wieviel uhr ist es in {offset} Minute {offset2} in {location}"
skill-ovos-date-time.openvoiceos,"what.time.will.it.be.intent","wieviel uhr ist es in {offset} Minuten {offset2}"
skill-ovos-date-time.openvoiceos,"what.time.will.it.be.intent","wieviel uhr ist es in {offset} Minuten {offset2} in {location}"
skill-ovos-date-time.openvoiceos,"what.time.will.it.be.intent","wieviel uhr ist es in {offset} Sekunde {offset2}"
skill-ovos-date-time.openvoiceos,"what.time.will.it.be.intent","wieviel uhr ist es in {offset} Sekunde {offset2} in {location}"
skill-ovos-date-time.openvoiceos,"what.time.will.it.be.intent","wieviel uhr ist es in {offset} Sekunden {offset2}"
skill-ovos-date-time.openvoiceos,"what.time.will.it.be.intent","wieviel uhr ist es in {offset} Sekunden {offset2} in {location}"
skill-ovos-date-time.openvoiceos,"what.time.will.it.be.intent","wieviel uhr ist es in {offset} Stunde {offset2}"
skill-ovos-date-time.openvoiceos,"what.time.will.it.be.intent","wieviel uhr ist es in {offset} Stunde {offset2} in {location}"
skill-ovos-date-time.openvoiceos,"what.time.will.it.be.intent","wieviel uhr ist es in {offset} Stunden {offset2}"
skill-ovos-date-time.openvoiceos,"what.time.will.it.be.intent","wieviel uhr ist es in {offset} Stunden {offset2} in {location}"
skill-ovos-date-time.openvoiceos,"what.time.will.it.be.intent","wieviel uhr wird  in {location} in {offset} Minute {offset2} sein"
skill-ovos-date-time.openvoiceos,"what.time.will.it.be.intent","wieviel uhr wird  in {location} in {offset} Minuten {offset2} sein"
skill-ovos-date-time.openvoiceos,"what.time.will.it.be.intent","wieviel uhr wird  in {location} in {offset} Sekunde {offset2} sein"
skill-ovos-date-time.openvoiceos,"what.time.will.it.be.intent","wieviel uhr wird  in {location} in {offset} Sekunden {offset2} sein"
skill-ovos-date-time.openvoiceos,"what.time.will.it.be.intent","wieviel uhr wird  in {location} in {offset} Stunde {offset2} sein"
skill-ovos-date-time.openvoiceos,"what.time.will.it.be.intent","wieviel uhr wird  in {location} in {offset} Stunden {offset2} sein"
skill-ovos-date-time.openvoiceos,"what.time.will.it.be.intent","wieviel uhr wird  in {offset} Minute {offset2} in {location} sein"
skill-ovos-date-time.openvoiceos,"what.time.will.it.be.intent","wieviel uhr wird  in {offset} Minute {offset2} sein"
skill-ovos-date-time.openvoiceos,"what.time.will.it.be.intent","wieviel uhr wird  in {offset} Minuten {offset2} in {location} sein"
skill-ovos-date-time.openvoiceos,"what.time.will.it.be.intent","wieviel uhr wird  in {offset} Minuten {offset2} sein"
skill-ovos-date-time.openvoiceos,"what.time.will.it.be.intent","wieviel uhr wird  in {offset} Sekunde {offset2} in {location} sein"
skill-ovos-date-time.openvoiceos,"what.time.will.it.be.intent","wieviel uhr wird  in {offset} Sekunde {offset2} sein"
skill-ovos-date-time.openvoiceos,"what.time.will.it.be.intent","wieviel uhr wird  in {offset} Sekunden {offset2} in {location} sein"
skill-ovos-date-time.openvoiceos,"what.time.will.it.be.intent","wieviel uhr wird  in {offset} Sekunden {offset2} sein"
skill-ovos-date-time.openvoiceos,"what.time.will.it.be.intent","wieviel uhr wird  in {offset} Stunde {offset2} in {location} sein"
skill-ovos-date-time.openvoiceos,"what.time.will.it.be.intent","wieviel uhr wird  in {offset} Stunde {offset2} sein"
skill-ovos-date-time.openvoiceos,"what.time.will.it.be.intent","wieviel uhr wird  in {offset} Stunden {offset2} in {location} sein"
skill-ovos-date-time.openvoiceos,"what.time.will.it.be.intent","wieviel uhr wird  in {offset} Stunden {offset2} sein"
skill-ovos-date-time.openvoiceos,"what.time.will.it.be.intent","wieviel uhr wird es in {location} in {offset} Minute {offset2} sein"
skill-ovos-date-time.openvoiceos,"what.time.will.it.be.intent","wieviel uhr wird es in {location} in {offset} Minuten {offset2} sein"
skill-ovos-date-time.openvoiceos,"what.time.will.it.be.intent","wieviel uhr wird es in {location} in {offset} Sekunde {offset2} sein"
skill-ovos-date-time.openvoiceos,"what.time.will.it.be.intent","wieviel uhr wird es in {location} in {offset} Sekunden {offset2} sein"
skill-ovos-date-time.openvoiceos,"what.time.will.it.be.intent","wieviel uhr wird es in {location} in {offset} Stunde {offset2} sein"
skill-ovos-date-time.openvoiceos,"what.time.will.it.be.intent","wieviel uhr wird es in {location} in {offset} Stunden {offset2} sein"
skill-ovos-date-time.openvoiceos,"what.time.will.it.be.intent","wieviel uhr wird es in {offset} Minute {offset2} in {location} sein"
skill-ovos-date-time.openvoiceos,"what.time.will.it.be.intent","wieviel uhr wird es in {offset} Minute {offset2} sein"
skill-ovos-date-time.openvoiceos,"what.time.will.it.be.intent","wieviel uhr wird es in {offset} Minuten {offset2} in {location} sein"
skill-ovos-date-time.openvoiceos,"what.time.will.it.be.intent","wieviel uhr wird es in {offset} Minuten {offset2} sein"
skill-ovos-date-time.openvoiceos,"what.time.will.it.be.intent","wieviel uhr wird es in {offset} Sekunde {offset2} in {location} sein"
skill-ovos-date-time.openvoiceos,"what.time.will.it.be.intent","wieviel uhr wird es in {offset} Sekunde {offset2} sein"
skill-ovos-date-time.openvoiceos,"what.time.will.it.be.intent","wieviel uhr wird es in {offset} Sekunden {offset2} in {location} sein"
skill-ovos-date-time.openvoiceos,"what.time.will.it.be.intent","wieviel uhr wird es in {offset} Sekunden {offset2} sein"
skill-ovos-date-time.openvoiceos,"what.time.will.it.be.intent","wieviel uhr wird es in {offset} Stunde {offset2} in {location} sein"
skill-ovos-date-time.openvoiceos,"what.time.will.it.be.intent","wieviel uhr wird es in {offset} Stunde {offset2} sein"
skill-ovos-date-time.openvoiceos,"what.time.will.it.be.intent","wieviel uhr wird es in {offset} Stunden {offset2} in {location} sein"
skill-ovos-date-time.openvoiceos,"what.time.will.it.be.intent","wieviel uhr wird es in {offset} Stunden {offset2} sein"
skill-ovos-ddg.openvoiceos,"official_website.intent","was ist die offizielle Website von {keyword}"
skill-ovos-ddg.openvoiceos,"search_duck.intent","Frage duck duck go nach {keyword}"
skill-ovos-ddg.openvoiceos,"search_duck.intent","Frage duck duck nach {keyword}"
skill-ovos-ddg.openvoiceos,"search_duck.intent","Suche auf duck duck go nach {keyword}"
skill-ovos-ddg.openvoiceos,"search_duck.intent","Suche die Ente nach {keyword}"
skill-ovos-ddg.openvoiceos,"search_duck.intent","Suche duck duck nach {keyword}"
skill-ovos-ddg.openvoiceos,"search_duck.intent","Was sagt die Ente über {keyword}"
skill-ovos-ddg.openvoiceos,"search_duck.intent","was sagt die Duck Duck Go über {keyword}"
skill-ovos-ddg.openvoiceos,"search_duck.intent","was weiß  duck duck go über {keyword}"
skill-ovos-ddg.openvoiceos,"search_duck.intent","was weiß D D G über {keyword}"
skill-ovos-ddg.openvoiceos,"education.intent","wo hat {keyword} ihre Ausbildung erhalten"
skill-ovos-ddg.openvoiceos,"education.intent","wo hat {keyword} ihre Ausbildung gemacht"
skill-ovos-ddg.openvoiceos,"education.intent","wo hat {keyword} seine Ausbildung erhalten"
skill-ovos-ddg.openvoiceos,"education.intent","wo hat {keyword} seine Ausbildung gemacht"
skill-ovos-ddg.openvoiceos,"education.intent","wo hat {keyword} studiert"
skill-ovos-ddg.openvoiceos,"died.intent","wann ist der Todestag von {keyword}"
skill-ovos-ddg.openvoiceos,"died.intent","wann ist {keyword} gestorben"
skill-ovos-ddg.openvoiceos,"died.intent","{keyword}s Todestag"
skill-ovos-ddg.openvoiceos,"age_at_death.intent","wie alt war {keyword} als er starb"
skill-ovos-ddg.openvoiceos,"age_at_death.intent","wie alt war {keyword} als sie starb"
skill-ovos-ddg.openvoiceos,"age_at_death.intent","wie alt war {keyword} an dem Tag als er starb"
skill-ovos-ddg.openvoiceos,"age_at_death.intent","wie alt war {keyword} an dem Tag als sie starb"
skill-ovos-ddg.openvoiceos,"age_at_death.intent","wie alt war {keyword} bei seinem Tod"
skill-ovos-ddg.openvoiceos,"born.intent","Geburtstag von {keyword}"
skill-ovos-ddg.openvoiceos,"born.intent","wann ist der Geburtstag von {keyword}"
skill-ovos-ddg.openvoiceos,"born.intent","wann wurde {keyword} geboren"
skill-ovos-ddg.openvoiceos,"thesis.intent","was ist {keyword} Diplomarbeitsthema"
skill-ovos-ddg.openvoiceos,"alma_mater.intent","was ist die Universität von {keyword}"
skill-ovos-ddg.openvoiceos,"known_for.intent","wofür ist {keyword} bekannt"
skill-ovos-ddg.openvoiceos,"known_for.intent","wofür ist {keyword} berühmt"
skill-ovos-ddg.openvoiceos,"children.intent","wie viele Kinder hat {keyword}"
skill-ovos-ddg.openvoiceos,"children.intent","wie viele Kinder hatte {keyword}"
skill-ovos-ddg.openvoiceos,"birthdate.intent","wann ist der Geburtstag von {person}"
skill-ovos-ddg.openvoiceos,"birthdate.intent","wann wurde {person} geboren"
skill-ovos-ddg.openvoiceos,"birthdate.intent","was ist das Geburtsdatum von {person}"
skill-ovos-ddg.openvoiceos,"birthdate.intent","was ist das Geburtstag von {person}"
skill-ovos-ddg.openvoiceos,"birthdate.intent","was ist der Geburtsdatum von {person}"
skill-ovos-ddg.openvoiceos,"birthdate.intent","was ist der Geburtstag von {person}"
skill-ovos-ddg.openvoiceos,"birthdate.intent","was ist {person} Geburtsdatum"
skill-ovos-ddg.openvoiceos,"resting_place.intent","Wo ist das Grab von {keyword}"
skill-ovos-ddg.openvoiceos,"resting_place.intent","wo ist {keyword} begraben"
skill-ovos-ddg.openvoiceos,"fields.intent","was ist das Fachgebiet von {keyword}"
skill-ovos-ddg.openvoiceos,"who.intent","wer ist {person}"
skill-ovos-hello-world.openvoiceos,"HowAreYou.intent","Wie geht es dir"
skill-ovos-hello-world.openvoiceos,"HowAreYou.intent","wie ist es dir gegangen"
skill-ovos-hello-world.openvoiceos,"HowAreYou.intent","wie war dein Tag"
skill-ovos-icanhazdadjokes.openvoiceos,"joke.intent","Bring mich zum Lachen"
skill-ovos-icanhazdadjokes.openvoiceos,"joke.intent","Erzähl mir einen Witz"
skill-ovos-icanhazdadjokes.openvoiceos,"joke.intent","Erzähle einen Witz"
skill-ovos-icanhazdadjokes.openvoiceos,"joke.intent","kannst du Witze erzählen"
skill-ovos-icanhazdadjokes.openvoiceos,"joke.intent","kennst du irgendwelche Witze"
skill-ovos-icanhazdadjokes.openvoiceos,"search_joke.intent","Mache einen Witz über {search}"
skill-ovos-icanhazdadjokes.openvoiceos,"search_joke.intent","Mache einen {search} Witz"
skill-ovos-icanhazdadjokes.openvoiceos,"search_joke.intent","erzähl einen {search} Witz"
skill-ovos-icanhazdadjokes.openvoiceos,"search_joke.intent","erzähl mir einen Witz über {search}"
skill-ovos-icanhazdadjokes.openvoiceos,"search_joke.intent","erzähl mir einen {search} Witz"
skill-ovos-icanhazdadjokes.openvoiceos,"search_joke.intent","erzähle einen Witz über {search}"
skill-ovos-icanhazdadjokes.openvoiceos,"search_joke.intent","kannst du Witze über {search} erzählen"
skill-ovos-icanhazdadjokes.openvoiceos,"search_joke.intent","kannst du {search} Witze erzählen"
skill-ovos-icanhazdadjokes.openvoiceos,"search_joke.intent","kennst du einen {search} Witz"
skill-ovos-local-media.openvoiceos,"open.file.browser.intent","starte USB-Browser"
skill-ovos-local-media.openvoiceos,"open.file.browser.intent","zeige  USB-Browser"
skill-ovos-local-media.openvoiceos,"open.file.browser.intent","öffne  USB-Browser"
skill-ovos-local-media.openvoiceos,"open.file.browser.intent","starte USB-Browser-App"
skill-ovos-local-media.openvoiceos,"open.file.browser.intent","zeige  USB-Browser-App"
skill-ovos-local-media.openvoiceos,"open.file.browser.intent","öffne  USB-Browser-App"
skill-ovos-local-media.openvoiceos,"open.file.browser.intent","zeige  USB"
skill-ovos-local-media.openvoiceos,"open.file.browser.intent","zeige  USB  Laufwerk"
skill-ovos-local-media.openvoiceos,"open.file.browser.intent","zeige  mein USB"
skill-ovos-local-media.openvoiceos,"open.file.browser.intent","zeige  mein USB  Laufwerk"
skill-ovos-local-media.openvoiceos,"open.file.browser.intent","öffne   USB"
skill-ovos-local-media.openvoiceos,"open.file.browser.intent","öffne   USB  Laufwerk"
skill-ovos-local-media.openvoiceos,"open.file.browser.intent","öffne   mein USB"
skill-ovos-local-media.openvoiceos,"open.file.browser.intent","öffne   mein USB  Laufwerk"
skill-ovos-local-media.openvoiceos,"open.file.browser.intent","starte Dateibrowser"
skill-ovos-local-media.openvoiceos,"open.file.browser.intent","zeige  Dateibrowser"
skill-ovos-local-media.openvoiceos,"open.file.browser.intent","öffne  Dateibrowser"
skill-ovos-local-media.openvoiceos,"open.file.browser.intent","starte  Dateibrowser"
skill-ovos-local-media.openvoiceos,"open.file.browser.intent","starte  Dateibrowser  Laufwerk"
skill-ovos-local-media.openvoiceos,"open.file.browser.intent","starte  meinen Dateibrowser"
skill-ovos-local-media.openvoiceos,"open.file.browser.intent","starte  meinen Dateibrowser  Laufwerk"
skill-ovos-local-media.openvoiceos,"open.file.browser.intent","zeige  Dateibrowser"
skill-ovos-local-media.openvoiceos,"open.file.browser.intent","zeige  Dateibrowser  Laufwerk"
skill-ovos-local-media.openvoiceos,"open.file.browser.intent","zeige  meinen Dateibrowser"
skill-ovos-local-media.openvoiceos,"open.file.browser.intent","zeige  meinen Dateibrowser  Laufwerk"
skill-ovos-local-media.openvoiceos,"open.file.browser.intent","öffne  Dateibrowser"
skill-ovos-local-media.openvoiceos,"open.file.browser.intent","öffne  Dateibrowser  Laufwerk"
skill-ovos-local-media.openvoiceos,"open.file.browser.intent","öffne  meinen Dateibrowser"
skill-ovos-local-media.openvoiceos,"open.file.browser.intent","öffne  meinen Dateibrowser  Laufwerk"
skill-ovos-local-media.openvoiceos,"open.file.browser.intent","starte Dateibrowser-App"
skill-ovos-local-media.openvoiceos,"open.file.browser.intent","zeige  Dateibrowser-App"
skill-ovos-local-media.openvoiceos,"open.file.browser.intent","öffnn  Dateibrowser-App"
skill-ovos-local-media.openvoiceos,"open.file.browser.intent","Datei Browser App anzeigen"
skill-ovos-local-media.openvoiceos,"open.file.browser.intent","Datei Browser App starten"
skill-ovos-local-media.openvoiceos,"open.file.browser.intent","Datei Browser App öffnen"
skill-ovos-local-media.openvoiceos,"open.file.browser.intent","Datei Browser anzeigen"
skill-ovos-local-media.openvoiceos,"open.file.browser.intent","Datei Browser öffnen"
skill-ovos-local-media.openvoiceos,"open.file.browser.intent","Datei Browser-Laufwerk anzeigen"
skill-ovos-local-media.openvoiceos,"open.file.browser.intent","Datei Browser-Laufwerk öffnen"
skill-ovos-local-media.openvoiceos,"open.file.browser.intent","Ich habe meine"
skill-ovos-local-media.openvoiceos,"open.file.browser.intent","Mein Datei-Browser-Laufwerk öffnen"
skill-ovos-local-media.openvoiceos,"open.file.browser.intent","Mein USB-Laufwerk"
skill-ovos-local-media.openvoiceos,"open.file.browser.intent","Start Datei Browser"
skill-ovos-local-media.openvoiceos,"open.file.browser.intent","Start usb Browser"
skill-ovos-local-media.openvoiceos,"open.file.browser.intent","Start usb Browser App"
skill-ovos-local-media.openvoiceos,"open.file.browser.intent","USB-Laufwerk"
skill-ovos-local-media.openvoiceos,"open.file.browser.intent","Wir sind hier"
skill-ovos-local-media.openvoiceos,"open.file.browser.intent","Zeig USB-Laufwerk"
skill-ovos-local-media.openvoiceos,"open.file.browser.intent","Zeige unsb Browser"
skill-ovos-local-media.openvoiceos,"open.file.browser.intent","Zeige unsb Browser-App"
skill-ovos-local-media.openvoiceos,"open.file.browser.intent","mein Datei-Browser-Laufwerk anzeigen"
skill-ovos-local-media.openvoiceos,"open.file.browser.intent","meinen Dateibrowser anzeigen"
skill-ovos-local-media.openvoiceos,"open.file.browser.intent","meinen Dateibrowser öffnen"
skill-ovos-local-media.openvoiceos,"open.file.browser.intent","öffne mein usb"
skill-ovos-local-media.openvoiceos,"open.file.browser.intent","öffnen Sie meine USB-Laufwerk"
skill-ovos-local-media.openvoiceos,"open.file.browser.intent","öffnen usb"
skill-ovos-local-media.openvoiceos,"open.file.browser.intent","öffnen usb browser"
skill-ovos-local-media.openvoiceos,"open.file.browser.intent","öffnen usb browser app"
skill-ovos-naptime.openvoiceos,"naptime.intent","Begin Downtime"
skill-ovos-naptime.openvoiceos,"naptime.intent","Beginne Mittagsruhe"
skill-ovos-naptime.openvoiceos,"naptime.intent","Beginne Powernap"
skill-ovos-naptime.openvoiceos,"naptime.intent","Beginne Siesta"
skill-ovos-naptime.openvoiceos,"naptime.intent","Beginne mit dem Mittagsschlaf"
skill-ovos-naptime.openvoiceos,"naptime.intent","Gib uns eine Ruhezeit"
skill-ovos-naptime.openvoiceos,"naptime.intent","Mache ein Nickerchen machen"
skill-ovos-naptime.openvoiceos,"naptime.intent","Mach ein Nickerchen machen"
skill-ovos-naptime.openvoiceos,"naptime.intent","Mittagsschlaf"
skill-ovos-naptime.openvoiceos,"naptime.intent","Mittagsschlaf einleiten"
skill-ovos-naptime.openvoiceos,"naptime.intent","Nickerchen beginnen"
skill-ovos-naptime.openvoiceos,"naptime.intent","Schlaf einleiten"
skill-ovos-naptime.openvoiceos,"naptime.intent","Schlafintervall beginnen"
skill-ovos-naptime.openvoiceos,"naptime.intent","Schlafmodus aktivieren"
skill-ovos-naptime.openvoiceos,"naptime.intent","Schlummermodus starten"
skill-ovos-naptime.openvoiceos,"naptime.intent","starte Schlummermodus"
skill-ovos-naptime.openvoiceos,"naptime.intent","Siesta-Modus starten"
skill-ovos-naptime.openvoiceos,"naptime.intent","starte Siesta-Modus"
skill-ovos-naptime.openvoiceos,"naptime.intent","Starte Schlummerzeit"
skill-ovos-naptime.openvoiceos,"naptime.intent","Zeit für ein Nickerchen"
skill-ovos-naptime.openvoiceos,"naptime.intent","Zeit zum Schlafen"
skill-ovos-naptime.openvoiceos,"naptime.intent","betrete das Traumland"
skill-ovos-naptime.openvoiceos,"naptime.intent","fang an einzudösen"
skill-ovos-naptime.openvoiceos,"naptime.intent","fang an zu schlafen"
skill-ovos-naptime.openvoiceos,"naptime.intent","geh schlafen"
skill-ovos-naptime.openvoiceos,"naptime.intent","gehe schlafen"
skill-ovos-naptime.openvoiceos,"naptime.intent","gehe schlafen"
skill-ovos-naptime.openvoiceos,"naptime.intent","in den Lautlos-Modus wechseln"
skill-ovos-naptime.openvoiceos,"naptime.intent","wechsel in den Lautlos-Modus"
skill-ovos-naptime.openvoiceos,"naptime.intent","wechsele in den Lautlos-Modus"
skill-ovos-naptime.openvoiceos,"naptime.intent","in den Schlafmodus wechseln"
skill-ovos-naptime.openvoiceos,"naptime.intent","starte Ruhezeit"
skill-ovos-naptime.openvoiceos,"naptime.intent","starte Schlafmodus"
skill-ovos-naptime.openvoiceos,"naptime.intent","starte sleep session"
skill-ovos-naptime.openvoiceos,"naptime.intent","wechsel in den Ruhemodus"
skill-ovos-naptime.openvoiceos,"naptime.intent","wechsele in den Ruhemodus"
skill-ovos-naptime.openvoiceos,"naptime.intent","wechsele in den Ruhemodus"
skill-ovos-naptime.openvoiceos,"naptime.intent","wechsel in den Ruhemodus"
skill-ovos-naptime.openvoiceos,"naptime.intent","wechsele in den Ruhezustand"
skill-ovos-naptime.openvoiceos,"naptime.intent","wechsel in den Ruhezustand"
skill-ovos-news.openvoiceos,"global_news.intent","Alle wichtigen Nachrichten global"
skill-ovos-news.openvoiceos,"global_news.intent","Alle wichtigen Nachrichten international"
skill-ovos-news.openvoiceos,"global_news.intent","Alle wichtigen Nachrichten weltweit"
skill-ovos-news.openvoiceos,"global_news.intent","Erzähl mir was auf der Welt passiert"
skill-ovos-news.openvoiceos,"global_news.intent","Erzähle mir von globalen Nachrichten"
skill-ovos-news.openvoiceos,"global_news.intent","Erzähle mir von internationalen Nachrichten"
skill-ovos-news.openvoiceos,"global_news.intent","Erzähle mir von weltweiten Nachrichten"
skill-ovos-news.openvoiceos,"global_news.intent","Gib mir   globale Nachrichten"
skill-ovos-news.openvoiceos,"global_news.intent","Gib mir   internationale  Nachrichten"
skill-ovos-news.openvoiceos,"global_news.intent","Gib mir   weltweite  Nachrichten"
skill-ovos-news.openvoiceos,"global_news.intent","Gib mir  weltweite  Nachrichten"
skill-ovos-news.openvoiceos,"global_news.intent","Gib mir ein globales Nachrichten-Update"
skill-ovos-news.openvoiceos,"global_news.intent","Gib mir ein internationales Nachrichten-Update"
skill-ovos-news.openvoiceos,"global_news.intent","Gib mir ein weltweites Nachrichten-Update"
skill-ovos-news.openvoiceos,"global_news.intent","Gibt es aktuelle Nachrichten global"
skill-ovos-news.openvoiceos,"global_news.intent","Gibt es aktuelle Nachrichten international"
skill-ovos-news.openvoiceos,"global_news.intent","Gibt es aktuelle Nachrichten weltweit"
skill-ovos-news.openvoiceos,"global_news.intent","Ich will   globale Nachrichten"
skill-ovos-news.openvoiceos,"global_news.intent","Ich will   internationale  Nachrichten"
skill-ovos-news.openvoiceos,"global_news.intent","Ich will   weltweite  Nachrichten"
skill-ovos-news.openvoiceos,"global_news.intent","Ich will  weltweite  Nachrichten"
skill-ovos-news.openvoiceos,"global_news.intent","Was ist  international passiert"
skill-ovos-news.openvoiceos,"global_news.intent","Was ist  rund um den Globus  passiert"
skill-ovos-news.openvoiceos,"global_news.intent","Was ist auf der Welt  passiert"
skill-ovos-news.openvoiceos,"global_news.intent","Was sind die neuesten globalen Nachrichten"
skill-ovos-news.openvoiceos,"global_news.intent","Was sind die neuesten internationalen Nachrichten"
skill-ovos-news.openvoiceos,"global_news.intent","Was sind die neuesten weltweiten Nachrichten"
skill-ovos-news.openvoiceos,"global_news.intent","Wie geht es der Welt heute"
skill-ovos-news.openvoiceos,"global_news.intent","das Neueste   globale Nachrichten"
skill-ovos-news.openvoiceos,"global_news.intent","das Neueste   internationale  Nachrichten"
skill-ovos-news.openvoiceos,"global_news.intent","das Neueste   weltweite  Nachrichten"
skill-ovos-news.openvoiceos,"global_news.intent","das Neueste  globale Nachrichten"
skill-ovos-news.openvoiceos,"global_news.intent","das Neueste  internationale  Nachrichten"
skill-ovos-news.openvoiceos,"global_news.intent","das Neueste  weltweite  Nachrichten"
skill-ovos-news.openvoiceos,"global_news.intent","das Neueste weltweite  Nachrichten"
skill-ovos-news.openvoiceos,"global_news.intent","spiele  globale Nachrichten"
skill-ovos-news.openvoiceos,"global_news.intent","spiele  internationale  Nachrichten"
skill-ovos-news.openvoiceos,"global_news.intent","spiele  weltweite  Nachrichten"
skill-ovos-news.openvoiceos,"global_news.intent","spiele weltweite  Nachrichten"
skill-ovos-news.openvoiceos,"news.intent","Ich möchte die  Nachrichten hören"
skill-ovos-news.openvoiceos,"news.intent","Ich möchte die aktuellen Nachrichten hören"
skill-ovos-news.openvoiceos,"news.intent","Ich möchte die lokalen Nachrichten hören"
skill-ovos-news.openvoiceos,"news.intent","Ich möchte die neuesten Nachrichten hören"
skill-ovos-news.openvoiceos,"news.intent","Ich möchte die regionalen Nachrichten hören"
skill-ovos-news.openvoiceos,"news.intent","Nachrichten-Update"
skill-ovos-news.openvoiceos,"news.intent","Nachrichtenbericht"
skill-ovos-news.openvoiceos,"news.intent","Schlagzeilen"
skill-ovos-news.openvoiceos,"news.intent","aktuelle Schlagzeilen"
skill-ovos-news.openvoiceos,"news.intent","aktueller Nachrichtenbericht"
skill-ovos-news.openvoiceos,"news.intent","aktuelles Nachrichten-Update"
skill-ovos-news.openvoiceos,"news.intent","alle aktuellen  Nachrichten"
skill-ovos-news.openvoiceos,"news.intent","alle aktuellen lokalen Nachrichten"
skill-ovos-news.openvoiceos,"news.intent","alle aktuellen regionalen Nachrichten"
skill-ovos-news.openvoiceos,"news.intent","bring mir die  Nachrichten"
skill-ovos-news.openvoiceos,"news.intent","bring mir die aktuellen Nachrichten"
skill-ovos-news.openvoiceos,"news.intent","bring mir die lokalen Nachrichten"
skill-ovos-news.openvoiceos,"news.intent","bring mir die neuesten Nachrichten"
skill-ovos-news.openvoiceos,"news.intent","bring mir die regionalen Nachrichten"
skill-ovos-news.openvoiceos,"news.intent","die  Nachrichten abspielen"
skill-ovos-news.openvoiceos,"news.intent","spiele die  Nachrichten"
skill-ovos-news.openvoiceos,"news.intent","die  Nachrichten abspielen"
skill-ovos-news.openvoiceos,"news.intent","spiele die aktuellen Nachrichten"
skill-ovos-news.openvoiceos,"news.intent","die  Nachrichten abspielen"
skill-ovos-news.openvoiceos,"news.intent","spiele die lokalen Nachrichten"
skill-ovos-news.openvoiceos,"news.intent","die  Nachrichten abspielen"
skill-ovos-news.openvoiceos,"news.intent","spiele die neuesten Nachrichten"
skill-ovos-news.openvoiceos,"news.intent","die  Nachrichten abspielen"
skill-ovos-news.openvoiceos,"news.intent","spiele die regionalen Nachrichten"
skill-ovos-news.openvoiceos,"news.intent","die aktuellen Nachrichten abspielen"
skill-ovos-news.openvoiceos,"news.intent","spiele die  Nachrichten"
skill-ovos-news.openvoiceos,"news.intent","die aktuellen Nachrichten abspielen"
skill-ovos-news.openvoiceos,"news.intent","spiele die aktuellen Nachrichten"
skill-ovos-news.openvoiceos,"news.intent","die aktuellen Nachrichten abspielen"
skill-ovos-news.openvoiceos,"news.intent","spiele die lokalen Nachrichten"
skill-ovos-news.openvoiceos,"news.intent","die aktuellen Nachrichten abspielen"
skill-ovos-news.openvoiceos,"news.intent","spiele die neuesten Nachrichten"
skill-ovos-news.openvoiceos,"news.intent","die aktuellen Nachrichten abspielen"
skill-ovos-news.openvoiceos,"news.intent","spiele die regionalen Nachrichten"
skill-ovos-news.openvoiceos,"news.intent","die lokalen Nachrichten abspielen"
skill-ovos-news.openvoiceos,"news.intent","spiele die  Nachrichten"
skill-ovos-news.openvoiceos,"news.intent","die lokalen Nachrichten abspielen"
skill-ovos-news.openvoiceos,"news.intent","spiele die aktuellen Nachrichten"
skill-ovos-news.openvoiceos,"news.intent","die lokalen Nachrichten abspielen"
skill-ovos-news.openvoiceos,"news.intent","spiele die lokalen Nachrichten"
skill-ovos-news.openvoiceos,"news.intent","die lokalen Nachrichten abspielen"
skill-ovos-news.openvoiceos,"news.intent","spiele die neuesten Nachrichten"
skill-ovos-news.openvoiceos,"news.intent","die lokalen Nachrichten abspielen"
skill-ovos-news.openvoiceos,"news.intent","spiele die regionalen Nachrichten"
skill-ovos-news.openvoiceos,"news.intent","die neuesten Nachrichten abspielen"
skill-ovos-news.openvoiceos,"news.intent","spiele die  Nachrichten"
skill-ovos-news.openvoiceos,"news.intent","die neuesten Nachrichten abspielen"
skill-ovos-news.openvoiceos,"news.intent","spiele die aktuellen Nachrichten"
skill-ovos-news.openvoiceos,"news.intent","die neuesten Nachrichten abspielen"
skill-ovos-news.openvoiceos,"news.intent","spiele die lokalen Nachrichten"
skill-ovos-news.openvoiceos,"news.intent","die neuesten Nachrichten abspielen"
skill-ovos-news.openvoiceos,"news.intent","spiele die neuesten Nachrichten"
skill-ovos-news.openvoiceos,"news.intent","die neuesten Nachrichten abspielen"
skill-ovos-news.openvoiceos,"news.intent","spiele die regionalen Nachrichten"
skill-ovos-news.openvoiceos,"news.intent","die regionalen Nachrichten abspielen"
skill-ovos-news.openvoiceos,"news.intent","spiele die  Nachrichten"
skill-ovos-news.openvoiceos,"news.intent","die regionalen Nachrichten abspielen"
skill-ovos-news.openvoiceos,"news.intent","spiele die aktuellen Nachrichten"
skill-ovos-news.openvoiceos,"news.intent","die regionalen Nachrichten abspielen"
skill-ovos-news.openvoiceos,"news.intent","spiele die lokalen Nachrichten"
skill-ovos-news.openvoiceos,"news.intent","die regionalen Nachrichten abspielen"
skill-ovos-news.openvoiceos,"news.intent","spiele die neuesten Nachrichten"
skill-ovos-news.openvoiceos,"news.intent","die regionalen Nachrichten abspielen"
skill-ovos-news.openvoiceos,"news.intent","spiele die regionalen Nachrichten"
skill-ovos-news.openvoiceos,"news.intent","erzähl mir die  Nachrichten"
skill-ovos-news.openvoiceos,"news.intent","erzähl mir die  Nachrichten von heute"
skill-ovos-news.openvoiceos,"news.intent","erzähl mir die aktuellen Nachrichten"
skill-ovos-news.openvoiceos,"news.intent","erzähl mir die lokalen Nachrichten"
skill-ovos-news.openvoiceos,"news.intent","erzähl mir die lokalen Nachrichten von heute"
skill-ovos-news.openvoiceos,"news.intent","erzähl mir die neuesten Nachrichten"
skill-ovos-news.openvoiceos,"news.intent","erzähl mir die regionalen Nachrichten"
skill-ovos-news.openvoiceos,"news.intent","erzähl mir die regionalen Nachrichten von heute"
skill-ovos-news.openvoiceos,"news.intent","gib mir die  Nachrichten"
skill-ovos-news.openvoiceos,"news.intent","gib mir die aktuellen Nachrichten"
skill-ovos-news.openvoiceos,"news.intent","gib mir die lokalen Nachrichten"
skill-ovos-news.openvoiceos,"news.intent","gib mir die neuesten Nachrichten"
skill-ovos-news.openvoiceos,"news.intent","gib mir die regionalen Nachrichten"
skill-ovos-news.openvoiceos,"news.intent","gib mir ein Nachrichten Update"
skill-ovos-news.openvoiceos,"news.intent","informiere mich über die  Nachrichten"
skill-ovos-news.openvoiceos,"news.intent","informiere mich über die aktuellen Nachrichten"
skill-ovos-news.openvoiceos,"news.intent","informiere mich über die lokalen Nachrichten"
skill-ovos-news.openvoiceos,"news.intent","informiere mich über die neuesten Nachrichten"
skill-ovos-news.openvoiceos,"news.intent","informiere mich über die regionalen Nachrichten"
skill-ovos-news.openvoiceos,"news.intent","kannst du mir die  Nachrichten vorlesen"
skill-ovos-news.openvoiceos,"news.intent","kannst du mir die aktuellen Nachrichten vorlesen"
skill-ovos-news.openvoiceos,"news.intent","kannst du mir die lokalen Nachrichten vorlesen"
skill-ovos-news.openvoiceos,"news.intent","kannst du mir die neuesten Nachrichten vorlesen"
skill-ovos-news.openvoiceos,"news.intent","kannst du mir die regionalen Nachrichten vorlesen"
skill-ovos-news.openvoiceos,"news.intent","lokale Schlagzeilen"
skill-ovos-news.openvoiceos,"news.intent","lokaler Nachrichtenbericht"
skill-ovos-news.openvoiceos,"news.intent","lokales Nachrichten-Update"
skill-ovos-news.openvoiceos,"news.intent","neueste Schlagzeilen"
skill-ovos-news.openvoiceos,"news.intent","neuester Nachrichtenbericht"
skill-ovos-news.openvoiceos,"news.intent","neuestes Nachrichten-Update"
skill-ovos-news.openvoiceos,"news.intent","regionale Schlagzeilen"
skill-ovos-news.openvoiceos,"news.intent","regionaler Nachrichtenbericht"
skill-ovos-news.openvoiceos,"news.intent","regionales Nachrichten-Update"
skill-ovos-news.openvoiceos,"news.intent","was ist in den  Nachrichten"
skill-ovos-news.openvoiceos,"news.intent","was ist in den lokalen Nachrichten"
skill-ovos-news.openvoiceos,"news.intent","was ist in den regionalen Nachrichten"
skill-ovos-news.openvoiceos,"news.intent","was passiert in den  Nachrichten"
skill-ovos-news.openvoiceos,"news.intent","was passiert in den aktuellen Nachrichten"
skill-ovos-news.openvoiceos,"news.intent","was passiert in den lokalen Nachrichten"
skill-ovos-news.openvoiceos,"news.intent","was passiert in den neuesten Nachrichten"
skill-ovos-news.openvoiceos,"news.intent","was passiert in den regionalen Nachrichten"
skill-ovos-news.openvoiceos,"news.intent","was sind die  Nachrichten"
skill-ovos-news.openvoiceos,"news.intent","was sind die aktuellen Nachrichten"
skill-ovos-news.openvoiceos,"news.intent","was sind die lokalen Nachrichten"
skill-ovos-news.openvoiceos,"news.intent","was sind die neuesten Nachrichten"
skill-ovos-news.openvoiceos,"news.intent","was sind die regionalen Nachrichten"
skill-ovos-parrot.openvoiceos,"stop_parrot.intent","Papagei spielen abbrechen"
skill-ovos-parrot.openvoiceos,"stop_parrot.intent","Papageienmodus  abbrechen"
skill-ovos-parrot.openvoiceos,"stop_parrot.intent","Papageienmodus abschalten"
skill-ovos-parrot.openvoiceos,"stop_parrot.intent","Papageien deaktivieren"
skill-ovos-parrot.openvoiceos,"stop_parrot.intent","Papageimodus  deaktivieren"
skill-ovos-parrot.openvoiceos,"stop_parrot.intent","Papageienmodus abbrechen"
skill-ovos-parrot.openvoiceos,"stop_parrot.intent","Papageimodus  abbrechen"
skill-ovos-parrot.openvoiceos,"stop_parrot.intent","Papageienmodus anhalten"
skill-ovos-parrot.openvoiceos,"stop_parrot.intent","Papageimodus  anhalten"
skill-ovos-parrot.openvoiceos,"stop_parrot.intent","Papageienmodus stoppen"
skill-ovos-parrot.openvoiceos,"stop_parrot.intent","Papageimodus  stoppen"
skill-ovos-parrot.openvoiceos,"stop_parrot.intent","stop  Papagei spielen"
skill-ovos-parrot.openvoiceos,"stop_parrot.intent","stop Papageimodus"
skill-ovos-parrot.openvoiceos,"stop_parrot.intent","stopp  Papagei spielen"
skill-ovos-parrot.openvoiceos,"stop_parrot.intent","stopp Papageimodus"
skill-ovos-parrot.openvoiceos,"stop_parrot.intent","stoppe  Papagei spielen"
skill-ovos-parrot.openvoiceos,"stop_parrot.intent","stoppe Papageimodus"
skill-ovos-parrot.openvoiceos,"stop_parrot.intent","Breche  Papageienmodus ab"
skill-ovos-parrot.openvoiceos,"stop_parrot.intent","Breche Papageimodus  ab"
skill-ovos-parrot.openvoiceos,"stop_parrot.intent","deaktiviere  Papageienmodus"
skill-ovos-parrot.openvoiceos,"stop_parrot.intent","deaktiviere Papageimodus"
skill-ovos-parrot.openvoiceos,"stop_parrot.intent","hör auf, mich zu wiederholen"
skill-ovos-parrot.openvoiceos,"start_parrot.intent","Papagei starten"
skill-ovos-parrot.openvoiceos,"start_parrot.intent","Papageienmodus aktivieren"
skill-ovos-parrot.openvoiceos,"start_parrot.intent","Papageienmodus starten"
skill-ovos-parrot.openvoiceos,"start_parrot.intent","fang an zu plappern"
skill-ovos-parrot.openvoiceos,"start_parrot.intent","starte Papageienmodus"
skill-ovos-parrot.openvoiceos,"start_parrot.intent","wiederhole alles"
skill-ovos-parrot.openvoiceos,"start_parrot.intent","wiederhole alles, was du hörst"
skill-ovos-parrot.openvoiceos,"speak.intent","sage {Satz}"
skill-ovos-parrot.openvoiceos,"speak.intent","spreche {Satz}"
skill-ovos-parrot.openvoiceos,"speak.intent","wiederhole {Satz}"
skill-ovos-parrot.openvoiceos,"speak.intent","sage mir nach {Satz}"
skill-ovos-parrot.openvoiceos,"speak.intent","sage {Satz}"
skill-ovos-parrot.openvoiceos,"speak.intent","spreche {Satz}"
skill-ovos-parrot.openvoiceos,"speak.intent","wiederhole {Satz}"
skill-ovos-parrot.openvoiceos,"did.you.hear.me.intent","hast du mir ?"
skill-ovos-parrot.openvoiceos,"did.you.hear.me.intent","hast du mir das?"
skill-ovos-parrot.openvoiceos,"did.you.hear.me.intent","kann du mir ?"
skill-ovos-parrot.openvoiceos,"did.you.hear.me.intent","kann du mir das?"
skill-ovos-parrot.openvoiceos,"repeat.stt.intent","Was denkst du, was ich gesagt habe?"
skill-ovos-parrot.openvoiceos,"repeat.stt.intent","Was hast du zu mir gesagt?"
skill-ovos-parrot.openvoiceos,"repeat.stt.intent","sage mir was ich dir  gesagt habe."
skill-ovos-parrot.openvoiceos,"repeat.stt.intent","sage mir was ich dir gerade gesagt habe."
skill-ovos-parrot.openvoiceos,"repeat.stt.intent","was habe ich dir gesagt?"
skill-ovos-parrot.openvoiceos,"repeat.stt.intent","was habe ich dir mitgeteilt?"
skill-ovos-parrot.openvoiceos,"repeat.stt.intent","was habe ich gerade gesagt?"
skill-ovos-parrot.openvoiceos,"repeat.stt.intent","was habe ich gerade mitgeteilt?"
skill-ovos-parrot.openvoiceos,"repeat.tts.intent","Kannst du das nochmal sagen?"
skill-ovos-parrot.openvoiceos,"repeat.tts.intent","Kannst du das wiederholen?"
skill-ovos-parrot.openvoiceos,"repeat.tts.intent","Sag das noch einmal"
skill-ovos-parrot.openvoiceos,"repeat.tts.intent","Was war das?"
skill-ovos-parrot.openvoiceos,"repeat.tts.intent","Wie bitte"
skill-ovos-parrot.openvoiceos,"repeat.tts.intent","Wiedehole das"
skill-ovos-parrot.openvoiceos,"repeat.tts.intent","was hast du  gemeint?"
skill-ovos-parrot.openvoiceos,"repeat.tts.intent","was hast du  gesagt?"
skill-ovos-parrot.openvoiceos,"repeat.tts.intent","was hast du gerade gemeint?"
skill-ovos-parrot.openvoiceos,"repeat.tts.intent","was hast du gerade gesagt?"
skill-ovos-parrot.openvoiceos,"repeat.tts.intent","wiederhole was du    sagtest."
skill-ovos-parrot.openvoiceos,"repeat.tts.intent","wiederhole was du  gerade  sagtest."
skill-ovos-volume.openvoiceos,"volume.default.intent","die  lautstärke    mittel"
skill-ovos-volume.openvoiceos,"volume.default.intent","die  lautstärke    mittlere stufe"
skill-ovos-volume.openvoiceos,"volume.default.intent","die  lautstärke    normal"
skill-ovos-volume.openvoiceos,"volume.default.intent","die  lautstärke    normale stufe"
skill-ovos-volume.openvoiceos,"volume.default.intent","die  lautstärke  auf   mittel"
skill-ovos-volume.openvoiceos,"volume.default.intent","die  lautstärke  auf   mittlere stufe"
skill-ovos-volume.openvoiceos,"volume.default.intent","die  lautstärke  auf   normal"
skill-ovos-volume.openvoiceos,"volume.default.intent","die  lautstärke  auf   normale stufe"
skill-ovos-volume.openvoiceos,"volume.default.intent","lautstärke    mittel"
skill-ovos-volume.openvoiceos,"volume.default.intent","lautstärke    mittlere stufe"
skill-ovos-volume.openvoiceos,"volume.default.intent","lautstärke    normal"
skill-ovos-volume.openvoiceos,"volume.default.intent","lautstärke    normale stufe"
skill-ovos-volume.openvoiceos,"volume.default.intent","lautstärke  auf   mittel"
skill-ovos-volume.openvoiceos,"volume.default.intent","lautstärke  auf   mittlere stufe"
skill-ovos-volume.openvoiceos,"volume.default.intent","lautstärke  auf   normal"
skill-ovos-volume.openvoiceos,"volume.default.intent","lautstärke  auf   normale stufe"
skill-ovos-volume.openvoiceos,"volume.default.intent","stell    lautstärke    mittel"
skill-ovos-volume.openvoiceos,"volume.default.intent","stell    lautstärke    mittlere stufe"
skill-ovos-volume.openvoiceos,"volume.default.intent","stell    lautstärke    normal"
skill-ovos-volume.openvoiceos,"volume.default.intent","stell    lautstärke    normale stufe"
skill-ovos-volume.openvoiceos,"volume.default.intent","stell    lautstärke  auf   mittel"
skill-ovos-volume.openvoiceos,"volume.default.intent","stell    lautstärke  auf   mittlere stufe"
skill-ovos-volume.openvoiceos,"volume.default.intent","stell    lautstärke  auf   normal"
skill-ovos-volume.openvoiceos,"volume.default.intent","stell    lautstärke  auf   normale stufe"
skill-ovos-volume.openvoiceos,"volume.default.intent","stell   die  lautstärke    mittel"
skill-ovos-volume.openvoiceos,"volume.default.intent","stell   die  lautstärke    mittlere stufe"
skill-ovos-volume.openvoiceos,"volume.default.intent","stell   die  lautstärke    normal"
skill-ovos-volume.openvoiceos,"volume.default.intent","stell   die  lautstärke    normale stufe"
skill-ovos-volume.openvoiceos,"volume.default.intent","stell   die  lautstärke  auf   mittel"
skill-ovos-volume.openvoiceos,"volume.default.intent","stell   die  lautstärke  auf   mittlere stufe"
skill-ovos-volume.openvoiceos,"volume.default.intent","stell   die  lautstärke  auf   normal"
skill-ovos-volume.openvoiceos,"volume.default.intent","stell   die  lautstärke  auf   normale stufe"
skill-ovos-volume.openvoiceos,"volume.default.intent","stelle    lautstärke    mittel"
skill-ovos-volume.openvoiceos,"volume.default.intent","stelle    lautstärke    mittlere stufe"
skill-ovos-volume.openvoiceos,"volume.default.intent","stelle    lautstärke    normal"
skill-ovos-volume.openvoiceos,"volume.default.intent","stelle    lautstärke    normale stufe"
skill-ovos-volume.openvoiceos,"volume.default.intent","stelle    lautstärke  auf   mittel"
skill-ovos-volume.openvoiceos,"volume.default.intent","stelle    lautstärke  auf   mittlere stufe"
skill-ovos-volume.openvoiceos,"volume.default.intent","stelle    lautstärke  auf   normal"
skill-ovos-volume.openvoiceos,"volume.default.intent","stelle    lautstärke  auf   normale stufe"
skill-ovos-volume.openvoiceos,"volume.default.intent","stelle   die  lautstärke    mittel"
skill-ovos-volume.openvoiceos,"volume.default.intent","stelle   die  lautstärke    mittlere stufe"
skill-ovos-volume.openvoiceos,"volume.default.intent","stelle   die  lautstärke    normal"
skill-ovos-volume.openvoiceos,"volume.default.intent","stelle   die  lautstärke    normale stufe"
skill-ovos-volume.openvoiceos,"volume.default.intent","stelle   die  lautstärke  auf   mittel"
skill-ovos-volume.openvoiceos,"volume.default.intent","stelle   die  lautstärke  auf   mittlere stufe"
skill-ovos-volume.openvoiceos,"volume.default.intent","stelle   die  lautstärke  auf   normal"
skill-ovos-volume.openvoiceos,"volume.default.intent","stelle   die  lautstärke  auf   normale stufe"
skill-ovos-volume.openvoiceos,"volume.default.intent","änder    lautstärke    mittel"
skill-ovos-volume.openvoiceos,"volume.default.intent","änder    lautstärke    mittlere stufe"
skill-ovos-volume.openvoiceos,"volume.default.intent","änder    lautstärke    normal"
skill-ovos-volume.openvoiceos,"volume.default.intent","änder    lautstärke    normale stufe"
skill-ovos-volume.openvoiceos,"volume.default.intent","änder    lautstärke  auf   mittel"
skill-ovos-volume.openvoiceos,"volume.default.intent","änder    lautstärke  auf   mittlere stufe"
skill-ovos-volume.openvoiceos,"volume.default.intent","änder    lautstärke  auf   normal"
skill-ovos-volume.openvoiceos,"volume.default.intent","änder    lautstärke  auf   normale stufe"
skill-ovos-volume.openvoiceos,"volume.default.intent","änder   die  lautstärke    mittel"
skill-ovos-volume.openvoiceos,"volume.default.intent","änder   die  lautstärke    mittlere stufe"
skill-ovos-volume.openvoiceos,"volume.default.intent","änder   die  lautstärke    normal"
skill-ovos-volume.openvoiceos,"volume.default.intent","änder   die  lautstärke    normale stufe"
skill-ovos-volume.openvoiceos,"volume.default.intent","änder   die  lautstärke  auf   mittel"
skill-ovos-volume.openvoiceos,"volume.default.intent","änder   die  lautstärke  auf   mittlere stufe"
skill-ovos-volume.openvoiceos,"volume.default.intent","änder   die  lautstärke  auf   normal"
skill-ovos-volume.openvoiceos,"volume.default.intent","änder   die  lautstärke  auf   normale stufe"
skill-ovos-volume.openvoiceos,"volume.default.intent","ändere    lautstärke    mittel"
skill-ovos-volume.openvoiceos,"volume.default.intent","ändere    lautstärke    mittlere stufe"
skill-ovos-volume.openvoiceos,"volume.default.intent","ändere    lautstärke    normal"
skill-ovos-volume.openvoiceos,"volume.default.intent","ändere    lautstärke    normale stufe"
skill-ovos-volume.openvoiceos,"volume.default.intent","ändere    lautstärke  auf   mittel"
skill-ovos-volume.openvoiceos,"volume.default.intent","ändere    lautstärke  auf   mittlere stufe"
skill-ovos-volume.openvoiceos,"volume.default.intent","ändere    lautstärke  auf   normal"
skill-ovos-volume.openvoiceos,"volume.default.intent","ändere    lautstärke  auf   normale stufe"
skill-ovos-volume.openvoiceos,"volume.default.intent","ändere   die  lautstärke    mittel"
skill-ovos-volume.openvoiceos,"volume.default.intent","ändere   die  lautstärke    mittlere stufe"
skill-ovos-volume.openvoiceos,"volume.default.intent","ändere   die  lautstärke    normal"
skill-ovos-volume.openvoiceos,"volume.default.intent","ändere   die  lautstärke    normale stufe"
skill-ovos-volume.openvoiceos,"volume.default.intent","ändere   die  lautstärke  auf   mittel"
skill-ovos-volume.openvoiceos,"volume.default.intent","ändere   die  lautstärke  auf   mittlere stufe"
skill-ovos-volume.openvoiceos,"volume.default.intent","ändere   die  lautstärke  auf   normal"
skill-ovos-volume.openvoiceos,"volume.default.intent","ändere   die  lautstärke  auf   normale stufe"
skill-ovos-volume.openvoiceos,"volume.default.intent","Lautstärke auf Ausgangswert"
skill-ovos-volume.openvoiceos,"volume.default.intent","Lautstärke auf Standardwert"
skill-ovos-volume.openvoiceos,"volume.default.intent","Lautstärke auf mittleren Wert"
skill-ovos-volume.openvoiceos,"volume.default.intent","Standardlautstärke"
skill-ovos-volume.openvoiceos,"volume.default.intent","mittlere Lautstärke"
skill-ovos-volume.openvoiceos,"volume.default.intent","setze Lautstärke auf den Standardwert"
skill-ovos-volume.openvoiceos,"volume.mute.toggle.intent","stummschaltung audioausgabe"
skill-ovos-volume.openvoiceos,"volume.mute.toggle.intent","umschalten stummschaltung"
skill-ovos-volume.openvoiceos,"volume.mute.toggle.intent","änder     audio"
skill-ovos-volume.openvoiceos,"volume.mute.toggle.intent","änder     audioausgabe"
skill-ovos-volume.openvoiceos,"volume.mute.toggle.intent","änder     ausgabe"
skill-ovos-volume.openvoiceos,"volume.mute.toggle.intent","änder   die   audio"
skill-ovos-volume.openvoiceos,"volume.mute.toggle.intent","änder   die   audioausgabe"
skill-ovos-volume.openvoiceos,"volume.mute.toggle.intent","änder   die   ausgabe"
skill-ovos-volume.openvoiceos,"volume.mute.toggle.intent","ändere     audio"
skill-ovos-volume.openvoiceos,"volume.mute.toggle.intent","ändere     audioausgabe"
skill-ovos-volume.openvoiceos,"volume.mute.toggle.intent","ändere     ausgabe"
skill-ovos-volume.openvoiceos,"volume.mute.toggle.intent","ändere   die   audio"
skill-ovos-volume.openvoiceos,"volume.mute.toggle.intent","ändere   die   audioausgabe"
skill-ovos-volume.openvoiceos,"volume.mute.toggle.intent","ändere   die   ausgabe"
skill-ovos-volume.openvoiceos,"volume.max.intent","auf  maximale lautstärke"
skill-ovos-volume.openvoiceos,"volume.max.intent","auf  maximale lautstärke  ein"
skill-ovos-volume.openvoiceos,"volume.max.intent","maximale lautstärke"
skill-ovos-volume.openvoiceos,"volume.max.intent","maximale lautstärke  ein"
skill-ovos-volume.openvoiceos,"volume.max.intent","stell    maximale lautstärke"
skill-ovos-volume.openvoiceos,"volume.max.intent","stell    maximale lautstärke  ein"
skill-ovos-volume.openvoiceos,"volume.max.intent","stell   auf  maximale lautstärke"
skill-ovos-volume.openvoiceos,"volume.max.intent","stell   auf  maximale lautstärke  ein"
skill-ovos-volume.openvoiceos,"volume.max.intent","stelle    maximale lautstärke"
skill-ovos-volume.openvoiceos,"volume.max.intent","stelle    maximale lautstärke  ein"
skill-ovos-volume.openvoiceos,"volume.max.intent","stelle   auf  maximale lautstärke"
skill-ovos-volume.openvoiceos,"volume.max.intent","stelle   auf  maximale lautstärke  ein"
skill-ovos-volume.openvoiceos,"volume.max.intent","änder    maximale lautstärke"
skill-ovos-volume.openvoiceos,"volume.max.intent","änder    maximale lautstärke  ein"
skill-ovos-volume.openvoiceos,"volume.max.intent","änder   auf  maximale lautstärke"
skill-ovos-volume.openvoiceos,"volume.max.intent","änder   auf  maximale lautstärke  ein"
skill-ovos-volume.openvoiceos,"volume.max.intent","ändere    maximale lautstärke"
skill-ovos-volume.openvoiceos,"volume.max.intent","ändere    maximale lautstärke  ein"
skill-ovos-volume.openvoiceos,"volume.max.intent","ändere   auf  maximale lautstärke"
skill-ovos-volume.openvoiceos,"volume.max.intent","ändere   auf  maximale lautstärke  ein"
skill-ovos-volume.openvoiceos,"volume.max.intent","die  lautstärke    höchste stufe"
skill-ovos-volume.openvoiceos,"volume.max.intent","die  lautstärke    maximum"
skill-ovos-volume.openvoiceos,"volume.max.intent","die  lautstärke  auf   höchste stufe"
skill-ovos-volume.openvoiceos,"volume.max.intent","die  lautstärke  auf   maximum"
skill-ovos-volume.openvoiceos,"volume.max.intent","lautstärke    höchste stufe"
skill-ovos-volume.openvoiceos,"volume.max.intent","lautstärke    maximum"
skill-ovos-volume.openvoiceos,"volume.max.intent","lautstärke  auf   höchste stufe"
skill-ovos-volume.openvoiceos,"volume.max.intent","lautstärke  auf   maximum"
skill-ovos-volume.openvoiceos,"volume.max.intent","stell    lautstärke    höchste stufe"
skill-ovos-volume.openvoiceos,"volume.max.intent","stell    lautstärke    maximum"
skill-ovos-volume.openvoiceos,"volume.max.intent","stell    lautstärke  auf   höchste stufe"
skill-ovos-volume.openvoiceos,"volume.max.intent","stell    lautstärke  auf   maximum"
skill-ovos-volume.openvoiceos,"volume.max.intent","stell   die  lautstärke    höchste stufe"
skill-ovos-volume.openvoiceos,"volume.max.intent","stell   die  lautstärke    maximum"
skill-ovos-volume.openvoiceos,"volume.max.intent","stell   die  lautstärke  auf   höchste stufe"
skill-ovos-volume.openvoiceos,"volume.max.intent","stell   die  lautstärke  auf   maximum"
skill-ovos-volume.openvoiceos,"volume.max.intent","stelle    lautstärke    höchste stufe"
skill-ovos-volume.openvoiceos,"volume.max.intent","stelle    lautstärke    maximum"
skill-ovos-volume.openvoiceos,"volume.max.intent","stelle    lautstärke  auf   höchste stufe"
skill-ovos-volume.openvoiceos,"volume.max.intent","stelle    lautstärke  auf   maximum"
skill-ovos-volume.openvoiceos,"volume.max.intent","stelle   die  lautstärke    höchste stufe"
skill-ovos-volume.openvoiceos,"volume.max.intent","stelle   die  lautstärke    maximum"
skill-ovos-volume.openvoiceos,"volume.max.intent","stelle   die  lautstärke  auf   höchste stufe"
skill-ovos-volume.openvoiceos,"volume.max.intent","stelle   die  lautstärke  auf   maximum"
skill-ovos-volume.openvoiceos,"volume.max.intent","änder    lautstärke    höchste stufe"
skill-ovos-volume.openvoiceos,"volume.max.intent","änder    lautstärke    maximum"
skill-ovos-volume.openvoiceos,"volume.max.intent","änder    lautstärke  auf   höchste stufe"
skill-ovos-volume.openvoiceos,"volume.max.intent","änder    lautstärke  auf   maximum"
skill-ovos-volume.openvoiceos,"volume.max.intent","änder   die  lautstärke    höchste stufe"
skill-ovos-volume.openvoiceos,"volume.max.intent","änder   die  lautstärke    maximum"
skill-ovos-volume.openvoiceos,"volume.max.intent","änder   die  lautstärke  auf   höchste stufe"
skill-ovos-volume.openvoiceos,"volume.max.intent","änder   die  lautstärke  auf   maximum"
skill-ovos-volume.openvoiceos,"volume.max.intent","ändere    lautstärke    höchste stufe"
skill-ovos-volume.openvoiceos,"volume.max.intent","ändere    lautstärke    maximum"
skill-ovos-volume.openvoiceos,"volume.max.intent","ändere    lautstärke  auf   höchste stufe"
skill-ovos-volume.openvoiceos,"volume.max.intent","ändere    lautstärke  auf   maximum"
skill-ovos-volume.openvoiceos,"volume.max.intent","ändere   die  lautstärke    höchste stufe"
skill-ovos-volume.openvoiceos,"volume.max.intent","ändere   die  lautstärke    maximum"
skill-ovos-volume.openvoiceos,"volume.max.intent","ändere   die  lautstärke  auf   höchste stufe"
skill-ovos-volume.openvoiceos,"volume.max.intent","ändere   die  lautstärke  auf   maximum"
skill-ovos-volume.openvoiceos,"volume.max.intent","Lautstärke maximal aufdrehen"
skill-ovos-volume.openvoiceos,"volume.max.intent","maximale Lautstärke"
skill-ovos-volume.openvoiceos,"volume.max.intent","top Lautstärke"
skill-ovos-volume.openvoiceos,"volume.low.intent","minimale  lautstärke"
skill-ovos-volume.openvoiceos,"volume.low.intent","niedrige  lautstärke"
skill-ovos-volume.openvoiceos,"volume.low.intent","laustärke    minimal"
skill-ovos-volume.openvoiceos,"volume.low.intent","laustärke    minimum"
skill-ovos-volume.openvoiceos,"volume.low.intent","laustärke    niedrig"
skill-ovos-volume.openvoiceos,"volume.low.intent","laustärke  auf   minimal"
skill-ovos-volume.openvoiceos,"volume.low.intent","laustärke  auf   minimum"
skill-ovos-volume.openvoiceos,"volume.low.intent","laustärke  auf   niedrig"
skill-ovos-volume.openvoiceos,"volume.low.intent","stell  laustärke    minimal"
skill-ovos-volume.openvoiceos,"volume.low.intent","stell  laustärke    minimum"
skill-ovos-volume.openvoiceos,"volume.low.intent","stell  laustärke    niedrig"
skill-ovos-volume.openvoiceos,"volume.low.intent","stell  laustärke  auf   minimal"
skill-ovos-volume.openvoiceos,"volume.low.intent","stell  laustärke  auf   minimum"
skill-ovos-volume.openvoiceos,"volume.low.intent","stell  laustärke  auf   niedrig"
skill-ovos-volume.openvoiceos,"volume.low.intent","stelle  laustärke    minimal"
skill-ovos-volume.openvoiceos,"volume.low.intent","stelle  laustärke    minimum"
skill-ovos-volume.openvoiceos,"volume.low.intent","stelle  laustärke    niedrig"
skill-ovos-volume.openvoiceos,"volume.low.intent","stelle  laustärke  auf   minimal"
skill-ovos-volume.openvoiceos,"volume.low.intent","stelle  laustärke  auf   minimum"
skill-ovos-volume.openvoiceos,"volume.low.intent","stelle  laustärke  auf   niedrig"
skill-ovos-volume.openvoiceos,"volume.low.intent","änder  laustärke    minimal"
skill-ovos-volume.openvoiceos,"volume.low.intent","änder  laustärke    minimum"
skill-ovos-volume.openvoiceos,"volume.low.intent","änder  laustärke    niedrig"
skill-ovos-volume.openvoiceos,"volume.low.intent","änder  laustärke  auf   minimal"
skill-ovos-volume.openvoiceos,"volume.low.intent","änder  laustärke  auf   minimum"
skill-ovos-volume.openvoiceos,"volume.low.intent","änder  laustärke  auf   niedrig"
skill-ovos-volume.openvoiceos,"volume.low.intent","ändere  laustärke    minimal"
skill-ovos-volume.openvoiceos,"volume.low.intent","ändere  laustärke    minimum"
skill-ovos-volume.openvoiceos,"volume.low.intent","ändere  laustärke    niedrig"
skill-ovos-volume.openvoiceos,"volume.low.intent","ändere  laustärke  auf   minimal"
skill-ovos-volume.openvoiceos,"volume.low.intent","ändere  laustärke  auf   minimum"
skill-ovos-volume.openvoiceos,"volume.low.intent","ändere  laustärke  auf   niedrig"
skill-ovos-volume.openvoiceos,"volume.low.intent","auf  leise"
skill-ovos-volume.openvoiceos,"volume.low.intent","leise"
skill-ovos-volume.openvoiceos,"volume.low.intent","sei    leise"
skill-ovos-volume.openvoiceos,"volume.low.intent","sei   auf  leise"
skill-ovos-volume.openvoiceos,"volume.low.intent","stell    leise"
skill-ovos-volume.openvoiceos,"volume.low.intent","stell   auf  leise"
skill-ovos-volume.openvoiceos,"volume.low.intent","stelle    leise"
skill-ovos-volume.openvoiceos,"volume.low.intent","stelle   auf  leise"
skill-ovos-volume.openvoiceos,"volume.low.intent","änder    leise"
skill-ovos-volume.openvoiceos,"volume.low.intent","änder   auf  leise"
skill-ovos-volume.openvoiceos,"volume.low.intent","ändere    leise"
skill-ovos-volume.openvoiceos,"volume.low.intent","ändere   auf  leise"
skill-ovos-volume.openvoiceos,"volume.low.intent","Lautstärke niedrig"
skill-ovos-volume.openvoiceos,"volume.low.intent","niedrige Lautstärke"
skill-ovos-volume.openvoiceos,"volume.unmute.intent","du  kannst    reden"
skill-ovos-volume.openvoiceos,"volume.unmute.intent","du  kannst    sprechen"
skill-ovos-volume.openvoiceos,"volume.unmute.intent","du  kannst  wieder   reden"
skill-ovos-volume.openvoiceos,"volume.unmute.intent","du  kannst  wieder   sprechen"
skill-ovos-volume.openvoiceos,"volume.unmute.intent","kannst    reden"
skill-ovos-volume.openvoiceos,"volume.unmute.intent","kannst    sprechen"
skill-ovos-volume.openvoiceos,"volume.unmute.intent","kannst  wieder   reden"
skill-ovos-volume.openvoiceos,"volume.unmute.intent","kannst  wieder   sprechen"
skill-ovos-volume.openvoiceos,"volume.unmute.intent","audio   an"
skill-ovos-volume.openvoiceos,"volume.unmute.intent","audio   ein"
skill-ovos-volume.openvoiceos,"volume.unmute.intent","audioausgabe   an"
skill-ovos-volume.openvoiceos,"volume.unmute.intent","audioausgabe   ein"
skill-ovos-volume.openvoiceos,"volume.unmute.intent","ausgabe   an"
skill-ovos-volume.openvoiceos,"volume.unmute.intent","ausgabe   ein"
skill-ovos-volume.openvoiceos,"volume.unmute.intent","die   audio   an"
skill-ovos-volume.openvoiceos,"volume.unmute.intent","die   audio   ein"
skill-ovos-volume.openvoiceos,"volume.unmute.intent","die   audioausgabe   an"
skill-ovos-volume.openvoiceos,"volume.unmute.intent","die   audioausgabe   ein"
skill-ovos-volume.openvoiceos,"volume.unmute.intent","die   ausgabe   an"
skill-ovos-volume.openvoiceos,"volume.unmute.intent","die   ausgabe   ein"
skill-ovos-volume.openvoiceos,"volume.unmute.intent","die   sprachausgabe   an"
skill-ovos-volume.openvoiceos,"volume.unmute.intent","die   sprachausgabe   ein"
skill-ovos-volume.openvoiceos,"volume.unmute.intent","die   sprache   an"
skill-ovos-volume.openvoiceos,"volume.unmute.intent","die   sprache   ein"
skill-ovos-volume.openvoiceos,"volume.unmute.intent","schalt     audio   an"
skill-ovos-volume.openvoiceos,"volume.unmute.intent","schalt     audio   ein"
skill-ovos-volume.openvoiceos,"volume.unmute.intent","schalt     audioausgabe   an"
skill-ovos-volume.openvoiceos,"volume.unmute.intent","schalt     audioausgabe   ein"
skill-ovos-volume.openvoiceos,"volume.unmute.intent","schalt     ausgabe   an"
skill-ovos-volume.openvoiceos,"volume.unmute.intent","schalt     ausgabe   ein"
skill-ovos-volume.openvoiceos,"volume.unmute.intent","schalt     sprachausgabe   an"
skill-ovos-volume.openvoiceos,"volume.unmute.intent","schalt     sprachausgabe   ein"
skill-ovos-volume.openvoiceos,"volume.unmute.intent","schalt     sprache   an"
skill-ovos-volume.openvoiceos,"volume.unmute.intent","schalt     sprache   ein"
skill-ovos-volume.openvoiceos,"volume.unmute.intent","schalt   die   audio   an"
skill-ovos-volume.openvoiceos,"volume.unmute.intent","schalt   die   audio   ein"
skill-ovos-volume.openvoiceos,"volume.unmute.intent","schalt   die   audioausgabe   an"
skill-ovos-volume.openvoiceos,"volume.unmute.intent","schalt   die   audioausgabe   ein"
skill-ovos-volume.openvoiceos,"volume.unmute.intent","schalt   die   ausgabe   an"
skill-ovos-volume.openvoiceos,"volume.unmute.intent","schalt   die   ausgabe   ein"
skill-ovos-volume.openvoiceos,"volume.unmute.intent","schalt   die   sprachausgabe   an"
skill-ovos-volume.openvoiceos,"volume.unmute.intent","schalt   die   sprachausgabe   ein"
skill-ovos-volume.openvoiceos,"volume.unmute.intent","schalt   die   sprache   an"
skill-ovos-volume.openvoiceos,"volume.unmute.intent","schalt   die   sprache   ein"
skill-ovos-volume.openvoiceos,"volume.unmute.intent","schalte     audio   an"
skill-ovos-volume.openvoiceos,"volume.unmute.intent","schalte     audio   ein"
skill-ovos-volume.openvoiceos,"volume.unmute.intent","schalte     audioausgabe   an"
skill-ovos-volume.openvoiceos,"volume.unmute.intent","schalte     audioausgabe   ein"
skill-ovos-volume.openvoiceos,"volume.unmute.intent","schalte     ausgabe   an"
skill-ovos-volume.openvoiceos,"volume.unmute.intent","schalte     ausgabe   ein"
skill-ovos-volume.openvoiceos,"volume.unmute.intent","schalte     sprachausgabe   an"
skill-ovos-volume.openvoiceos,"volume.unmute.intent","schalte     sprachausgabe   ein"
skill-ovos-volume.openvoiceos,"volume.unmute.intent","schalte     sprache   an"
skill-ovos-volume.openvoiceos,"volume.unmute.intent","schalte     sprache   ein"
skill-ovos-volume.openvoiceos,"volume.unmute.intent","schalte   die   audio   an"
skill-ovos-volume.openvoiceos,"volume.unmute.intent","schalte   die   audio   ein"
skill-ovos-volume.openvoiceos,"volume.unmute.intent","schalte   die   audioausgabe   an"
skill-ovos-volume.openvoiceos,"volume.unmute.intent","schalte   die   audioausgabe   ein"
skill-ovos-volume.openvoiceos,"volume.unmute.intent","schalte   die   ausgabe   an"
skill-ovos-volume.openvoiceos,"volume.unmute.intent","schalte   die   ausgabe   ein"
skill-ovos-volume.openvoiceos,"volume.unmute.intent","schalte   die   sprachausgabe   an"
skill-ovos-volume.openvoiceos,"volume.unmute.intent","schalte   die   sprachausgabe   ein"
skill-ovos-volume.openvoiceos,"volume.unmute.intent","schalte   die   sprache   an"
skill-ovos-volume.openvoiceos,"volume.unmute.intent","schalte   die   sprache   ein"
skill-ovos-volume.openvoiceos,"volume.unmute.intent","sprachausgabe   an"
skill-ovos-volume.openvoiceos,"volume.unmute.intent","sprachausgabe   ein"
skill-ovos-volume.openvoiceos,"volume.unmute.intent","sprache   an"
skill-ovos-volume.openvoiceos,"volume.unmute.intent","sprache   ein"
skill-ovos-volume.openvoiceos,"volume.unmute.intent","den ton wieder anstellen"
skill-ovos-volume.openvoiceos,"volume.high.intent","die  lautstärke    laut"
skill-ovos-volume.openvoiceos,"volume.high.intent","die  lautstärke    zweithöchste stufe"
skill-ovos-volume.openvoiceos,"volume.high.intent","die  lautstärke  auf   laut"
skill-ovos-volume.openvoiceos,"volume.high.intent","die  lautstärke  auf   zweithöchste stufe"
skill-ovos-volume.openvoiceos,"volume.high.intent","lautstärke    laut"
skill-ovos-volume.openvoiceos,"volume.high.intent","lautstärke    zweithöchste stufe"
skill-ovos-volume.openvoiceos,"volume.high.intent","lautstärke  auf   laut"
skill-ovos-volume.openvoiceos,"volume.high.intent","lautstärke  auf   zweithöchste stufe"
skill-ovos-volume.openvoiceos,"volume.high.intent","stell    lautstärke    laut"
skill-ovos-volume.openvoiceos,"volume.high.intent","stell    lautstärke    zweithöchste stufe"
skill-ovos-volume.openvoiceos,"volume.high.intent","stell    lautstärke  auf   laut"
skill-ovos-volume.openvoiceos,"volume.high.intent","stell    lautstärke  auf   zweithöchste stufe"
skill-ovos-volume.openvoiceos,"volume.high.intent","stell   die  lautstärke    laut"
skill-ovos-volume.openvoiceos,"volume.high.intent","stell   die  lautstärke    zweithöchste stufe"
skill-ovos-volume.openvoiceos,"volume.high.intent","stell   die  lautstärke  auf   laut"
skill-ovos-volume.openvoiceos,"volume.high.intent","stell   die  lautstärke  auf   zweithöchste stufe"
skill-ovos-volume.openvoiceos,"volume.high.intent","stelle    lautstärke    laut"
skill-ovos-volume.openvoiceos,"volume.high.intent","stelle    lautstärke    zweithöchste stufe"
skill-ovos-volume.openvoiceos,"volume.high.intent","stelle    lautstärke  auf   laut"
skill-ovos-volume.openvoiceos,"volume.high.intent","stelle    lautstärke  auf   zweithöchste stufe"
skill-ovos-volume.openvoiceos,"volume.high.intent","stelle   die  lautstärke    laut"
skill-ovos-volume.openvoiceos,"volume.high.intent","stelle   die  lautstärke    zweithöchste stufe"
skill-ovos-volume.openvoiceos,"volume.high.intent","stelle   die  lautstärke  auf   laut"
skill-ovos-volume.openvoiceos,"volume.high.intent","stelle   die  lautstärke  auf   zweithöchste stufe"
skill-ovos-volume.openvoiceos,"volume.high.intent","änder    lautstärke    laut"
skill-ovos-volume.openvoiceos,"volume.high.intent","änder    lautstärke    zweithöchste stufe"
skill-ovos-volume.openvoiceos,"volume.high.intent","änder    lautstärke  auf   laut"
skill-ovos-volume.openvoiceos,"volume.high.intent","änder    lautstärke  auf   zweithöchste stufe"
skill-ovos-volume.openvoiceos,"volume.high.intent","änder   die  lautstärke    laut"
skill-ovos-volume.openvoiceos,"volume.high.intent","änder   die  lautstärke    zweithöchste stufe"
skill-ovos-volume.openvoiceos,"volume.high.intent","änder   die  lautstärke  auf   laut"
skill-ovos-volume.openvoiceos,"volume.high.intent","änder   die  lautstärke  auf   zweithöchste stufe"
skill-ovos-volume.openvoiceos,"volume.high.intent","ändere    lautstärke    laut"
skill-ovos-volume.openvoiceos,"volume.high.intent","ändere    lautstärke    zweithöchste stufe"
skill-ovos-volume.openvoiceos,"volume.high.intent","ändere    lautstärke  auf   laut"
skill-ovos-volume.openvoiceos,"volume.high.intent","ändere    lautstärke  auf   zweithöchste stufe"
skill-ovos-volume.openvoiceos,"volume.high.intent","ändere   die  lautstärke    laut"
skill-ovos-volume.openvoiceos,"volume.high.intent","ändere   die  lautstärke    zweithöchste stufe"
skill-ovos-volume.openvoiceos,"volume.high.intent","ändere   die  lautstärke  auf   laut"
skill-ovos-volume.openvoiceos,"volume.high.intent","ändere   die  lautstärke  auf   zweithöchste stufe"
skill-ovos-volume.openvoiceos,"volume.high.intent","Lautstärke hoch"
skill-ovos-volume.openvoiceos,"volume.high.intent","Lautstärke ziemlich aufdrehen"
skill-ovos-volume.openvoiceos,"volume.high.intent","Lautstärkeregelung auf hoch"
skill-ovos-volume.openvoiceos,"volume.high.intent","hohe Lautstärke"
skill-ovos-volume.openvoiceos,"volume.high.intent","volle Lautstärke"
skill-ovos-volume.openvoiceos,"volume.mute.intent","auf   lautlos  schalten"
skill-ovos-volume.openvoiceos,"volume.mute.intent","auf   stumm  schalten"
skill-ovos-volume.openvoiceos,"volume.mute.intent","lautlos  schalten"
skill-ovos-volume.openvoiceos,"volume.mute.intent","stumm  schalten"
skill-ovos-volume.openvoiceos,"volume.mute.intent","auf   lautlos"
skill-ovos-volume.openvoiceos,"volume.mute.intent","auf   stumm"
skill-ovos-volume.openvoiceos,"volume.mute.intent","lautlos"
skill-ovos-volume.openvoiceos,"volume.mute.intent","schalt     lautlos"
skill-ovos-volume.openvoiceos,"volume.mute.intent","schalt     stumm"
skill-ovos-volume.openvoiceos,"volume.mute.intent","schalt   auf   lautlos"
skill-ovos-volume.openvoiceos,"volume.mute.intent","schalt   auf   stumm"
skill-ovos-volume.openvoiceos,"volume.mute.intent","schalte     lautlos"
skill-ovos-volume.openvoiceos,"volume.mute.intent","schalte     stumm"
skill-ovos-volume.openvoiceos,"volume.mute.intent","schalte   auf   lautlos"
skill-ovos-volume.openvoiceos,"volume.mute.intent","schalte   auf   stumm"
skill-ovos-volume.openvoiceos,"volume.mute.intent","stumm"
skill-ovos-volume.openvoiceos,"volume.mute.intent","audio  aus"
skill-ovos-volume.openvoiceos,"volume.mute.intent","audioausgabe  aus"
skill-ovos-volume.openvoiceos,"volume.mute.intent","ausgabe  aus"
skill-ovos-volume.openvoiceos,"volume.mute.intent","die   audio  aus"
skill-ovos-volume.openvoiceos,"volume.mute.intent","die   audioausgabe  aus"
skill-ovos-volume.openvoiceos,"volume.mute.intent","die   ausgabe  aus"
skill-ovos-volume.openvoiceos,"volume.mute.intent","die   sprachausgabe  aus"
skill-ovos-volume.openvoiceos,"volume.mute.intent","die   sprache  aus"
skill-ovos-volume.openvoiceos,"volume.mute.intent","schalt     audio  aus"
skill-ovos-volume.openvoiceos,"volume.mute.intent","schalt     audioausgabe  aus"
skill-ovos-volume.openvoiceos,"volume.mute.intent","schalt     ausgabe  aus"
skill-ovos-volume.openvoiceos,"volume.mute.intent","schalt     sprachausgabe  aus"
skill-ovos-volume.openvoiceos,"volume.mute.intent","schalt     sprache  aus"
skill-ovos-volume.openvoiceos,"volume.mute.intent","schalt   die   audio  aus"
skill-ovos-volume.openvoiceos,"volume.mute.intent","schalt   die   audioausgabe  aus"
skill-ovos-volume.openvoiceos,"volume.mute.intent","schalt   die   ausgabe  aus"
skill-ovos-volume.openvoiceos,"volume.mute.intent","schalt   die   sprachausgabe  aus"
skill-ovos-volume.openvoiceos,"volume.mute.intent","schalt   die   sprache  aus"
skill-ovos-volume.openvoiceos,"volume.mute.intent","schalte     audio  aus"
skill-ovos-volume.openvoiceos,"volume.mute.intent","schalte     audioausgabe  aus"
skill-ovos-volume.openvoiceos,"volume.mute.intent","schalte     ausgabe  aus"
skill-ovos-volume.openvoiceos,"volume.mute.intent","schalte     sprachausgabe  aus"
skill-ovos-volume.openvoiceos,"volume.mute.intent","schalte     sprache  aus"
skill-ovos-volume.openvoiceos,"volume.mute.intent","schalte   die   audio  aus"
skill-ovos-volume.openvoiceos,"volume.mute.intent","schalte   die   audioausgabe  aus"
skill-ovos-volume.openvoiceos,"volume.mute.intent","schalte   die   ausgabe  aus"
skill-ovos-volume.openvoiceos,"volume.mute.intent","schalte   die   sprachausgabe  aus"
skill-ovos-volume.openvoiceos,"volume.mute.intent","schalte   die   sprache  aus"
skill-ovos-volume.openvoiceos,"volume.mute.intent","sprachausgabe  aus"
skill-ovos-volume.openvoiceos,"volume.mute.intent","sprache  aus"
skill-ovos-weather.openvoiceos,"do-i-need-an-umbrella.intent","Ist es wahrscheinlich, dass es heute regnet"
skill-ovos-weather.openvoiceos,"do-i-need-an-umbrella.intent","Muss ich mir wegen Regen Sorgen machen"
skill-ovos-weather.openvoiceos,"do-i-need-an-umbrella.intent","Wird es am Wochenende regnen"
skill-ovos-weather.openvoiceos,"do-i-need-an-umbrella.intent","Wird es draußen regnen"
skill-ovos-weather.openvoiceos,"do-i-need-an-umbrella.intent","Ist es regnerisch"
skill-ovos-weather.openvoiceos,"do-i-need-an-umbrella.intent","Wird es ein regnerischer Tag"
skill-ovos-weather.openvoiceos,"do-i-need-an-umbrella.intent","besteht morgen die Möglichkeit von Regen"
skill-ovos-weather.openvoiceos,"do-i-need-an-umbrella.intent","brauche ich einen Regenschirm für meinen Arbeitsweg"
skill-ovos-weather.openvoiceos,"do-i-need-an-umbrella.intent","brauche ich morgen einen  Regenjacke"
skill-ovos-weather.openvoiceos,"do-i-need-an-umbrella.intent","brauche ich morgen einen Regenmantel"
skill-ovos-weather.openvoiceos,"do-i-need-an-umbrella.intent","brauche ich morgen einen Regenschirm"
skill-ovos-weather.openvoiceos,"do-i-need-an-umbrella.intent","ist Regen vorhergesagt"
skill-ovos-weather.openvoiceos,"do-i-need-an-umbrella.intent","ist heute Regen wahrscheinlich"
skill-ovos-weather.openvoiceos,"do-i-need-an-umbrella.intent","ist regen vorhergesagt"
skill-ovos-weather.openvoiceos,"do-i-need-an-umbrella.intent","wird es regnen"
skill-ovos-weather.openvoiceos,"do-i-need-an-umbrella.intent","muss ich Vorkehrungen für Regen treffen"
skill-ovos-weather.openvoiceos,"do-i-need-an-umbrella.intent","muss ich auf Regenschauer achten"
skill-ovos-weather.openvoiceos,"do-i-need-an-umbrella.intent","muss ich eine Regenjacke mitnehmen"
skill-ovos-weather.openvoiceos,"do-i-need-an-umbrella.intent","muss ich einen Regenschirm zur Veranstaltung mitbringen"
skill-ovos-weather.openvoiceos,"do-i-need-an-umbrella.intent","muss ich mich auf einen Starkregen vorbereiten"
skill-ovos-weather.openvoiceos,"do-i-need-an-umbrella.intent","muss ich mich für regnerisches Wetter anziehen"
skill-ovos-weather.openvoiceos,"do-i-need-an-umbrella.intent","muss ich mich vor Regen schützen"
skill-ovos-weather.openvoiceos,"do-i-need-an-umbrella.intent","soll ich einen Regenschirm in den Park mitnehmen"
skill-ovos-weather.openvoiceos,"do-i-need-an-umbrella.intent","soll ich heute meinen Regenschirm mitnehmen"
skill-ovos-weather.openvoiceos,"do-i-need-an-umbrella.intent","soll ich meine Gummistiefel mitnehmen"
skill-ovos-weather.openvoiceos,"do-i-need-an-umbrella.intent","soll ich mich auf regen vorbereiten"
skill-ovos-weather.openvoiceos,"do-i-need-an-umbrella.intent","ist mit regen zu rechnen"
skill-ovos-weather.openvoiceos,"do-i-need-an-umbrella.intent","sollte ich auf Regen vorbereitet sein"
skill-ovos-weather.openvoiceos,"do-i-need-an-umbrella.intent","sollte ich einen Ersatzplan für Regen haben"
skill-ovos-weather.openvoiceos,"do-i-need-an-umbrella.intent","sollte ich einen Regenhut mitbringen"
skill-ovos-weather.openvoiceos,"do-i-need-an-umbrella.intent","sollte ich einen Regenschirm in meiner Tasche mitnehmen"
skill-ovos-weather.openvoiceos,"do-i-need-an-umbrella.intent","sollte ich einen Regenschirm mitnehmen"
skill-ovos-weather.openvoiceos,"do-i-need-an-umbrella.intent","sollte ich für die Reise einen Regenmantel einpacken"
skill-ovos-weather.openvoiceos,"do-i-need-an-umbrella.intent","wird abends Regen erwartet"
skill-ovos-weather.openvoiceos,"do-i-need-an-umbrella.intent","wird es heute Schauer geben"
skill-ovos-weather.openvoiceos,"do-i-need-an-umbrella.intent","wird es heute regnen"
skill-ovos-weather.openvoiceos,"do-i-need-an-umbrella.intent","wird es morgen regnen"
skill-ovos-weather.openvoiceos,"do-i-need-an-umbrella.intent","wird es regnen"
skill-ovos-weather.openvoiceos,"do-i-need-an-umbrella.intent","wird es stark regnen"
skill-ovos-weather.openvoiceos,"do-i-need-an-umbrella.intent","wird später Regen erwartet"
skill-ovos-weather.openvoiceos,"do-i-need-an-umbrella.intent","wird es später regen geben"
skill-ovos-wikipedia.openvoiceos,"wikiroulette.intent","Wikipedia Roulette"
skill-ovos-wikipedia.openvoiceos,"wikiroulette.intent","spiele das wiki Roulette"
skill-ovos-wikipedia.openvoiceos,"wikiroulette.intent","spiele das wikipedia Roulette"
skill-ovos-wikipedia.openvoiceos,"wikiroulette.intent","spiele wiki Roulette"
skill-ovos-wikipedia.openvoiceos,"wikiroulette.intent","spiele wikipedia Roulette"
skill-ovos-wikipedia.openvoiceos,"wikiroulette.intent","starte zufälliges Wiki"
skill-ovos-wikipedia.openvoiceos,"wikiroulette.intent","starte zufälliges Wikipedia"
skill-ovos-wikipedia.openvoiceos,"wikiroulette.intent","wiki Roulette"
skill-ovos-wikipedia.openvoiceos,"wikiroulette.intent","zeige zufälliges Wiki"
skill-ovos-wikipedia.openvoiceos,"wikiroulette.intent","zeige zufälliges Wikipedia"
skill-ovos-wikipedia.openvoiceos,"wikiroulette.intent","zufällige Wiki Seite"
skill-ovos-wikipedia.openvoiceos,"wikiroulette.intent","zufällige Wikipedia Seite"
skill-ovos-wikipedia.openvoiceos,"wikiroulette.intent","zufälliges wiki"
skill-ovos-wikipedia.openvoiceos,"wikiroulette.intent","zufälliges wikipedia"
skill-ovos-wikipedia.openvoiceos,"wikiroulette.intent","öffne zufälliges Wiki"
skill-ovos-wikipedia.openvoiceos,"wikiroulette.intent","öffne zufälliges Wikipedia"
skill-ovos-wikipedia.openvoiceos,"query.intent","Gib mir Informationen zu {keyword}"
skill-ovos-wikipedia.openvoiceos,"query.intent","Ich bin neugierig auf {keyword}"
skill-ovos-wikipedia.openvoiceos,"query.intent","Ich möchte etwas über {keyword} erfahren"
skill-ovos-wikipedia.openvoiceos,"query.intent","Ich möchte mehr über {keyword} erfahren"
skill-ovos-wikipedia.openvoiceos,"query.intent","Ich suche Details zu {keyword}"
skill-ovos-wikipedia.openvoiceos,"query.intent","Kannst Du mich über {keyword} aufklären"
skill-ovos-wikipedia.openvoiceos,"query.intent","Kannst Du mir Einzelheiten zu {keyword} sagen?"
skill-ovos-wikipedia.openvoiceos,"query.intent","Kannst Du mir erklären, was {keyword} ist"
skill-ovos-wikipedia.openvoiceos,"query.intent","Was weist Du über {keyword}"
skill-ovos-wikipedia.openvoiceos,"query.intent","erzähl mir von {keyword}"
skill-ovos-wikipedia.openvoiceos,"query.intent","was ist {keyword}"
skill-ovos-wikipedia.openvoiceos,"query.intent","wer ist {keyword}"
skill-ovos-wikipedia.openvoiceos,"query.intent","wer war {keyword}"
skill-ovos-wikipedia.openvoiceos,"wiki.intent","Erzähl mir von {query}"
skill-ovos-wikipedia.openvoiceos,"wiki.intent","Erzähl uns von {query}"
skill-ovos-wikipedia.openvoiceos,"wiki.intent","Finde Details zu {query} auf wiki"
skill-ovos-wikipedia.openvoiceos,"wiki.intent","Finde Details zu {query} auf wikipedia"
skill-ovos-wikipedia.openvoiceos,"wiki.intent","Suche auf Wiki nach Details zu {query}"
skill-ovos-wikipedia.openvoiceos,"wiki.intent","Suche auf Wikipedia nach Details zu {query}"
skill-ovos-wikipedia.openvoiceos,"wiki.intent","Suche bei  wikipedia nach {query}"
skill-ovos-wikipedia.openvoiceos,"wiki.intent","Suche in  wikipedia nach {query}"
skill-ovos-wikipedia.openvoiceos,"wiki.intent","Suche wiki für {query}"
skill-ovos-wikipedia.openvoiceos,"wiki.intent","Was sagt Wikipedia über {query}"
skill-ovos-wikipedia.openvoiceos,"wiki.intent","gib mir Informationen zu {query} von wiki"
skill-ovos-wikipedia.openvoiceos,"wiki.intent","gib mir Informationen zu {query} von wikipedia"
skill-ovos-wikipedia.openvoiceos,"wiki.intent","was ist der wiki Eintrag für {query}"
skill-ovos-wikipedia.openvoiceos,"wiki.intent","was ist der wikipedia Eintrag für {query}"
skill-ovos-wikipedia.openvoiceos,"wiki.intent","was ist über {query} auf wiki bekannt"
skill-ovos-wikipedia.openvoiceos,"wiki.intent","was ist über {query} auf wikipedia bekannt"
skill-ovos-wikipedia.openvoiceos,"wiki.intent","was wiki sagt über {query}"
skill-ovos-wikipedia.openvoiceos,"wiki.intent","wiki {query}"
skill-ovos-wikipedia.openvoiceos,"wiki.intent","wkipedia {query}"
skill-ovos-wolfie.openvoiceos,"search_wolfie.intent","Frage Wolfram Alpha über {query}"
skill-ovos-wolfie.openvoiceos,"search_wolfie.intent","Suche Wolf für {query}"
skill-ovos-wolfie.openvoiceos,"search_wolfie.intent","Suche den Wolf nach {query}"
skill-ovos-wolfie.openvoiceos,"search_wolfie.intent","Suche wolfram alpha nach {query}"
skill-ovos-wolfie.openvoiceos,"search_wolfie.intent","befragen den Wolf über {query}"
skill-ovos-wolfie.openvoiceos,"search_wolfie.intent","frage den Wolf nach {query}"
skill-ovos-wolfie.openvoiceos,"search_wolfie.intent","frage den Wolf {query}"
skill-ovos-wolfie.openvoiceos,"search_wolfie.intent","was sagt Wolfram alpha über {query}"
skill-ovos-wolfie.openvoiceos,"search_wolfie.intent","was sagt Wolfram über {query}"
skill-ovos-wolfie.openvoiceos,"search_wolfie.intent","was sagt der Wolf über {query}"