domain,intent,utterance
ovos-skill-alerts.openvoiceos,"missed_alerts.intent","alarme de falta"
ovos-skill-alerts.openvoiceos,"missed_alerts.intent","alarme falhado"
ovos-skill-alerts.openvoiceos,"missed_alerts.intent","alarmes de avaria"
ovos-skill-alerts.openvoiceos,"missed_alerts.intent","alarmes falhados"
ovos-skill-alerts.openvoiceos,"missed_alerts.intent","alerta de falta"
ovos-skill-alerts.openvoiceos,"missed_alerts.intent","alerta perdido"
ovos-skill-alerts.openvoiceos,"missed_alerts.intent","alertas de falta"
ovos-skill-alerts.openvoiceos,"missed_alerts.intent","alertas perdidos"
ovos-skill-alerts.openvoiceos,"missed_alerts.intent","evento perdido"
ovos-skill-alerts.openvoiceos,"missed_alerts.intent","eventos de miss"
ovos-skill-alerts.openvoiceos,"missed_alerts.intent","eventos perdidos"
ovos-skill-alerts.openvoiceos,"missed_alerts.intent","falhar lembretes"
ovos-skill-alerts.openvoiceos,"missed_alerts.intent","falhar qualquer alarme"
ovos-skill-alerts.openvoiceos,"missed_alerts.intent","falhar qualquer temporizador"
ovos-skill-alerts.openvoiceos,"missed_alerts.intent","falhar um alarme"
ovos-skill-alerts.openvoiceos,"missed_alerts.intent","falhar um temporizador"
ovos-skill-alerts.openvoiceos,"missed_alerts.intent","falharam os alarmes?"
ovos-skill-alerts.openvoiceos,"missed_alerts.intent","falhei os temporizadores"
ovos-skill-alerts.openvoiceos,"missed_alerts.intent","falhou algum temporizador"
ovos-skill-alerts.openvoiceos,"missed_alerts.intent","falhou e temporizadores"
ovos-skill-alerts.openvoiceos,"missed_alerts.intent","falhou qualquer temporizador"
ovos-skill-alerts.openvoiceos,"missed_alerts.intent","falhou um alarme"
ovos-skill-alerts.openvoiceos,"missed_alerts.intent","falhou um alerta"
ovos-skill-alerts.openvoiceos,"missed_alerts.intent","falhou um temporizador"
ovos-skill-alerts.openvoiceos,"missed_alerts.intent","falhou uma indicação"
ovos-skill-alerts.openvoiceos,"missed_alerts.intent","falhou-me algum alarme?"
ovos-skill-alerts.openvoiceos,"missed_alerts.intent","falhou-me um alarme?"
ovos-skill-alerts.openvoiceos,"missed_alerts.intent","faltar ao evento"
ovos-skill-alerts.openvoiceos,"missed_alerts.intent","faltar e temporizadores"
ovos-skill-alerts.openvoiceos,"missed_alerts.intent","faltou a qualquer evento"
ovos-skill-alerts.openvoiceos,"missed_alerts.intent","faltou a um evento"
ovos-skill-alerts.openvoiceos,"missed_alerts.intent","faltou um lembrete"
ovos-skill-alerts.openvoiceos,"missed_alerts.intent","faltou-me algum alarme?"
ovos-skill-alerts.openvoiceos,"missed_alerts.intent","faltou-me algum lembrete?"
ovos-skill-alerts.openvoiceos,"missed_alerts.intent","faltou-me algum temporizador"
ovos-skill-alerts.openvoiceos,"missed_alerts.intent","faltou-me algum temporizador?"
ovos-skill-alerts.openvoiceos,"missed_alerts.intent","faltou-me um alarme?"
ovos-skill-alerts.openvoiceos,"missed_alerts.intent","faltou-me um alerta"
ovos-skill-alerts.openvoiceos,"missed_alerts.intent","faltou-me um lembrete"
ovos-skill-alerts.openvoiceos,"missed_alerts.intent","faltou-me um temporizador"
ovos-skill-alerts.openvoiceos,"missed_alerts.intent","lembrete de falta"
ovos-skill-alerts.openvoiceos,"missed_alerts.intent","lembrete perdido"
ovos-skill-alerts.openvoiceos,"missed_alerts.intent","lembretes de falta"
ovos-skill-alerts.openvoiceos,"missed_alerts.intent","lembretes perdidos"
ovos-skill-alerts.openvoiceos,"missed_alerts.intent","não ouviu nenhum alarme"
ovos-skill-alerts.openvoiceos,"missed_alerts.intent","não receber nenhum lembrete"
ovos-skill-alerts.openvoiceos,"missed_alerts.intent","não recebeu nenhum lembrete"
ovos-skill-alerts.openvoiceos,"missed_alerts.intent","não recebeu nenhuma indicação"
ovos-skill-alerts.openvoiceos,"missed_alerts.intent","não recebeu um alerta"
ovos-skill-alerts.openvoiceos,"missed_alerts.intent","não recebeu uma indicação"
ovos-skill-alerts.openvoiceos,"missed_alerts.intent","não ter ouvido nenhum alarme"
ovos-skill-alerts.openvoiceos,"missed_alerts.intent","perder algum temporizador"
ovos-skill-alerts.openvoiceos,"missed_alerts.intent","perder quaisquer alertas"
ovos-skill-alerts.openvoiceos,"missed_alerts.intent","perder qualquer alarme"
ovos-skill-alerts.openvoiceos,"missed_alerts.intent","perder qualquer alerta"
ovos-skill-alerts.openvoiceos,"missed_alerts.intent","perder qualquer evento"
ovos-skill-alerts.openvoiceos,"missed_alerts.intent","perder qualquer lembrete"
ovos-skill-alerts.openvoiceos,"missed_alerts.intent","perder um alarme"
ovos-skill-alerts.openvoiceos,"missed_alerts.intent","perder um alerta"
ovos-skill-alerts.openvoiceos,"missed_alerts.intent","perder um evento"
ovos-skill-alerts.openvoiceos,"missed_alerts.intent","perder um lembrete"
ovos-skill-alerts.openvoiceos,"missed_alerts.intent","perder um temporizador"
ovos-skill-alerts.openvoiceos,"missed_alerts.intent","perder uma indicação"
ovos-skill-alerts.openvoiceos,"missed_alerts.intent","perdeu algum evento"
ovos-skill-alerts.openvoiceos,"missed_alerts.intent","perdeu um evento"
ovos-skill-alerts.openvoiceos,"missed_alerts.intent","perdeu um lembrete"
ovos-skill-alerts.openvoiceos,"missed_alerts.intent","perdi alertas"
ovos-skill-alerts.openvoiceos,"missed_alerts.intent","perdi algum alerta"
ovos-skill-alerts.openvoiceos,"missed_alerts.intent","perdi algum alerta?"
ovos-skill-alerts.openvoiceos,"missed_alerts.intent","perdi algum evento"
ovos-skill-alerts.openvoiceos,"missed_alerts.intent","perdi algum evento?"
ovos-skill-alerts.openvoiceos,"missed_alerts.intent","perdi algum lembrete"
ovos-skill-alerts.openvoiceos,"missed_alerts.intent","perdi algum lembrete?"
ovos-skill-alerts.openvoiceos,"missed_alerts.intent","perdi algum tempo"
ovos-skill-alerts.openvoiceos,"missed_alerts.intent","perdi algum temporizador"
ovos-skill-alerts.openvoiceos,"missed_alerts.intent","perdi algum temporizador?"
ovos-skill-alerts.openvoiceos,"missed_alerts.intent","perdi alguma indicação"
ovos-skill-alerts.openvoiceos,"missed_alerts.intent","perdi alguma indicação?"
ovos-skill-alerts.openvoiceos,"missed_alerts.intent","perdi eventos"
ovos-skill-alerts.openvoiceos,"missed_alerts.intent","perdi o alarme"
ovos-skill-alerts.openvoiceos,"missed_alerts.intent","perdi o alarme?"
ovos-skill-alerts.openvoiceos,"missed_alerts.intent","perdi o alerta"
ovos-skill-alerts.openvoiceos,"missed_alerts.intent","perdi o temporizador"
ovos-skill-alerts.openvoiceos,"missed_alerts.intent","perdi os alarmes"
ovos-skill-alerts.openvoiceos,"missed_alerts.intent","perdi os lembretes"
ovos-skill-alerts.openvoiceos,"missed_alerts.intent","perdi os temporizadores"
ovos-skill-alerts.openvoiceos,"missed_alerts.intent","perdi um alarme"
ovos-skill-alerts.openvoiceos,"missed_alerts.intent","perdi um alerta"
ovos-skill-alerts.openvoiceos,"missed_alerts.intent","perdi um evento"
ovos-skill-alerts.openvoiceos,"missed_alerts.intent","perdi um lembrete"
ovos-skill-alerts.openvoiceos,"missed_alerts.intent","perdi um temporizador"
ovos-skill-alerts.openvoiceos,"missed_alerts.intent","quais as indicações que me escaparam"
ovos-skill-alerts.openvoiceos,"missed_alerts.intent","quais os alarmes que me escaparam"
ovos-skill-alerts.openvoiceos,"missed_alerts.intent","quais os eventos que perdi"
ovos-skill-alerts.openvoiceos,"missed_alerts.intent","quais os lembretes que me escaparam"
ovos-skill-alerts.openvoiceos,"missed_alerts.intent","quais os temporizadores que me escaparam"
ovos-skill-alerts.openvoiceos,"missed_alerts.intent","qual a indicação que me escapou"
ovos-skill-alerts.openvoiceos,"missed_alerts.intent","que alarme perdi?"
ovos-skill-alerts.openvoiceos,"missed_alerts.intent","que alarme é que me escapou"
ovos-skill-alerts.openvoiceos,"missed_alerts.intent","que alarmes perdi?"
ovos-skill-alerts.openvoiceos,"missed_alerts.intent","que alarmes é que me escaparam"
ovos-skill-alerts.openvoiceos,"missed_alerts.intent","que alerta me escapou"
ovos-skill-alerts.openvoiceos,"missed_alerts.intent","que alerta é que me escapou"
ovos-skill-alerts.openvoiceos,"missed_alerts.intent","que evento perdi?"
ovos-skill-alerts.openvoiceos,"missed_alerts.intent","que evento é que eu perdi"
ovos-skill-alerts.openvoiceos,"missed_alerts.intent","que eventos perdi"
ovos-skill-alerts.openvoiceos,"missed_alerts.intent","que eventos é que eu perdi"
ovos-skill-alerts.openvoiceos,"missed_alerts.intent","que indicação me escapou"
ovos-skill-alerts.openvoiceos,"missed_alerts.intent","que indicações me escaparam"
ovos-skill-alerts.openvoiceos,"missed_alerts.intent","que lembrete me escapou"
ovos-skill-alerts.openvoiceos,"missed_alerts.intent","que lembrete perdi?"
ovos-skill-alerts.openvoiceos,"missed_alerts.intent","que lembrete é que me escapou"
ovos-skill-alerts.openvoiceos,"missed_alerts.intent","que lembretes me escaparam"
ovos-skill-alerts.openvoiceos,"missed_alerts.intent","que lembretes é que me escaparam"
ovos-skill-alerts.openvoiceos,"missed_alerts.intent","que temporizador me escapou"
ovos-skill-alerts.openvoiceos,"missed_alerts.intent","que temporizador perdi?"
ovos-skill-alerts.openvoiceos,"missed_alerts.intent","que temporizadores me escaparam"
ovos-skill-alerts.openvoiceos,"missed_alerts.intent","que temporizadores perdi"
ovos-skill-alerts.openvoiceos,"missed_alerts.intent","que temporizadores perdi?"
ovos-skill-alerts.openvoiceos,"missed_alerts.intent","será que me escapou algum alarme?"
ovos-skill-alerts.openvoiceos,"missed_alerts.intent","temporizador de falta"
ovos-skill-alerts.openvoiceos,"missed_alerts.intent","temporizador falhado"
ovos-skill-alerts.openvoiceos,"missed_alerts.intent","temporizadores de falta"
ovos-skill-alerts.openvoiceos,"missed_alerts.intent","temporizadores falhados"
ovos-skill-camera.openvoiceos,"take_picture.intent","tira uma foto"
ovos-skill-camera.openvoiceos,"take_picture.intent","tire uma foto"
ovos-skill-camera.openvoiceos,"have_camera.intent","tems uma câmara"
ovos-skill-camera.openvoiceos,"have_camera.intent","você tem uma câmara"
ovos-skill-camera.openvoiceos,"have_camera.intent","a câmara está a funcionar"
ovos-skill-camera.openvoiceos,"have_camera.intent","a câmara está funcionando"
ovos-skill-camera.openvoiceos,"have_camera.intent","posso usar a câmara"
ovos-skill-camera.openvoiceos,"have_camera.intent","tem uma câmara"
ovos-skill-camera.openvoiceos,"have_camera.intent","tem uma câmara disponível"
ovos-skill-camera.openvoiceos,"have_camera.intent","você pode aceder a câmara"
ovos-skill-confucius-quotes.openvoiceos,"who.intent","quem foi confúcio"
ovos-skill-confucius-quotes.openvoiceos,"who.intent","quem é confúcio"
ovos-skill-days-in-history.openvoiceos,"deaths_in_history.intent","quem morreu hoje na história"
ovos-skill-days-in-history.openvoiceos,"births_in_history.intent","quem nasceu hoje na história"
ovos-skill-days-in-history.openvoiceos,"today_in_history.intent","conta-me  eventos históricos em esta data"
ovos-skill-days-in-history.openvoiceos,"today_in_history.intent","conta-me  eventos históricos em esta data da história"
ovos-skill-days-in-history.openvoiceos,"today_in_history.intent","conta-me  eventos históricos em esta data na história"
ovos-skill-days-in-history.openvoiceos,"today_in_history.intent","conta-me  eventos históricos esta data"
ovos-skill-days-in-history.openvoiceos,"today_in_history.intent","conta-me  eventos históricos esta data da história"
ovos-skill-days-in-history.openvoiceos,"today_in_history.intent","conta-me  eventos históricos esta data na história"
ovos-skill-days-in-history.openvoiceos,"today_in_history.intent","conta-me  eventos históricos nesta data"
ovos-skill-days-in-history.openvoiceos,"today_in_history.intent","conta-me  eventos históricos nesta data da história"
ovos-skill-days-in-history.openvoiceos,"today_in_history.intent","conta-me  eventos históricos nesta data na história"
ovos-skill-days-in-history.openvoiceos,"today_in_history.intent","conta-me  o que aconteceu em esta data"
ovos-skill-days-in-history.openvoiceos,"today_in_history.intent","conta-me  o que aconteceu em esta data da história"
ovos-skill-days-in-history.openvoiceos,"today_in_history.intent","conta-me  o que aconteceu em esta data na história"
ovos-skill-days-in-history.openvoiceos,"today_in_history.intent","conta-me  o que aconteceu esta data"
ovos-skill-days-in-history.openvoiceos,"today_in_history.intent","conta-me  o que aconteceu esta data da história"
ovos-skill-days-in-history.openvoiceos,"today_in_history.intent","conta-me  o que aconteceu esta data na história"
ovos-skill-days-in-history.openvoiceos,"today_in_history.intent","conta-me  o que aconteceu nesta data"
ovos-skill-days-in-history.openvoiceos,"today_in_history.intent","conta-me  o que aconteceu nesta data da história"
ovos-skill-days-in-history.openvoiceos,"today_in_history.intent","conta-me  o que aconteceu nesta data na história"
ovos-skill-days-in-history.openvoiceos,"today_in_history.intent","conta-me sobre eventos históricos em esta data"
ovos-skill-days-in-history.openvoiceos,"today_in_history.intent","conta-me sobre eventos históricos em esta data da história"
ovos-skill-days-in-history.openvoiceos,"today_in_history.intent","conta-me sobre eventos históricos em esta data na história"
ovos-skill-days-in-history.openvoiceos,"today_in_history.intent","conta-me sobre eventos históricos esta data"
ovos-skill-days-in-history.openvoiceos,"today_in_history.intent","conta-me sobre eventos históricos esta data da história"
ovos-skill-days-in-history.openvoiceos,"today_in_history.intent","conta-me sobre eventos históricos esta data na história"
ovos-skill-days-in-history.openvoiceos,"today_in_history.intent","conta-me sobre eventos históricos nesta data"
ovos-skill-days-in-history.openvoiceos,"today_in_history.intent","conta-me sobre eventos históricos nesta data da história"
ovos-skill-days-in-history.openvoiceos,"today_in_history.intent","conta-me sobre eventos históricos nesta data na história"
ovos-skill-days-in-history.openvoiceos,"today_in_history.intent","conta-me sobre o que aconteceu em esta data"
ovos-skill-days-in-history.openvoiceos,"today_in_history.intent","conta-me sobre o que aconteceu em esta data da história"
ovos-skill-days-in-history.openvoiceos,"today_in_history.intent","conta-me sobre o que aconteceu em esta data na história"
ovos-skill-days-in-history.openvoiceos,"today_in_history.intent","conta-me sobre o que aconteceu esta data"
ovos-skill-days-in-history.openvoiceos,"today_in_history.intent","conta-me sobre o que aconteceu esta data da história"
ovos-skill-days-in-history.openvoiceos,"today_in_history.intent","conta-me sobre o que aconteceu esta data na história"
ovos-skill-days-in-history.openvoiceos,"today_in_history.intent","conta-me sobre o que aconteceu nesta data"
ovos-skill-days-in-history.openvoiceos,"today_in_history.intent","conta-me sobre o que aconteceu nesta data da história"
ovos-skill-days-in-history.openvoiceos,"today_in_history.intent","conta-me sobre o que aconteceu nesta data na história"
ovos-skill-days-in-history.openvoiceos,"today_in_history.intent","conte-me  eventos históricos em esta data"
ovos-skill-days-in-history.openvoiceos,"today_in_history.intent","conte-me  eventos históricos em esta data da história"
ovos-skill-days-in-history.openvoiceos,"today_in_history.intent","conte-me  eventos históricos em esta data na história"
ovos-skill-days-in-history.openvoiceos,"today_in_history.intent","conte-me  eventos históricos esta data"
ovos-skill-days-in-history.openvoiceos,"today_in_history.intent","conte-me  eventos históricos esta data da história"
ovos-skill-days-in-history.openvoiceos,"today_in_history.intent","conte-me  eventos históricos esta data na história"
ovos-skill-days-in-history.openvoiceos,"today_in_history.intent","conte-me  eventos históricos nesta data"
ovos-skill-days-in-history.openvoiceos,"today_in_history.intent","conte-me  eventos históricos nesta data da história"
ovos-skill-days-in-history.openvoiceos,"today_in_history.intent","conte-me  eventos históricos nesta data na história"
ovos-skill-days-in-history.openvoiceos,"today_in_history.intent","conte-me  o que aconteceu em esta data"
ovos-skill-days-in-history.openvoiceos,"today_in_history.intent","conte-me  o que aconteceu em esta data da história"
ovos-skill-days-in-history.openvoiceos,"today_in_history.intent","conte-me  o que aconteceu em esta data na história"
ovos-skill-days-in-history.openvoiceos,"today_in_history.intent","conte-me  o que aconteceu esta data"
ovos-skill-days-in-history.openvoiceos,"today_in_history.intent","conte-me  o que aconteceu esta data da história"
ovos-skill-days-in-history.openvoiceos,"today_in_history.intent","conte-me  o que aconteceu esta data na história"
ovos-skill-days-in-history.openvoiceos,"today_in_history.intent","conte-me  o que aconteceu nesta data"
ovos-skill-days-in-history.openvoiceos,"today_in_history.intent","conte-me  o que aconteceu nesta data da história"
ovos-skill-days-in-history.openvoiceos,"today_in_history.intent","conte-me  o que aconteceu nesta data na história"
ovos-skill-days-in-history.openvoiceos,"today_in_history.intent","conte-me sobre eventos históricos em esta data"
ovos-skill-days-in-history.openvoiceos,"today_in_history.intent","conte-me sobre eventos históricos em esta data da história"
ovos-skill-days-in-history.openvoiceos,"today_in_history.intent","conte-me sobre eventos históricos em esta data na história"
ovos-skill-days-in-history.openvoiceos,"today_in_history.intent","conte-me sobre eventos históricos esta data"
ovos-skill-days-in-history.openvoiceos,"today_in_history.intent","conte-me sobre eventos históricos esta data da história"
ovos-skill-days-in-history.openvoiceos,"today_in_history.intent","conte-me sobre eventos históricos esta data na história"
ovos-skill-days-in-history.openvoiceos,"today_in_history.intent","conte-me sobre eventos históricos nesta data"
ovos-skill-days-in-history.openvoiceos,"today_in_history.intent","conte-me sobre eventos históricos nesta data da história"
ovos-skill-days-in-history.openvoiceos,"today_in_history.intent","conte-me sobre eventos históricos nesta data na história"
ovos-skill-days-in-history.openvoiceos,"today_in_history.intent","conte-me sobre o que aconteceu em esta data"
ovos-skill-days-in-history.openvoiceos,"today_in_history.intent","conte-me sobre o que aconteceu em esta data da história"
ovos-skill-days-in-history.openvoiceos,"today_in_history.intent","conte-me sobre o que aconteceu em esta data na história"
ovos-skill-days-in-history.openvoiceos,"today_in_history.intent","conte-me sobre o que aconteceu esta data"
ovos-skill-days-in-history.openvoiceos,"today_in_history.intent","conte-me sobre o que aconteceu esta data da história"
ovos-skill-days-in-history.openvoiceos,"today_in_history.intent","conte-me sobre o que aconteceu esta data na história"
ovos-skill-days-in-history.openvoiceos,"today_in_history.intent","conte-me sobre o que aconteceu nesta data"
ovos-skill-days-in-history.openvoiceos,"today_in_history.intent","conte-me sobre o que aconteceu nesta data da história"
ovos-skill-days-in-history.openvoiceos,"today_in_history.intent","conte-me sobre o que aconteceu nesta data na história"
ovos-skill-days-in-history.openvoiceos,"today_in_history.intent","diz-me  eventos históricos em esta data"
ovos-skill-days-in-history.openvoiceos,"today_in_history.intent","diz-me  eventos históricos em esta data da história"
ovos-skill-days-in-history.openvoiceos,"today_in_history.intent","diz-me  eventos históricos em esta data na história"
ovos-skill-days-in-history.openvoiceos,"today_in_history.intent","diz-me  eventos históricos esta data"
ovos-skill-days-in-history.openvoiceos,"today_in_history.intent","diz-me  eventos históricos esta data da história"
ovos-skill-days-in-history.openvoiceos,"today_in_history.intent","diz-me  eventos históricos esta data na história"
ovos-skill-days-in-history.openvoiceos,"today_in_history.intent","diz-me  eventos históricos nesta data"
ovos-skill-days-in-history.openvoiceos,"today_in_history.intent","diz-me  eventos históricos nesta data da história"
ovos-skill-days-in-history.openvoiceos,"today_in_history.intent","diz-me  eventos históricos nesta data na história"
ovos-skill-days-in-history.openvoiceos,"today_in_history.intent","diz-me  o que aconteceu em esta data"
ovos-skill-days-in-history.openvoiceos,"today_in_history.intent","diz-me  o que aconteceu em esta data da história"
ovos-skill-days-in-history.openvoiceos,"today_in_history.intent","diz-me  o que aconteceu em esta data na história"
ovos-skill-days-in-history.openvoiceos,"today_in_history.intent","diz-me  o que aconteceu esta data"
ovos-skill-days-in-history.openvoiceos,"today_in_history.intent","diz-me  o que aconteceu esta data da história"
ovos-skill-days-in-history.openvoiceos,"today_in_history.intent","diz-me  o que aconteceu esta data na história"
ovos-skill-days-in-history.openvoiceos,"today_in_history.intent","diz-me  o que aconteceu nesta data"
ovos-skill-days-in-history.openvoiceos,"today_in_history.intent","diz-me  o que aconteceu nesta data da história"
ovos-skill-days-in-history.openvoiceos,"today_in_history.intent","diz-me  o que aconteceu nesta data na história"
ovos-skill-days-in-history.openvoiceos,"today_in_history.intent","diz-me sobre eventos históricos em esta data"
ovos-skill-days-in-history.openvoiceos,"today_in_history.intent","diz-me sobre eventos históricos em esta data da história"
ovos-skill-days-in-history.openvoiceos,"today_in_history.intent","diz-me sobre eventos históricos em esta data na história"
ovos-skill-days-in-history.openvoiceos,"today_in_history.intent","diz-me sobre eventos históricos esta data"
ovos-skill-days-in-history.openvoiceos,"today_in_history.intent","diz-me sobre eventos históricos esta data da história"
ovos-skill-days-in-history.openvoiceos,"today_in_history.intent","diz-me sobre eventos históricos esta data na história"
ovos-skill-days-in-history.openvoiceos,"today_in_history.intent","diz-me sobre eventos históricos nesta data"
ovos-skill-days-in-history.openvoiceos,"today_in_history.intent","diz-me sobre eventos históricos nesta data da história"
ovos-skill-days-in-history.openvoiceos,"today_in_history.intent","diz-me sobre eventos históricos nesta data na história"
ovos-skill-days-in-history.openvoiceos,"today_in_history.intent","diz-me sobre o que aconteceu em esta data"
ovos-skill-days-in-history.openvoiceos,"today_in_history.intent","diz-me sobre o que aconteceu em esta data da história"
ovos-skill-days-in-history.openvoiceos,"today_in_history.intent","diz-me sobre o que aconteceu em esta data na história"
ovos-skill-days-in-history.openvoiceos,"today_in_history.intent","diz-me sobre o que aconteceu esta data"
ovos-skill-days-in-history.openvoiceos,"today_in_history.intent","diz-me sobre o que aconteceu esta data da história"
ovos-skill-days-in-history.openvoiceos,"today_in_history.intent","diz-me sobre o que aconteceu esta data na história"
ovos-skill-days-in-history.openvoiceos,"today_in_history.intent","diz-me sobre o que aconteceu nesta data"
ovos-skill-days-in-history.openvoiceos,"today_in_history.intent","diz-me sobre o que aconteceu nesta data da história"
ovos-skill-days-in-history.openvoiceos,"today_in_history.intent","diz-me sobre o que aconteceu nesta data na história"
ovos-skill-days-in-history.openvoiceos,"today_in_history.intent","conta-me  eventos históricos hoje"
ovos-skill-days-in-history.openvoiceos,"today_in_history.intent","conta-me  eventos históricos hoje da história"
ovos-skill-days-in-history.openvoiceos,"today_in_history.intent","conta-me  eventos históricos hoje na história"
ovos-skill-days-in-history.openvoiceos,"today_in_history.intent","conta-me  o que aconteceu hoje"
ovos-skill-days-in-history.openvoiceos,"today_in_history.intent","conta-me  o que aconteceu hoje da história"
ovos-skill-days-in-history.openvoiceos,"today_in_history.intent","conta-me  o que aconteceu hoje na história"
ovos-skill-days-in-history.openvoiceos,"today_in_history.intent","conta-me sobre eventos históricos hoje"
ovos-skill-days-in-history.openvoiceos,"today_in_history.intent","conta-me sobre eventos históricos hoje da história"
ovos-skill-days-in-history.openvoiceos,"today_in_history.intent","conta-me sobre eventos históricos hoje na história"
ovos-skill-days-in-history.openvoiceos,"today_in_history.intent","conta-me sobre o que aconteceu hoje"
ovos-skill-days-in-history.openvoiceos,"today_in_history.intent","conta-me sobre o que aconteceu hoje da história"
ovos-skill-days-in-history.openvoiceos,"today_in_history.intent","conta-me sobre o que aconteceu hoje na história"
ovos-skill-days-in-history.openvoiceos,"today_in_history.intent","conte-me  eventos históricos hoje"
ovos-skill-days-in-history.openvoiceos,"today_in_history.intent","conte-me  eventos históricos hoje da história"
ovos-skill-days-in-history.openvoiceos,"today_in_history.intent","conte-me  eventos históricos hoje na história"
ovos-skill-days-in-history.openvoiceos,"today_in_history.intent","conte-me  o que aconteceu hoje"
ovos-skill-days-in-history.openvoiceos,"today_in_history.intent","conte-me  o que aconteceu hoje da história"
ovos-skill-days-in-history.openvoiceos,"today_in_history.intent","conte-me  o que aconteceu hoje na história"
ovos-skill-days-in-history.openvoiceos,"today_in_history.intent","conte-me sobre eventos históricos hoje"
ovos-skill-days-in-history.openvoiceos,"today_in_history.intent","conte-me sobre eventos históricos hoje da história"
ovos-skill-days-in-history.openvoiceos,"today_in_history.intent","conte-me sobre eventos históricos hoje na história"
ovos-skill-days-in-history.openvoiceos,"today_in_history.intent","conte-me sobre o que aconteceu hoje"
ovos-skill-days-in-history.openvoiceos,"today_in_history.intent","conte-me sobre o que aconteceu hoje da história"
ovos-skill-days-in-history.openvoiceos,"today_in_history.intent","conte-me sobre o que aconteceu hoje na história"
ovos-skill-days-in-history.openvoiceos,"today_in_history.intent","diz-me  eventos históricos hoje"
ovos-skill-days-in-history.openvoiceos,"today_in_history.intent","diz-me  eventos históricos hoje da história"
ovos-skill-days-in-history.openvoiceos,"today_in_history.intent","diz-me  eventos históricos hoje na história"
ovos-skill-days-in-history.openvoiceos,"today_in_history.intent","diz-me  o que aconteceu hoje"
ovos-skill-days-in-history.openvoiceos,"today_in_history.intent","diz-me  o que aconteceu hoje da história"
ovos-skill-days-in-history.openvoiceos,"today_in_history.intent","diz-me  o que aconteceu hoje na história"
ovos-skill-days-in-history.openvoiceos,"today_in_history.intent","diz-me sobre eventos históricos hoje"
ovos-skill-days-in-history.openvoiceos,"today_in_history.intent","diz-me sobre eventos históricos hoje da história"
ovos-skill-days-in-history.openvoiceos,"today_in_history.intent","diz-me sobre eventos históricos hoje na história"
ovos-skill-days-in-history.openvoiceos,"today_in_history.intent","diz-me sobre o que aconteceu hoje"
ovos-skill-days-in-history.openvoiceos,"today_in_history.intent","diz-me sobre o que aconteceu hoje da história"
ovos-skill-days-in-history.openvoiceos,"today_in_history.intent","diz-me sobre o que aconteceu hoje na história"
ovos-skill-days-in-history.openvoiceos,"today_in_history.intent","conta-me  eventos históricos em {date}"
ovos-skill-days-in-history.openvoiceos,"today_in_history.intent","conta-me  eventos históricos em {date} da história"
ovos-skill-days-in-history.openvoiceos,"today_in_history.intent","conta-me  eventos históricos em {date} na história"
ovos-skill-days-in-history.openvoiceos,"today_in_history.intent","conta-me  o que aconteceu em {date}"
ovos-skill-days-in-history.openvoiceos,"today_in_history.intent","conta-me  o que aconteceu em {date} da história"
ovos-skill-days-in-history.openvoiceos,"today_in_history.intent","conta-me  o que aconteceu em {date} na história"
ovos-skill-days-in-history.openvoiceos,"today_in_history.intent","conta-me sobre eventos históricos em {date}"
ovos-skill-days-in-history.openvoiceos,"today_in_history.intent","conta-me sobre eventos históricos em {date} da história"
ovos-skill-days-in-history.openvoiceos,"today_in_history.intent","conta-me sobre eventos históricos em {date} na história"
ovos-skill-days-in-history.openvoiceos,"today_in_history.intent","conta-me sobre o que aconteceu em {date}"
ovos-skill-days-in-history.openvoiceos,"today_in_history.intent","conta-me sobre o que aconteceu em {date} da história"
ovos-skill-days-in-history.openvoiceos,"today_in_history.intent","conta-me sobre o que aconteceu em {date} na história"
ovos-skill-days-in-history.openvoiceos,"today_in_history.intent","conte-me  eventos históricos em {date}"
ovos-skill-days-in-history.openvoiceos,"today_in_history.intent","conte-me  eventos históricos em {date} da história"
ovos-skill-days-in-history.openvoiceos,"today_in_history.intent","conte-me  eventos históricos em {date} na história"
ovos-skill-days-in-history.openvoiceos,"today_in_history.intent","conte-me  o que aconteceu em {date}"
ovos-skill-days-in-history.openvoiceos,"today_in_history.intent","conte-me  o que aconteceu em {date} da história"
ovos-skill-days-in-history.openvoiceos,"today_in_history.intent","conte-me  o que aconteceu em {date} na história"
ovos-skill-days-in-history.openvoiceos,"today_in_history.intent","conte-me sobre eventos históricos em {date}"
ovos-skill-days-in-history.openvoiceos,"today_in_history.intent","conte-me sobre eventos históricos em {date} da história"
ovos-skill-days-in-history.openvoiceos,"today_in_history.intent","conte-me sobre eventos históricos em {date} na história"
ovos-skill-days-in-history.openvoiceos,"today_in_history.intent","conte-me sobre o que aconteceu em {date}"
ovos-skill-days-in-history.openvoiceos,"today_in_history.intent","conte-me sobre o que aconteceu em {date} da história"
ovos-skill-days-in-history.openvoiceos,"today_in_history.intent","conte-me sobre o que aconteceu em {date} na história"
ovos-skill-days-in-history.openvoiceos,"today_in_history.intent","diz-me  eventos históricos em {date}"
ovos-skill-days-in-history.openvoiceos,"today_in_history.intent","diz-me  eventos históricos em {date} da história"
ovos-skill-days-in-history.openvoiceos,"today_in_history.intent","diz-me  eventos históricos em {date} na história"
ovos-skill-days-in-history.openvoiceos,"today_in_history.intent","diz-me  o que aconteceu em {date}"
ovos-skill-days-in-history.openvoiceos,"today_in_history.intent","diz-me  o que aconteceu em {date} da história"
ovos-skill-days-in-history.openvoiceos,"today_in_history.intent","diz-me  o que aconteceu em {date} na história"
ovos-skill-days-in-history.openvoiceos,"today_in_history.intent","diz-me sobre eventos históricos em {date}"
ovos-skill-days-in-history.openvoiceos,"today_in_history.intent","diz-me sobre eventos históricos em {date} da história"
ovos-skill-days-in-history.openvoiceos,"today_in_history.intent","diz-me sobre eventos históricos em {date} na história"
ovos-skill-days-in-history.openvoiceos,"today_in_history.intent","diz-me sobre o que aconteceu em {date}"
ovos-skill-days-in-history.openvoiceos,"today_in_history.intent","diz-me sobre o que aconteceu em {date} da história"
ovos-skill-days-in-history.openvoiceos,"today_in_history.intent","diz-me sobre o que aconteceu em {date} na história"
ovos-skill-days-in-history.openvoiceos,"today_in_history.intent","esta data na história"
ovos-skill-days-in-history.openvoiceos,"today_in_history.intent","este dia na história"
ovos-skill-days-in-history.openvoiceos,"today_in_history.intent","hoje na história"
ovos-skill-diagnostics.openvoiceos,"query_primary_lang.intent","diga-me a sua lingua"
ovos-skill-diagnostics.openvoiceos,"query_primary_lang.intent","diga-me a tua lingua"
ovos-skill-diagnostics.openvoiceos,"query_primary_lang.intent","diz-me a sua lingua"
ovos-skill-diagnostics.openvoiceos,"query_primary_lang.intent","diz-me a tua lingua"
ovos-skill-diagnostics.openvoiceos,"query_primary_lang.intent","diga-me qual  a sua língua materna"
ovos-skill-diagnostics.openvoiceos,"query_primary_lang.intent","diga-me qual  a sua língua nativa"
ovos-skill-diagnostics.openvoiceos,"query_primary_lang.intent","diga-me qual  a sua língua padrão"
ovos-skill-diagnostics.openvoiceos,"query_primary_lang.intent","diga-me qual  a sua língua principal"
ovos-skill-diagnostics.openvoiceos,"query_primary_lang.intent","diga-me qual  a tua língua materna"
ovos-skill-diagnostics.openvoiceos,"query_primary_lang.intent","diga-me qual  a tua língua nativa"
ovos-skill-diagnostics.openvoiceos,"query_primary_lang.intent","diga-me qual  a tua língua padrão"
ovos-skill-diagnostics.openvoiceos,"query_primary_lang.intent","diga-me qual  a tua língua principal"
ovos-skill-diagnostics.openvoiceos,"query_primary_lang.intent","diga-me qual é a sua língua materna"
ovos-skill-diagnostics.openvoiceos,"query_primary_lang.intent","diga-me qual é a sua língua nativa"
ovos-skill-diagnostics.openvoiceos,"query_primary_lang.intent","diga-me qual é a sua língua padrão"
ovos-skill-diagnostics.openvoiceos,"query_primary_lang.intent","diga-me qual é a sua língua principal"
ovos-skill-diagnostics.openvoiceos,"query_primary_lang.intent","diga-me qual é a tua língua materna"
ovos-skill-diagnostics.openvoiceos,"query_primary_lang.intent","diga-me qual é a tua língua nativa"
ovos-skill-diagnostics.openvoiceos,"query_primary_lang.intent","diga-me qual é a tua língua padrão"
ovos-skill-diagnostics.openvoiceos,"query_primary_lang.intent","diga-me qual é a tua língua principal"
ovos-skill-diagnostics.openvoiceos,"query_primary_lang.intent","diz-me qual  a sua língua materna"
ovos-skill-diagnostics.openvoiceos,"query_primary_lang.intent","diz-me qual  a sua língua nativa"
ovos-skill-diagnostics.openvoiceos,"query_primary_lang.intent","diz-me qual  a sua língua padrão"
ovos-skill-diagnostics.openvoiceos,"query_primary_lang.intent","diz-me qual  a sua língua principal"
ovos-skill-diagnostics.openvoiceos,"query_primary_lang.intent","diz-me qual  a tua língua materna"
ovos-skill-diagnostics.openvoiceos,"query_primary_lang.intent","diz-me qual  a tua língua nativa"
ovos-skill-diagnostics.openvoiceos,"query_primary_lang.intent","diz-me qual  a tua língua padrão"
ovos-skill-diagnostics.openvoiceos,"query_primary_lang.intent","diz-me qual  a tua língua principal"
ovos-skill-diagnostics.openvoiceos,"query_primary_lang.intent","diz-me qual é a sua língua materna"
ovos-skill-diagnostics.openvoiceos,"query_primary_lang.intent","diz-me qual é a sua língua nativa"
ovos-skill-diagnostics.openvoiceos,"query_primary_lang.intent","diz-me qual é a sua língua padrão"
ovos-skill-diagnostics.openvoiceos,"query_primary_lang.intent","diz-me qual é a sua língua principal"
ovos-skill-diagnostics.openvoiceos,"query_primary_lang.intent","diz-me qual é a tua língua materna"
ovos-skill-diagnostics.openvoiceos,"query_primary_lang.intent","diz-me qual é a tua língua nativa"
ovos-skill-diagnostics.openvoiceos,"query_primary_lang.intent","diz-me qual é a tua língua padrão"
ovos-skill-diagnostics.openvoiceos,"query_primary_lang.intent","diz-me qual é a tua língua principal"
ovos-skill-diagnostics.openvoiceos,"query_primary_lang.intent","em que idioma está definido"
ovos-skill-diagnostics.openvoiceos,"query_primary_lang.intent","qual a sua língua principal"
ovos-skill-diagnostics.openvoiceos,"query_primary_lang.intent","qual a tua língua principal"
ovos-skill-diagnostics.openvoiceos,"query_primary_lang.intent","qual o idioma do seu sistema"
ovos-skill-diagnostics.openvoiceos,"query_primary_lang.intent","qual o seu idioma principal"
ovos-skill-diagnostics.openvoiceos,"query_primary_lang.intent","qual é o seu idioma padrão"
ovos-skill-diagnostics.openvoiceos,"query_primary_lang.intent","que idioma está a usar"
ovos-skill-diagnostics.openvoiceos,"query_primary_lang.intent","que idioma estás a usar"
ovos-skill-diagnostics.openvoiceos,"query_ovos_location.intent","diga-me a sua localização"
ovos-skill-diagnostics.openvoiceos,"query_ovos_location.intent","onde estás"
ovos-skill-diagnostics.openvoiceos,"query_ovos_location.intent","qual a sua localização atual"
ovos-skill-diagnostics.openvoiceos,"query_ovos_location.intent","qual é a tua localização"
ovos-skill-diagnostics.openvoiceos,"query_langs.intent","idiomas disponíveis"
ovos-skill-diagnostics.openvoiceos,"query_langs.intent","línguas disponíveis"
ovos-skill-diagnostics.openvoiceos,"query_langs.intent","diga-me todas as suas línguas"
ovos-skill-diagnostics.openvoiceos,"query_langs.intent","diga-me todos os seus idiomas"
ovos-skill-diagnostics.openvoiceos,"query_langs.intent","listar idiomas"
ovos-skill-diagnostics.openvoiceos,"query_langs.intent","listar idiomas   disponíveis"
ovos-skill-diagnostics.openvoiceos,"query_langs.intent","listar idiomas   suportados"
ovos-skill-diagnostics.openvoiceos,"query_langs.intent","listar línguas"
ovos-skill-diagnostics.openvoiceos,"query_langs.intent","listar línguas   disponíveis"
ovos-skill-diagnostics.openvoiceos,"query_langs.intent","listar línguas   suportados"
ovos-skill-diagnostics.openvoiceos,"query_langs.intent","quais as línguas  do seu sistema"
ovos-skill-diagnostics.openvoiceos,"query_langs.intent","quais os idiomas  do seu sistema"
ovos-skill-diagnostics.openvoiceos,"query_langs.intent","quais idiomas  consegue compreender"
ovos-skill-diagnostics.openvoiceos,"query_langs.intent","quais idiomas  consegue falar"
ovos-skill-diagnostics.openvoiceos,"query_langs.intent","quais idiomas  consegues compreender"
ovos-skill-diagnostics.openvoiceos,"query_langs.intent","quais idiomas  consegues falar"
ovos-skill-diagnostics.openvoiceos,"query_langs.intent","quais línguas  consegue compreender"
ovos-skill-diagnostics.openvoiceos,"query_langs.intent","quais línguas  consegue falar"
ovos-skill-diagnostics.openvoiceos,"query_langs.intent","quais línguas  consegues compreender"
ovos-skill-diagnostics.openvoiceos,"query_langs.intent","quais línguas  consegues falar"
ovos-skill-diagnostics.openvoiceos,"query_langs.intent","quais  as línguas disponíveis"
ovos-skill-diagnostics.openvoiceos,"query_langs.intent","quais  os idiomas disponíveis"
ovos-skill-diagnostics.openvoiceos,"query_langs.intent","quais são as línguas disponíveis"
ovos-skill-diagnostics.openvoiceos,"query_langs.intent","quais são os idiomas disponíveis"
ovos-skill-diagnostics.openvoiceos,"query_langs.intent","quais  as línguas que está a usar"
ovos-skill-diagnostics.openvoiceos,"query_langs.intent","quais  as línguas que estás a usar"
ovos-skill-diagnostics.openvoiceos,"query_langs.intent","quais  os idiomas que está a usar"
ovos-skill-diagnostics.openvoiceos,"query_langs.intent","quais  os idiomas que estás a usar"
ovos-skill-diagnostics.openvoiceos,"query_langs.intent","quais são as línguas que está a usar"
ovos-skill-diagnostics.openvoiceos,"query_langs.intent","quais são as línguas que estás a usar"
ovos-skill-diagnostics.openvoiceos,"query_langs.intent","quais são os idiomas que está a usar"
ovos-skill-diagnostics.openvoiceos,"query_langs.intent","quais são os idiomas que estás a usar"
ovos-skill-diagnostics.openvoiceos,"query_memory_usage.intent","diagnóstico de memória"
ovos-skill-diagnostics.openvoiceos,"query_memory_usage.intent","diga-me o seu estado de memória"
ovos-skill-diagnostics.openvoiceos,"query_memory_usage.intent","qual a sua memória disponível"
ovos-skill-diagnostics.openvoiceos,"query_memory_usage.intent","qual o seu uso de memória"
ovos-skill-diagnostics.openvoiceos,"query_memory_usage.intent","quanta ram está a usar"
ovos-skill-diagnostics.openvoiceos,"query_memory_usage.intent","utilização de memória atual"
ovos-skill-diagnostics.openvoiceos,"query_extra_langs.intent","diga-me os seus idiomas extra"
ovos-skill-diagnostics.openvoiceos,"query_extra_langs.intent","diga-me os seus idiomas extras"
ovos-skill-diagnostics.openvoiceos,"query_extra_langs.intent","quais são os seus idiomas adicionais"
ovos-skill-diagnostics.openvoiceos,"query_extra_langs.intent","que outras línguas tem"
ovos-skill-diagnostics.openvoiceos,"query_extra_langs.intent","que outras línguas tens"
ovos-skill-diagnostics.openvoiceos,"query_extra_langs.intent","que outros idiomas tem"
ovos-skill-diagnostics.openvoiceos,"query_extra_langs.intent","que outros idiomas tens"
ovos-skill-diagnostics.openvoiceos,"query_extra_langs.intent","que idiomas extra está a usar"
ovos-skill-diagnostics.openvoiceos,"query_extra_langs.intent","que idiomas extra estás a usar"
ovos-skill-diagnostics.openvoiceos,"query_extra_langs.intent","tem línguas secundárias"
ovos-skill-diagnostics.openvoiceos,"query_cpu_usage.intent","carga atual do cpu"
ovos-skill-diagnostics.openvoiceos,"query_cpu_usage.intent","diagnóstico de cpu"
ovos-skill-diagnostics.openvoiceos,"query_cpu_usage.intent","diga-me o uso da sua CPU"
ovos-skill-diagnostics.openvoiceos,"query_cpu_usage.intent","qual a carga da CPU"
ovos-skill-diagnostics.openvoiceos,"query_cpu_usage.intent","qual a utilização da sua CPU"
ovos-skill-diagnostics.openvoiceos,"query_cpu_usage.intent","quanto cpu está a usar"
ovos-skill-diagnostics.openvoiceos,"query_cpu_usage.intent","quanto processador está em utilização"
ovos-skill-diagnostics.openvoiceos,"query_kernel_version.intent","diga-me a sua versão do kernel"
ovos-skill-diagnostics.openvoiceos,"query_kernel_version.intent","qual a versão do kernel que está a usar"
ovos-skill-diagnostics.openvoiceos,"query_kernel_version.intent","qual a versão do seu kernel"
ovos-skill-diagnostics.openvoiceos,"query_kernel_version.intent","qual o kernel que tem"
ovos-skill-diagnostics.openvoiceos,"query_user_lang.intent","qual a língua que estamos falando"
ovos-skill-diagnostics.openvoiceos,"query_user_lang.intent","qual a língua que estamos usando"
ovos-skill-diagnostics.openvoiceos,"query_user_lang.intent","qual língua que estamos falando"
ovos-skill-diagnostics.openvoiceos,"query_user_lang.intent","qual língua que estamos usando"
ovos-skill-diagnostics.openvoiceos,"query_user_lang.intent","qual a língua que estou a falar"
ovos-skill-diagnostics.openvoiceos,"query_user_lang.intent","qual a língua que estou a utilizar"
ovos-skill-diagnostics.openvoiceos,"query_user_lang.intent","qual língua que estou a falar"
ovos-skill-diagnostics.openvoiceos,"query_user_lang.intent","qual língua que estou a utilizar"
ovos-skill-diagnostics.openvoiceos,"no_secondary_langs.intent","Eu não falo outra língua"
ovos-skill-diagnostics.openvoiceos,"query_user_location.intent","diga-me a minha localização"
ovos-skill-diagnostics.openvoiceos,"query_user_location.intent","onde estou"
ovos-skill-diagnostics.openvoiceos,"query_user_location.intent","qual a minha localização"
ovos-skill-diagnostics.openvoiceos,"query_user_location.intent","qual a minha localização atual"
ovos-skill-diagnostics.openvoiceos,"query_gpu.intent","tem uma gpu"
ovos-skill-diagnostics.openvoiceos,"query_gpu.intent","tens uma gpu"
ovos-skill-diagnostics.openvoiceos,"query_gpu.intent","está a usar uma GPU"
ovos-skill-diagnostics.openvoiceos,"query_gpu.intent","existe uma gpu no seu sistema"
ovos-skill-diagnostics.openvoiceos,"query_gpu.intent","existe uma gpu no teu sistema"
ovos-skill-diagnostics.openvoiceos,"query_gpu.intent","o seu sistema tem uma gpu"
ovos-skill-diagnostics.openvoiceos,"query_gpu.intent","o teu sistema tem uma gpu"
ovos-skill-ip.openvoiceos,"what.ssid.intent","qual rede você está conectado"
ovos-skill-ip.openvoiceos,"what.ssid.intent","qual rede você está conectado a"
ovos-skill-ip.openvoiceos,"what.ssid.intent","qual rede você está ligado"
ovos-skill-ip.openvoiceos,"what.ssid.intent","qual rede você está ligado a"
ovos-skill-ip.openvoiceos,"what.ssid.intent","qual rede você está usando"
ovos-skill-ip.openvoiceos,"what.ssid.intent","qual rede você está usando a"
ovos-skill-ip.openvoiceos,"what.ssid.intent","qual rede wifi você está conectado"
ovos-skill-ip.openvoiceos,"what.ssid.intent","qual rede wifi você está conectado a"
ovos-skill-ip.openvoiceos,"what.ssid.intent","qual rede wifi você está ligado"
ovos-skill-ip.openvoiceos,"what.ssid.intent","qual rede wifi você está ligado a"
ovos-skill-ip.openvoiceos,"what.ssid.intent","qual rede wifi você está usando"
ovos-skill-ip.openvoiceos,"what.ssid.intent","qual rede wifi você está usando a"
ovos-skill-ip.openvoiceos,"what.ssid.intent","qual ssid você está conectado"
ovos-skill-ip.openvoiceos,"what.ssid.intent","qual ssid você está conectado a"
ovos-skill-ip.openvoiceos,"what.ssid.intent","qual ssid você está ligado"
ovos-skill-ip.openvoiceos,"what.ssid.intent","qual ssid você está ligado a"
ovos-skill-ip.openvoiceos,"what.ssid.intent","qual ssid você está usando"
ovos-skill-ip.openvoiceos,"what.ssid.intent","qual ssid você está usando a"
ovos-skill-ip.openvoiceos,"what.ssid.intent","qual wifi você está conectado"
ovos-skill-ip.openvoiceos,"what.ssid.intent","qual wifi você está conectado a"
ovos-skill-ip.openvoiceos,"what.ssid.intent","qual wifi você está ligado"
ovos-skill-ip.openvoiceos,"what.ssid.intent","qual wifi você está ligado a"
ovos-skill-ip.openvoiceos,"what.ssid.intent","qual wifi você está usando"
ovos-skill-ip.openvoiceos,"what.ssid.intent","qual wifi você está usando a"
ovos-skill-iss-location.openvoiceos,"where_iss.intent","Localização I S S"
ovos-skill-iss-location.openvoiceos,"where_iss.intent","localização da I S S"
ovos-skill-iss-location.openvoiceos,"where_iss.intent","localização da estação espacial"
ovos-skill-iss-location.openvoiceos,"where_iss.intent","localização da estação espacial internacional"
ovos-skill-iss-location.openvoiceos,"where_iss.intent","onde anda a estação espacial"
ovos-skill-iss-location.openvoiceos,"where_iss.intent","onde anda a estação espacial internacional"
ovos-skill-iss-location.openvoiceos,"where_iss.intent","onde está a I S S"
ovos-skill-iss-location.openvoiceos,"where_iss.intent","onde está a estação espacial internacional"
ovos-skill-iss-location.openvoiceos,"when_iss.intent","a estação espacial internacional passa quando"
ovos-skill-iss-location.openvoiceos,"when_iss.intent","quando vai passar a  estação espacial internacional"
ovos-skill-iss-location.openvoiceos,"when_iss.intent","quando vai passar a I S S"
ovos-skill-iss-location.openvoiceos,"when_iss.intent","quando vai passar a estação espacial"
ovos-skill-iss-location.openvoiceos,"about.intent","conta-me sobre a ISS"
ovos-skill-iss-location.openvoiceos,"about.intent","conta-me sobre a estação espacial"
ovos-skill-iss-location.openvoiceos,"about.intent","conta-me sobre a estação espacial internacional"
ovos-skill-iss-location.openvoiceos,"about.intent","conte-me sobre a estação espacial"
ovos-skill-iss-location.openvoiceos,"about.intent","conte-me sobre a estação espacial internacional"
ovos-skill-iss-location.openvoiceos,"about.intent","diga-me sobre a estação espacial"
ovos-skill-iss-location.openvoiceos,"about.intent","diga-me sobre a estação espacial internacional"
ovos-skill-iss-location.openvoiceos,"about.intent","diz-me sobre a ISS"
ovos-skill-iss-location.openvoiceos,"about.intent","diz-me sobre a estação espacial"
ovos-skill-iss-location.openvoiceos,"about.intent","diz-me sobre a estação espacial internacional"
ovos-skill-iss-location.openvoiceos,"about.intent","fala sobre a ISS"
ovos-skill-iss-location.openvoiceos,"about.intent","fala sobre a estação espacial"
ovos-skill-iss-location.openvoiceos,"about.intent","fala sobre a estação espacial internacional"
ovos-skill-iss-location.openvoiceos,"about.intent","fale sobre a estação espacial"
ovos-skill-iss-location.openvoiceos,"about.intent","fale sobre a estação espacial internacional"
ovos-skill-iss-location.openvoiceos,"about.intent","o que é  ISS"
ovos-skill-iss-location.openvoiceos,"about.intent","o que é a ISS"
ovos-skill-iss-location.openvoiceos,"about.intent","sobre a ISS"
ovos-skill-iss-location.openvoiceos,"about.intent","sobre a estação espacial"
ovos-skill-iss-location.openvoiceos,"about.intent","sobre a estação espacial internacional"
ovos-skill-laugh.openvoiceos,"Laugh.intent","ria como a alexa"
ovos-skill-laugh.openvoiceos,"Laugh.intent","risada do mal"
ovos-skill-laugh.openvoiceos,"Laugh.intent","risada maligna"
ovos-skill-laugh.openvoiceos,"Laugh.intent","risadinha do mal"
ovos-skill-laugh.openvoiceos,"Laugh.intent","risadinha maligna"
ovos-skill-laugh.openvoiceos,"Laugh.intent","riso do mal"
ovos-skill-laugh.openvoiceos,"Laugh.intent","riso maligna"
ovos-skill-laugh.openvoiceos,"Laugh.intent","você consegue rir"
ovos-skill-laugh.openvoiceos,"Laugh.intent","você pode rir"
ovos-skill-laugh.openvoiceos,"Laugh.intent","você sabe rir"
ovos-skill-laugh.openvoiceos,"RandomLaugh.intent","disparar risada aleatória"
ovos-skill-laugh.openvoiceos,"RandomLaugh.intent","disparar riso aleatória"
ovos-skill-laugh.openvoiceos,"RandomLaugh.intent","disparar risos aleatória"
ovos-skill-laugh.openvoiceos,"RandomLaugh.intent","ria aleatoriamente"
ovos-skill-laugh.openvoiceos,"RandomLaugh.intent","risada do mal aleatória"
ovos-skill-laugh.openvoiceos,"RandomLaugh.intent","risada maligna aleatória"
ovos-skill-laugh.openvoiceos,"RandomLaugh.intent","risadinha do mal aleatória"
ovos-skill-laugh.openvoiceos,"RandomLaugh.intent","risadinha maligna aleatória"
ovos-skill-laugh.openvoiceos,"RandomLaugh.intent","riso do mal aleatória"
ovos-skill-laugh.openvoiceos,"RandomLaugh.intent","riso maligna aleatória"
ovos-skill-personal.OpenVoiceOS,"WhoAreYou.intent","Quem é tu?"
ovos-skill-personal.OpenVoiceOS,"WhoAreYou.intent","Quem é você?"
ovos-skill-personal.OpenVoiceOS,"WhoAreYou.intent","Quem és tu?"
ovos-skill-personal.OpenVoiceOS,"WhoAreYou.intent","Quem és você?"
ovos-skill-personal.OpenVoiceOS,"WhenWereYouBorn.intent","Quando é que tu foste criado?"
ovos-skill-personal.OpenVoiceOS,"WhenWereYouBorn.intent","Quando é que tu foste inventado?"
ovos-skill-personal.OpenVoiceOS,"WhenWereYouBorn.intent","Quando é que tu foste programado?"
ovos-skill-personal.OpenVoiceOS,"WhenWereYouBorn.intent","Quando é que tu nasceste?"
ovos-skill-personal.OpenVoiceOS,"WhenWereYouBorn.intent","Quando é que você foi criado?"
ovos-skill-personal.OpenVoiceOS,"WhenWereYouBorn.intent","Quando é que você foi inventado?"
ovos-skill-personal.OpenVoiceOS,"WhenWereYouBorn.intent","Quando é que você foi programado?"
ovos-skill-personal.OpenVoiceOS,"WhenWereYouBorn.intent","Quando é que você nasceu?"
ovos-skill-personal.OpenVoiceOS,"WhatAreYou.intent","O que é tu é?"
ovos-skill-personal.OpenVoiceOS,"WhatAreYou.intent","O que é tu és?"
ovos-skill-personal.OpenVoiceOS,"WhatAreYou.intent","O que é você é?"
ovos-skill-personal.OpenVoiceOS,"WhatAreYou.intent","O que é você és?"
ovos-skill-personal.OpenVoiceOS,"WhoMadeYou.intent","Quem é que a criou?"
ovos-skill-personal.OpenVoiceOS,"WhoMadeYou.intent","Quem é que a fez?"
ovos-skill-personal.OpenVoiceOS,"WhoMadeYou.intent","Quem é que a inventou?"
ovos-skill-personal.OpenVoiceOS,"WhoMadeYou.intent","Quem é que a programou?"
ovos-skill-personal.OpenVoiceOS,"WhoMadeYou.intent","Quem é que o criou?"
ovos-skill-personal.OpenVoiceOS,"WhoMadeYou.intent","Quem é que o fez?"
ovos-skill-personal.OpenVoiceOS,"WhoMadeYou.intent","Quem é que o inventou?"
ovos-skill-personal.OpenVoiceOS,"WhoMadeYou.intent","Quem é que o programou?"
ovos-skill-personal.OpenVoiceOS,"WhoMadeYou.intent","Quem é que te criou?"
ovos-skill-personal.OpenVoiceOS,"WhoMadeYou.intent","Quem é que te fez?"
ovos-skill-personal.OpenVoiceOS,"WhoMadeYou.intent","Quem é que te inventou?"
ovos-skill-personal.OpenVoiceOS,"WhoMadeYou.intent","Quem é que te programou?"
ovos-skill-personal.OpenVoiceOS,"WhereWereYouBorn.intent","Onde é que tu foste criado?"
ovos-skill-personal.OpenVoiceOS,"WhereWereYouBorn.intent","Onde é que tu foste feito?"
ovos-skill-personal.OpenVoiceOS,"WhereWereYouBorn.intent","Onde é que tu foste inventado?"
ovos-skill-personal.OpenVoiceOS,"WhereWereYouBorn.intent","Onde é que tu foste programado?"
ovos-skill-personal.OpenVoiceOS,"WhereWereYouBorn.intent","Onde é que tu nasceste?"
ovos-skill-personal.OpenVoiceOS,"WhereWereYouBorn.intent","Onde é que você foi criado?"
ovos-skill-personal.OpenVoiceOS,"WhereWereYouBorn.intent","Onde é que você foi feito?"
ovos-skill-personal.OpenVoiceOS,"WhereWereYouBorn.intent","Onde é que você foi inventado?"
ovos-skill-personal.OpenVoiceOS,"WhereWereYouBorn.intent","Onde é que você foi programado?"
ovos-skill-personal.OpenVoiceOS,"WhereWereYouBorn.intent","Onde é que você nasceu?"
ovos-skill-spotify.openvoiceos,"StopMusic.intent","desligar"
ovos-skill-spotify.openvoiceos,"StopMusic.intent","desligar  música"
ovos-skill-spotify.openvoiceos,"StopMusic.intent","desligar  spotify"
ovos-skill-spotify.openvoiceos,"StopMusic.intent","desligar a"
ovos-skill-spotify.openvoiceos,"StopMusic.intent","desligar a música"
ovos-skill-spotify.openvoiceos,"StopMusic.intent","desligar a spotify"
ovos-skill-spotify.openvoiceos,"StopMusic.intent","desligar o"
ovos-skill-spotify.openvoiceos,"StopMusic.intent","desligar o música"
ovos-skill-spotify.openvoiceos,"StopMusic.intent","desligar o spotify"
ovos-skill-spotify.openvoiceos,"StopMusic.intent","desligue"
ovos-skill-spotify.openvoiceos,"StopMusic.intent","desligue  música"
ovos-skill-spotify.openvoiceos,"StopMusic.intent","desligue  spotify"
ovos-skill-spotify.openvoiceos,"StopMusic.intent","desligue a"
ovos-skill-spotify.openvoiceos,"StopMusic.intent","desligue a música"
ovos-skill-spotify.openvoiceos,"StopMusic.intent","desligue a spotify"
ovos-skill-spotify.openvoiceos,"StopMusic.intent","desligue o"
ovos-skill-spotify.openvoiceos,"StopMusic.intent","desligue o música"
ovos-skill-spotify.openvoiceos,"StopMusic.intent","desligue o spotify"
ovos-skill-spotify.openvoiceos,"StopMusic.intent","finalizar"
ovos-skill-spotify.openvoiceos,"StopMusic.intent","finalizar  música"
ovos-skill-spotify.openvoiceos,"StopMusic.intent","finalizar  spotify"
ovos-skill-spotify.openvoiceos,"StopMusic.intent","finalizar a"
ovos-skill-spotify.openvoiceos,"StopMusic.intent","finalizar a música"
ovos-skill-spotify.openvoiceos,"StopMusic.intent","finalizar a spotify"
ovos-skill-spotify.openvoiceos,"StopMusic.intent","finalizar o"
ovos-skill-spotify.openvoiceos,"StopMusic.intent","finalizar o música"
ovos-skill-spotify.openvoiceos,"StopMusic.intent","finalizar o spotify"
ovos-skill-spotify.openvoiceos,"StopMusic.intent","finalize"
ovos-skill-spotify.openvoiceos,"StopMusic.intent","finalize  música"
ovos-skill-spotify.openvoiceos,"StopMusic.intent","finalize  spotify"
ovos-skill-spotify.openvoiceos,"StopMusic.intent","finalize a"
ovos-skill-spotify.openvoiceos,"StopMusic.intent","finalize a música"
ovos-skill-spotify.openvoiceos,"StopMusic.intent","finalize a spotify"
ovos-skill-spotify.openvoiceos,"StopMusic.intent","finalize o"
ovos-skill-spotify.openvoiceos,"StopMusic.intent","finalize o música"
ovos-skill-spotify.openvoiceos,"StopMusic.intent","finalize o spotify"
ovos-skill-spotify.openvoiceos,"StopMusic.intent","parar"
ovos-skill-spotify.openvoiceos,"StopMusic.intent","parar  música"
ovos-skill-spotify.openvoiceos,"StopMusic.intent","parar  spotify"
ovos-skill-spotify.openvoiceos,"StopMusic.intent","parar a"
ovos-skill-spotify.openvoiceos,"StopMusic.intent","parar a música"
ovos-skill-spotify.openvoiceos,"StopMusic.intent","parar a spotify"
ovos-skill-spotify.openvoiceos,"StopMusic.intent","parar o"
ovos-skill-spotify.openvoiceos,"StopMusic.intent","parar o música"
ovos-skill-spotify.openvoiceos,"StopMusic.intent","parar o spotify"
ovos-skill-spotify.openvoiceos,"StopMusic.intent","pare"
ovos-skill-spotify.openvoiceos,"StopMusic.intent","pare  música"
ovos-skill-spotify.openvoiceos,"StopMusic.intent","pare  spotify"
ovos-skill-spotify.openvoiceos,"StopMusic.intent","pare a"
ovos-skill-spotify.openvoiceos,"StopMusic.intent","pare a música"
ovos-skill-spotify.openvoiceos,"StopMusic.intent","pare a spotify"
ovos-skill-spotify.openvoiceos,"StopMusic.intent","pare o"
ovos-skill-spotify.openvoiceos,"StopMusic.intent","pare o música"
ovos-skill-spotify.openvoiceos,"StopMusic.intent","pare o spotify"
ovos-skill-spotify.openvoiceos,"WhatArtist.intent","quem  estamos ouvindo"
ovos-skill-spotify.openvoiceos,"WhatArtist.intent","quem  estamos ouvindo agora"
ovos-skill-spotify.openvoiceos,"WhatArtist.intent","quem  estou ouvindo"
ovos-skill-spotify.openvoiceos,"WhatArtist.intent","quem  estou ouvindo agora"
ovos-skill-spotify.openvoiceos,"WhatArtist.intent","quem eu estamos ouvindo"
ovos-skill-spotify.openvoiceos,"WhatArtist.intent","quem eu estamos ouvindo agora"
ovos-skill-spotify.openvoiceos,"WhatArtist.intent","quem eu estou ouvindo"
ovos-skill-spotify.openvoiceos,"WhatArtist.intent","quem eu estou ouvindo agora"
ovos-skill-spotify.openvoiceos,"WhatArtist.intent","quem nós estamos ouvindo"
ovos-skill-spotify.openvoiceos,"WhatArtist.intent","quem nós estamos ouvindo agora"
ovos-skill-spotify.openvoiceos,"WhatArtist.intent","quem nós estou ouvindo"
ovos-skill-spotify.openvoiceos,"WhatArtist.intent","quem nós estou ouvindo agora"
ovos-skill-spotify.openvoiceos,"WhatArtist.intent","quem é a artista"
ovos-skill-spotify.openvoiceos,"WhatArtist.intent","quem é a cantor"
ovos-skill-spotify.openvoiceos,"WhatArtist.intent","quem é a músico"
ovos-skill-spotify.openvoiceos,"WhatArtist.intent","quem é o artista"
ovos-skill-spotify.openvoiceos,"WhatArtist.intent","quem é o cantor"
ovos-skill-spotify.openvoiceos,"WhatArtist.intent","quem é o músico"
ovos-skill-spotify.openvoiceos,"WhatArtist.intent","quem está tocando"
ovos-skill-spotify.openvoiceos,"WhatArtist.intent","quem está tocando isso"
ovos-skill-spotify.openvoiceos,"WhatArtist.intent","quem está tocando isto"
ovos-skill-spotify.openvoiceos,"WhatArtist.intent","que banda é essa"
ovos-skill-spotify.openvoiceos,"WhatArtist.intent","que banda é esse"
ovos-skill-spotify.openvoiceos,"WhatArtist.intent","que banda é esta"
ovos-skill-spotify.openvoiceos,"WhatArtist.intent","que banda é este"
ovos-skill-spotify.openvoiceos,"WhatArtist.intent","que conjunto é essa"
ovos-skill-spotify.openvoiceos,"WhatArtist.intent","que conjunto é esse"
ovos-skill-spotify.openvoiceos,"WhatArtist.intent","que conjunto é esta"
ovos-skill-spotify.openvoiceos,"WhatArtist.intent","que conjunto é este"
ovos-skill-spotify.openvoiceos,"WhatArtist.intent","que banda nós estamos ouvindo"
ovos-skill-spotify.openvoiceos,"WhatArtist.intent","que banda você está tocando"
ovos-skill-spotify.openvoiceos,"WhatArtist.intent","que conjunto nós estamos ouvindo"
ovos-skill-spotify.openvoiceos,"WhatArtist.intent","que conjunto você está tocando"
ovos-skill-spotify.openvoiceos,"WhatArtist.intent","qual artista é esse"
ovos-skill-spotify.openvoiceos,"WhatArtist.intent","qual artista é este"
ovos-skill-spotify.openvoiceos,"WhatArtist.intent","que artista é esse"
ovos-skill-spotify.openvoiceos,"WhatArtist.intent","que artista é este"
ovos-skill-spotify.openvoiceos,"WhatAlbum.intent","qual cd é esse"
ovos-skill-spotify.openvoiceos,"WhatAlbum.intent","qual cd é este"
ovos-skill-spotify.openvoiceos,"WhatAlbum.intent","qual disco é esse"
ovos-skill-spotify.openvoiceos,"WhatAlbum.intent","qual disco é este"
ovos-skill-spotify.openvoiceos,"WhatAlbum.intent","qual lp é esse"
ovos-skill-spotify.openvoiceos,"WhatAlbum.intent","qual lp é este"
ovos-skill-spotify.openvoiceos,"WhatAlbum.intent","qual álbum é esse"
ovos-skill-spotify.openvoiceos,"WhatAlbum.intent","qual álbum é este"
ovos-skill-spotify.openvoiceos,"WhatAlbum.intent","qual é esse cd"
ovos-skill-spotify.openvoiceos,"WhatAlbum.intent","qual é esse disco"
ovos-skill-spotify.openvoiceos,"WhatAlbum.intent","qual é esse lp"
ovos-skill-spotify.openvoiceos,"WhatAlbum.intent","qual é esse álbum"
ovos-skill-spotify.openvoiceos,"WhatAlbum.intent","qual é este cd"
ovos-skill-spotify.openvoiceos,"WhatAlbum.intent","qual é este disco"
ovos-skill-spotify.openvoiceos,"WhatAlbum.intent","qual é este lp"
ovos-skill-spotify.openvoiceos,"WhatAlbum.intent","qual é este álbum"
ovos-skill-spotify.openvoiceos,"WhatSong.intent","o que está tocando"
ovos-skill-spotify.openvoiceos,"WhatSong.intent","diga o que está tocando"
ovos-skill-spotify.openvoiceos,"WhatSong.intent","fale o que está tocando"
ovos-skill-spotify.openvoiceos,"WhatSong.intent","me diga o que está tocando"
ovos-skill-spotify.openvoiceos,"WhatSong.intent","me fale o que está tocando"
ovos-skill-spotify.openvoiceos,"WhatSong.intent","o que  estamos ouvindo"
ovos-skill-spotify.openvoiceos,"WhatSong.intent","o que  estamos ouvindo agora"
ovos-skill-spotify.openvoiceos,"WhatSong.intent","o que  estou ouvindo"
ovos-skill-spotify.openvoiceos,"WhatSong.intent","o que  estou ouvindo agora"
ovos-skill-spotify.openvoiceos,"WhatSong.intent","o que eu estamos ouvindo"
ovos-skill-spotify.openvoiceos,"WhatSong.intent","o que eu estamos ouvindo agora"
ovos-skill-spotify.openvoiceos,"WhatSong.intent","o que eu estou ouvindo"
ovos-skill-spotify.openvoiceos,"WhatSong.intent","o que eu estou ouvindo agora"
ovos-skill-spotify.openvoiceos,"WhatSong.intent","o que nós estamos ouvindo"
ovos-skill-spotify.openvoiceos,"WhatSong.intent","o que nós estamos ouvindo agora"
ovos-skill-spotify.openvoiceos,"WhatSong.intent","o que nós estou ouvindo"
ovos-skill-spotify.openvoiceos,"WhatSong.intent","o que nós estou ouvindo agora"
ovos-skill-spotify.openvoiceos,"WhatSong.intent","que canção é essa"
ovos-skill-spotify.openvoiceos,"WhatSong.intent","que canção é esta"
ovos-skill-spotify.openvoiceos,"WhatSong.intent","que música é essa"
ovos-skill-spotify.openvoiceos,"WhatSong.intent","que música é esta"
ovos-skill-spotify.openvoiceos,"WhatSong.intent","qual canção é essa"
ovos-skill-spotify.openvoiceos,"WhatSong.intent","qual canção é esta"
ovos-skill-spotify.openvoiceos,"WhatSong.intent","qual música é essa"
ovos-skill-spotify.openvoiceos,"WhatSong.intent","qual música é esta"
ovos-skill-spotify.openvoiceos,"WhatSong.intent","que canção é essa"
ovos-skill-spotify.openvoiceos,"WhatSong.intent","que canção é esta"
ovos-skill-spotify.openvoiceos,"WhatSong.intent","que música é essa"
ovos-skill-spotify.openvoiceos,"WhatSong.intent","que música é esta"
ovos-skill-spotify.openvoiceos,"WhatSong.intent","diga qual é a canção"
ovos-skill-spotify.openvoiceos,"WhatSong.intent","diga qual é a música"
ovos-skill-spotify.openvoiceos,"WhatSong.intent","diga qual é essa canção"
ovos-skill-spotify.openvoiceos,"WhatSong.intent","diga qual é essa música"
ovos-skill-spotify.openvoiceos,"WhatSong.intent","diga qual é esta canção"
ovos-skill-spotify.openvoiceos,"WhatSong.intent","diga qual é esta música"
ovos-skill-spotify.openvoiceos,"WhatSong.intent","fale qual é a canção"
ovos-skill-spotify.openvoiceos,"WhatSong.intent","fale qual é a música"
ovos-skill-spotify.openvoiceos,"WhatSong.intent","fale qual é essa canção"
ovos-skill-spotify.openvoiceos,"WhatSong.intent","fale qual é essa música"
ovos-skill-spotify.openvoiceos,"WhatSong.intent","fale qual é esta canção"
ovos-skill-spotify.openvoiceos,"WhatSong.intent","fale qual é esta música"
ovos-skill-spotify.openvoiceos,"WhatSong.intent","me diga qual é a canção"
ovos-skill-spotify.openvoiceos,"WhatSong.intent","me diga qual é a música"
ovos-skill-spotify.openvoiceos,"WhatSong.intent","me diga qual é essa canção"
ovos-skill-spotify.openvoiceos,"WhatSong.intent","me diga qual é essa música"
ovos-skill-spotify.openvoiceos,"WhatSong.intent","me diga qual é esta canção"
ovos-skill-spotify.openvoiceos,"WhatSong.intent","me diga qual é esta música"
ovos-skill-spotify.openvoiceos,"WhatSong.intent","me fale qual é a canção"
ovos-skill-spotify.openvoiceos,"WhatSong.intent","me fale qual é a música"
ovos-skill-spotify.openvoiceos,"WhatSong.intent","me fale qual é essa canção"
ovos-skill-spotify.openvoiceos,"WhatSong.intent","me fale qual é essa música"
ovos-skill-spotify.openvoiceos,"WhatSong.intent","me fale qual é esta canção"
ovos-skill-spotify.openvoiceos,"WhatSong.intent","me fale qual é esta música"
ovos-skill-spotify.openvoiceos,"ShuffleOff.intent","desabilitar  embaralhamento spotify"
ovos-skill-spotify.openvoiceos,"ShuffleOff.intent","desabilitar  shuffle spotify"
ovos-skill-spotify.openvoiceos,"ShuffleOff.intent","desabilitar o embaralhamento spotify"
ovos-skill-spotify.openvoiceos,"ShuffleOff.intent","desabilitar o shuffle spotify"
ovos-skill-spotify.openvoiceos,"ShuffleOff.intent","desabilite  embaralhamento spotify"
ovos-skill-spotify.openvoiceos,"ShuffleOff.intent","desabilite  shuffle spotify"
ovos-skill-spotify.openvoiceos,"ShuffleOff.intent","desabilite o embaralhamento spotify"
ovos-skill-spotify.openvoiceos,"ShuffleOff.intent","desabilite o shuffle spotify"
ovos-skill-spotify.openvoiceos,"ShuffleOff.intent","desligar  embaralhamento spotify"
ovos-skill-spotify.openvoiceos,"ShuffleOff.intent","desligar  shuffle spotify"
ovos-skill-spotify.openvoiceos,"ShuffleOff.intent","desligar o embaralhamento spotify"
ovos-skill-spotify.openvoiceos,"ShuffleOff.intent","desligar o shuffle spotify"
ovos-skill-spotify.openvoiceos,"ShuffleOff.intent","desligue  embaralhamento spotify"
ovos-skill-spotify.openvoiceos,"ShuffleOff.intent","desligue  shuffle spotify"
ovos-skill-spotify.openvoiceos,"ShuffleOff.intent","desligue o embaralhamento spotify"
ovos-skill-spotify.openvoiceos,"ShuffleOff.intent","desligue o shuffle spotify"
ovos-skill-spotify.openvoiceos,"ShuffleOff.intent","redefina  embaralhamento spotify"
ovos-skill-spotify.openvoiceos,"ShuffleOff.intent","redefina  shuffle spotify"
ovos-skill-spotify.openvoiceos,"ShuffleOff.intent","redefina o embaralhamento spotify"
ovos-skill-spotify.openvoiceos,"ShuffleOff.intent","redefina o shuffle spotify"
ovos-skill-spotify.openvoiceos,"ShuffleOff.intent","redefinir  embaralhamento spotify"
ovos-skill-spotify.openvoiceos,"ShuffleOff.intent","redefinir  shuffle spotify"
ovos-skill-spotify.openvoiceos,"ShuffleOff.intent","redefinir o embaralhamento spotify"
ovos-skill-spotify.openvoiceos,"ShuffleOff.intent","redefinir o shuffle spotify"
ovos-skill-spotify.openvoiceos,"ShuffleOff.intent","configurar  embaralhamento spotify  desligado"
ovos-skill-spotify.openvoiceos,"ShuffleOff.intent","configurar  embaralhamento spotify como desligado"
ovos-skill-spotify.openvoiceos,"ShuffleOff.intent","configurar  shuffle spotify  desligado"
ovos-skill-spotify.openvoiceos,"ShuffleOff.intent","configurar  shuffle spotify como desligado"
ovos-skill-spotify.openvoiceos,"ShuffleOff.intent","configurar o embaralhamento spotify  desligado"
ovos-skill-spotify.openvoiceos,"ShuffleOff.intent","configurar o embaralhamento spotify como desligado"
ovos-skill-spotify.openvoiceos,"ShuffleOff.intent","configurar o shuffle spotify  desligado"
ovos-skill-spotify.openvoiceos,"ShuffleOff.intent","configurar o shuffle spotify como desligado"
ovos-skill-spotify.openvoiceos,"ShuffleOff.intent","configure  embaralhamento spotify  desligado"
ovos-skill-spotify.openvoiceos,"ShuffleOff.intent","configure  embaralhamento spotify como desligado"
ovos-skill-spotify.openvoiceos,"ShuffleOff.intent","configure  shuffle spotify  desligado"
ovos-skill-spotify.openvoiceos,"ShuffleOff.intent","configure  shuffle spotify como desligado"
ovos-skill-spotify.openvoiceos,"ShuffleOff.intent","configure o embaralhamento spotify  desligado"
ovos-skill-spotify.openvoiceos,"ShuffleOff.intent","configure o embaralhamento spotify como desligado"
ovos-skill-spotify.openvoiceos,"ShuffleOff.intent","configure o shuffle spotify  desligado"
ovos-skill-spotify.openvoiceos,"ShuffleOff.intent","configure o shuffle spotify como desligado"
ovos-skill-spotify.openvoiceos,"ShuffleOff.intent","defina  embaralhamento spotify  desligado"
ovos-skill-spotify.openvoiceos,"ShuffleOff.intent","defina  embaralhamento spotify como desligado"
ovos-skill-spotify.openvoiceos,"ShuffleOff.intent","defina  shuffle spotify  desligado"
ovos-skill-spotify.openvoiceos,"ShuffleOff.intent","defina  shuffle spotify como desligado"
ovos-skill-spotify.openvoiceos,"ShuffleOff.intent","defina o embaralhamento spotify  desligado"
ovos-skill-spotify.openvoiceos,"ShuffleOff.intent","defina o embaralhamento spotify como desligado"
ovos-skill-spotify.openvoiceos,"ShuffleOff.intent","defina o shuffle spotify  desligado"
ovos-skill-spotify.openvoiceos,"ShuffleOff.intent","defina o shuffle spotify como desligado"
ovos-skill-spotify.openvoiceos,"ShuffleOff.intent","definir  embaralhamento spotify  desligado"
ovos-skill-spotify.openvoiceos,"ShuffleOff.intent","definir  embaralhamento spotify como desligado"
ovos-skill-spotify.openvoiceos,"ShuffleOff.intent","definir  shuffle spotify  desligado"
ovos-skill-spotify.openvoiceos,"ShuffleOff.intent","definir  shuffle spotify como desligado"
ovos-skill-spotify.openvoiceos,"ShuffleOff.intent","definir o embaralhamento spotify  desligado"
ovos-skill-spotify.openvoiceos,"ShuffleOff.intent","definir o embaralhamento spotify como desligado"
ovos-skill-spotify.openvoiceos,"ShuffleOff.intent","definir o shuffle spotify  desligado"
ovos-skill-spotify.openvoiceos,"ShuffleOff.intent","definir o shuffle spotify como desligado"
ovos-skill-spotify.openvoiceos,"ShuffleOn.intent","defina  embaralhamento"
ovos-skill-spotify.openvoiceos,"ShuffleOn.intent","defina  embaralhamento  ligado"
ovos-skill-spotify.openvoiceos,"ShuffleOn.intent","defina  embaralhamento como"
ovos-skill-spotify.openvoiceos,"ShuffleOn.intent","defina  embaralhamento como ligado"
ovos-skill-spotify.openvoiceos,"ShuffleOn.intent","defina  shuffle"
ovos-skill-spotify.openvoiceos,"ShuffleOn.intent","defina  shuffle  ligado"
ovos-skill-spotify.openvoiceos,"ShuffleOn.intent","defina  shuffle como"
ovos-skill-spotify.openvoiceos,"ShuffleOn.intent","defina  shuffle como ligado"
ovos-skill-spotify.openvoiceos,"ShuffleOn.intent","defina o embaralhamento"
ovos-skill-spotify.openvoiceos,"ShuffleOn.intent","defina o embaralhamento  ligado"
ovos-skill-spotify.openvoiceos,"ShuffleOn.intent","defina o embaralhamento como"
ovos-skill-spotify.openvoiceos,"ShuffleOn.intent","defina o embaralhamento como ligado"
ovos-skill-spotify.openvoiceos,"ShuffleOn.intent","defina o shuffle"
ovos-skill-spotify.openvoiceos,"ShuffleOn.intent","defina o shuffle  ligado"
ovos-skill-spotify.openvoiceos,"ShuffleOn.intent","defina o shuffle como"
ovos-skill-spotify.openvoiceos,"ShuffleOn.intent","defina o shuffle como ligado"
ovos-skill-spotify.openvoiceos,"ShuffleOn.intent","definir  embaralhamento"
ovos-skill-spotify.openvoiceos,"ShuffleOn.intent","definir  embaralhamento  ligado"
ovos-skill-spotify.openvoiceos,"ShuffleOn.intent","definir  embaralhamento como"
ovos-skill-spotify.openvoiceos,"ShuffleOn.intent","definir  embaralhamento como ligado"
ovos-skill-spotify.openvoiceos,"ShuffleOn.intent","definir  shuffle"
ovos-skill-spotify.openvoiceos,"ShuffleOn.intent","definir  shuffle  ligado"
ovos-skill-spotify.openvoiceos,"ShuffleOn.intent","definir  shuffle como"
ovos-skill-spotify.openvoiceos,"ShuffleOn.intent","definir  shuffle como ligado"
ovos-skill-spotify.openvoiceos,"ShuffleOn.intent","definir o embaralhamento"
ovos-skill-spotify.openvoiceos,"ShuffleOn.intent","definir o embaralhamento  ligado"
ovos-skill-spotify.openvoiceos,"ShuffleOn.intent","definir o embaralhamento como"
ovos-skill-spotify.openvoiceos,"ShuffleOn.intent","definir o embaralhamento como ligado"
ovos-skill-spotify.openvoiceos,"ShuffleOn.intent","definir o shuffle"
ovos-skill-spotify.openvoiceos,"ShuffleOn.intent","definir o shuffle  ligado"
ovos-skill-spotify.openvoiceos,"ShuffleOn.intent","definir o shuffle como"
ovos-skill-spotify.openvoiceos,"ShuffleOn.intent","definir o shuffle como ligado"
ovos-skill-spotify.openvoiceos,"ShuffleOn.intent","habilitar  embaralhamento"
ovos-skill-spotify.openvoiceos,"ShuffleOn.intent","habilitar  embaralhamento  ligado"
ovos-skill-spotify.openvoiceos,"ShuffleOn.intent","habilitar  embaralhamento como"
ovos-skill-spotify.openvoiceos,"ShuffleOn.intent","habilitar  embaralhamento como ligado"
ovos-skill-spotify.openvoiceos,"ShuffleOn.intent","habilitar  shuffle"
ovos-skill-spotify.openvoiceos,"ShuffleOn.intent","habilitar  shuffle  ligado"
ovos-skill-spotify.openvoiceos,"ShuffleOn.intent","habilitar  shuffle como"
ovos-skill-spotify.openvoiceos,"ShuffleOn.intent","habilitar  shuffle como ligado"
ovos-skill-spotify.openvoiceos,"ShuffleOn.intent","habilitar o embaralhamento"
ovos-skill-spotify.openvoiceos,"ShuffleOn.intent","habilitar o embaralhamento  ligado"
ovos-skill-spotify.openvoiceos,"ShuffleOn.intent","habilitar o embaralhamento como"
ovos-skill-spotify.openvoiceos,"ShuffleOn.intent","habilitar o embaralhamento como ligado"
ovos-skill-spotify.openvoiceos,"ShuffleOn.intent","habilitar o shuffle"
ovos-skill-spotify.openvoiceos,"ShuffleOn.intent","habilitar o shuffle  ligado"
ovos-skill-spotify.openvoiceos,"ShuffleOn.intent","habilitar o shuffle como"
ovos-skill-spotify.openvoiceos,"ShuffleOn.intent","habilitar o shuffle como ligado"
ovos-skill-spotify.openvoiceos,"ShuffleOn.intent","habilite  embaralhamento"
ovos-skill-spotify.openvoiceos,"ShuffleOn.intent","habilite  embaralhamento  ligado"
ovos-skill-spotify.openvoiceos,"ShuffleOn.intent","habilite  embaralhamento como"
ovos-skill-spotify.openvoiceos,"ShuffleOn.intent","habilite  embaralhamento como ligado"
ovos-skill-spotify.openvoiceos,"ShuffleOn.intent","habilite  shuffle"
ovos-skill-spotify.openvoiceos,"ShuffleOn.intent","habilite  shuffle  ligado"
ovos-skill-spotify.openvoiceos,"ShuffleOn.intent","habilite  shuffle como"
ovos-skill-spotify.openvoiceos,"ShuffleOn.intent","habilite  shuffle como ligado"
ovos-skill-spotify.openvoiceos,"ShuffleOn.intent","habilite o embaralhamento"
ovos-skill-spotify.openvoiceos,"ShuffleOn.intent","habilite o embaralhamento  ligado"
ovos-skill-spotify.openvoiceos,"ShuffleOn.intent","habilite o embaralhamento como"
ovos-skill-spotify.openvoiceos,"ShuffleOn.intent","habilite o embaralhamento como ligado"
ovos-skill-spotify.openvoiceos,"ShuffleOn.intent","habilite o shuffle"
ovos-skill-spotify.openvoiceos,"ShuffleOn.intent","habilite o shuffle  ligado"
ovos-skill-spotify.openvoiceos,"ShuffleOn.intent","habilite o shuffle como"
ovos-skill-spotify.openvoiceos,"ShuffleOn.intent","habilite o shuffle como ligado"
ovos-skill-spotify.openvoiceos,"ShuffleOn.intent","ligar  embaralhamento"
ovos-skill-spotify.openvoiceos,"ShuffleOn.intent","ligar  embaralhamento  ligado"
ovos-skill-spotify.openvoiceos,"ShuffleOn.intent","ligar  embaralhamento como"
ovos-skill-spotify.openvoiceos,"ShuffleOn.intent","ligar  embaralhamento como ligado"
ovos-skill-spotify.openvoiceos,"ShuffleOn.intent","ligar  shuffle"
ovos-skill-spotify.openvoiceos,"ShuffleOn.intent","ligar  shuffle  ligado"
ovos-skill-spotify.openvoiceos,"ShuffleOn.intent","ligar  shuffle como"
ovos-skill-spotify.openvoiceos,"ShuffleOn.intent","ligar  shuffle como ligado"
ovos-skill-spotify.openvoiceos,"ShuffleOn.intent","ligar o embaralhamento"
ovos-skill-spotify.openvoiceos,"ShuffleOn.intent","ligar o embaralhamento  ligado"
ovos-skill-spotify.openvoiceos,"ShuffleOn.intent","ligar o embaralhamento como"
ovos-skill-spotify.openvoiceos,"ShuffleOn.intent","ligar o embaralhamento como ligado"
ovos-skill-spotify.openvoiceos,"ShuffleOn.intent","ligar o shuffle"
ovos-skill-spotify.openvoiceos,"ShuffleOn.intent","ligar o shuffle  ligado"
ovos-skill-spotify.openvoiceos,"ShuffleOn.intent","ligar o shuffle como"
ovos-skill-spotify.openvoiceos,"ShuffleOn.intent","ligar o shuffle como ligado"
ovos-skill-spotify.openvoiceos,"ShuffleOn.intent","ligue  embaralhamento"
ovos-skill-spotify.openvoiceos,"ShuffleOn.intent","ligue  embaralhamento  ligado"
ovos-skill-spotify.openvoiceos,"ShuffleOn.intent","ligue  embaralhamento como"
ovos-skill-spotify.openvoiceos,"ShuffleOn.intent","ligue  embaralhamento como ligado"
ovos-skill-spotify.openvoiceos,"ShuffleOn.intent","ligue  shuffle"
ovos-skill-spotify.openvoiceos,"ShuffleOn.intent","ligue  shuffle  ligado"
ovos-skill-spotify.openvoiceos,"ShuffleOn.intent","ligue  shuffle como"
ovos-skill-spotify.openvoiceos,"ShuffleOn.intent","ligue  shuffle como ligado"
ovos-skill-spotify.openvoiceos,"ShuffleOn.intent","ligue o embaralhamento"
ovos-skill-spotify.openvoiceos,"ShuffleOn.intent","ligue o embaralhamento  ligado"
ovos-skill-spotify.openvoiceos,"ShuffleOn.intent","ligue o embaralhamento como"
ovos-skill-spotify.openvoiceos,"ShuffleOn.intent","ligue o embaralhamento como ligado"
ovos-skill-spotify.openvoiceos,"ShuffleOn.intent","ligue o shuffle"
ovos-skill-spotify.openvoiceos,"ShuffleOn.intent","ligue o shuffle  ligado"
ovos-skill-spotify.openvoiceos,"ShuffleOn.intent","ligue o shuffle como"
ovos-skill-spotify.openvoiceos,"ShuffleOn.intent","ligue o shuffle como ligado"
ovos-skill-wikihow.openvoiceos,"wikihow.intent","o que wiki how  pensa sobre {query}"
ovos-skill-wikihow.openvoiceos,"wikihow.intent","o que wiki how diz  sobre {query}"
ovos-skill-wikihow.openvoiceos,"wikihow.intent","o que wikihow  pensa sobre {query}"
ovos-skill-wikihow.openvoiceos,"wikihow.intent","o que wikihow diz  sobre {query}"
ovos-skill-wikihow.openvoiceos,"wikihow.intent","pesquisar wiki how  {query}"
ovos-skill-wikihow.openvoiceos,"wikihow.intent","pesquisar wiki how como é que {query}"
ovos-skill-wikihow.openvoiceos,"wikihow.intent","pesquisar wikihow  {query}"
ovos-skill-wikihow.openvoiceos,"wikihow.intent","pesquisar wikihow como é que {query}"
ovos-skill-wikihow.openvoiceos,"howto.intent","explica as como {query}"
ovos-skill-wikihow.openvoiceos,"howto.intent","explica as como é que {query}"
ovos-skill-wikihow.openvoiceos,"howto.intent","explica as etapas para {query}"
ovos-skill-wikihow.openvoiceos,"howto.intent","explicar como {query}"
ovos-skill-wikihow.openvoiceos,"howto.intent","explicar como é que {query}"
ovos-skill-wikihow.openvoiceos,"howto.intent","explicar etapas para {query}"
ovos-skill-wikihow.openvoiceos,"howto.intent","explicar passo a passo  {query}"
ovos-skill-wikihow.openvoiceos,"howto.intent","explicar passo a passo como é que {query}"
ovos-skill-wikihow.openvoiceos,"howto.intent","passo a passo  {query}"
ovos-skill-wikihow.openvoiceos,"howto.intent","passo a passo como é que {query}"
ovos-skill-wikihow.openvoiceos,"howto.intent","como   faço para {query}"
ovos-skill-wikihow.openvoiceos,"howto.intent","como é que  faço para {query}"
ovos-skill-wikihow.openvoiceos,"howto.intent","como  posso {query}"
ovos-skill-wikihow.openvoiceos,"howto.intent","como é que posso {query}"
ovos-skill-wikihow.openvoiceos,"howto.intent","como  {query}"
ovos-skill-wikihow.openvoiceos,"howto.intent","como é que {query}"
ovos-skill-wordnet.openvoiceos,"definition.intent","define {query}"
ovos-skill-wordnet.openvoiceos,"definition.intent","qual é a definição de {query}"
ovos-skill-wordnet.openvoiceos,"definition.intent","o que é  {query}"
ovos-skill-wordnet.openvoiceos,"definition.intent","o que é um {query}"
ovos-skill-wordnet.openvoiceos,"definition.intent","o que é uma {query}"
ovos-skill-wordnet.openvoiceos,"hypernym.intent","qual é o hiperônimo de {query}"
ovos-skill-wordnet.openvoiceos,"search_wordnet.intent","o que diz a wordnet sobre {query}"
ovos-skill-wordnet.openvoiceos,"search_wordnet.intent","o que diz o wordnet sobre {query}"
ovos-skill-wordnet.openvoiceos,"antonym.intent","qual é o antônimo de {query}"
ovos-skill-wordnet.openvoiceos,"antonym.intent","qual é um antônimo de {query}"
ovos-skill-wordnet.openvoiceos,"holonym.intent","qual é o holônimo de {query}"
ovos-skill-wordnet.openvoiceos,"lemma.intent","qual é o sinónimo de {query}"
ovos-skill-wordnet.openvoiceos,"hyponym.intent","qual é o hipônimo de {query}"
skill-ovos-audio-recording.openvoiceos,"start_recording.intent","ativar   captura de áudio"
skill-ovos-audio-recording.openvoiceos,"start_recording.intent","ativar   gravação de áudio"
skill-ovos-audio-recording.openvoiceos,"start_recording.intent","ativar a  captura de áudio"
skill-ovos-audio-recording.openvoiceos,"start_recording.intent","ativar a  gravação de áudio"
skill-ovos-audio-recording.openvoiceos,"start_recording.intent","começar   captura de áudio"
skill-ovos-audio-recording.openvoiceos,"start_recording.intent","começar   gravação de áudio"
skill-ovos-audio-recording.openvoiceos,"start_recording.intent","começar a  captura de áudio"
skill-ovos-audio-recording.openvoiceos,"start_recording.intent","começar a  gravação de áudio"
skill-ovos-audio-recording.openvoiceos,"start_recording.intent","ativar  captura de áudio chamada {name}"
skill-ovos-audio-recording.openvoiceos,"start_recording.intent","ativar  gravação de áudio chamada {name}"
skill-ovos-audio-recording.openvoiceos,"start_recording.intent","ativar a captura de áudio chamada {name}"
skill-ovos-audio-recording.openvoiceos,"start_recording.intent","ativar a gravação de áudio chamada {name}"
skill-ovos-audio-recording.openvoiceos,"start_recording.intent","começar  captura de áudio chamada {name}"
skill-ovos-audio-recording.openvoiceos,"start_recording.intent","começar  gravação de áudio chamada {name}"
skill-ovos-audio-recording.openvoiceos,"start_recording.intent","começar a captura de áudio chamada {name}"
skill-ovos-audio-recording.openvoiceos,"start_recording.intent","começar a gravação de áudio chamada {name}"
skill-ovos-audio-recording.openvoiceos,"start_recording.intent","ativar  captura de áudio com  nome {name}"
skill-ovos-audio-recording.openvoiceos,"start_recording.intent","ativar  captura de áudio com  titulo {name}"
skill-ovos-audio-recording.openvoiceos,"start_recording.intent","ativar  captura de áudio com o nome {name}"
skill-ovos-audio-recording.openvoiceos,"start_recording.intent","ativar  captura de áudio com o titulo {name}"
skill-ovos-audio-recording.openvoiceos,"start_recording.intent","ativar  gravação de áudio com  nome {name}"
skill-ovos-audio-recording.openvoiceos,"start_recording.intent","ativar  gravação de áudio com  titulo {name}"
skill-ovos-audio-recording.openvoiceos,"start_recording.intent","ativar  gravação de áudio com o nome {name}"
skill-ovos-audio-recording.openvoiceos,"start_recording.intent","ativar  gravação de áudio com o titulo {name}"
skill-ovos-audio-recording.openvoiceos,"start_recording.intent","ativar a captura de áudio com  nome {name}"
skill-ovos-audio-recording.openvoiceos,"start_recording.intent","ativar a captura de áudio com  titulo {name}"
skill-ovos-audio-recording.openvoiceos,"start_recording.intent","ativar a captura de áudio com o nome {name}"
skill-ovos-audio-recording.openvoiceos,"start_recording.intent","ativar a captura de áudio com o titulo {name}"
skill-ovos-audio-recording.openvoiceos,"start_recording.intent","ativar a gravação de áudio com  nome {name}"
skill-ovos-audio-recording.openvoiceos,"start_recording.intent","ativar a gravação de áudio com  titulo {name}"
skill-ovos-audio-recording.openvoiceos,"start_recording.intent","ativar a gravação de áudio com o nome {name}"
skill-ovos-audio-recording.openvoiceos,"start_recording.intent","ativar a gravação de áudio com o titulo {name}"
skill-ovos-audio-recording.openvoiceos,"start_recording.intent","começar  captura de áudio com  nome {name}"
skill-ovos-audio-recording.openvoiceos,"start_recording.intent","começar  captura de áudio com  titulo {name}"
skill-ovos-audio-recording.openvoiceos,"start_recording.intent","começar  captura de áudio com o nome {name}"
skill-ovos-audio-recording.openvoiceos,"start_recording.intent","começar  captura de áudio com o titulo {name}"
skill-ovos-audio-recording.openvoiceos,"start_recording.intent","começar  gravação de áudio com  nome {name}"
skill-ovos-audio-recording.openvoiceos,"start_recording.intent","começar  gravação de áudio com  titulo {name}"
skill-ovos-audio-recording.openvoiceos,"start_recording.intent","começar  gravação de áudio com o nome {name}"
skill-ovos-audio-recording.openvoiceos,"start_recording.intent","começar  gravação de áudio com o titulo {name}"
skill-ovos-audio-recording.openvoiceos,"start_recording.intent","começar a captura de áudio com  nome {name}"
skill-ovos-audio-recording.openvoiceos,"start_recording.intent","começar a captura de áudio com  titulo {name}"
skill-ovos-audio-recording.openvoiceos,"start_recording.intent","começar a captura de áudio com o nome {name}"
skill-ovos-audio-recording.openvoiceos,"start_recording.intent","começar a captura de áudio com o titulo {name}"
skill-ovos-audio-recording.openvoiceos,"start_recording.intent","começar a gravação de áudio com  nome {name}"
skill-ovos-audio-recording.openvoiceos,"start_recording.intent","começar a gravação de áudio com  titulo {name}"
skill-ovos-audio-recording.openvoiceos,"start_recording.intent","começar a gravação de áudio com o nome {name}"
skill-ovos-audio-recording.openvoiceos,"start_recording.intent","começar a gravação de áudio com o titulo {name}"
skill-ovos-audio-recording.openvoiceos,"start_recording.intent","ativar  captura de áudio como {name}"
skill-ovos-audio-recording.openvoiceos,"start_recording.intent","ativar  gravação de áudio como {name}"
skill-ovos-audio-recording.openvoiceos,"start_recording.intent","ativar a captura de áudio como {name}"
skill-ovos-audio-recording.openvoiceos,"start_recording.intent","ativar a gravação de áudio como {name}"
skill-ovos-audio-recording.openvoiceos,"start_recording.intent","começar  captura de áudio como {name}"
skill-ovos-audio-recording.openvoiceos,"start_recording.intent","começar  gravação de áudio como {name}"
skill-ovos-audio-recording.openvoiceos,"start_recording.intent","começar a captura de áudio como {name}"
skill-ovos-audio-recording.openvoiceos,"start_recording.intent","começar a gravação de áudio como {name}"
skill-ovos-audio-recording.openvoiceos,"start_recording.intent","começar captura de áudio"
skill-ovos-audio-recording.openvoiceos,"start_recording.intent","começar gravação de áudio"
skill-ovos-boot-finished.openvoiceos,"disable_ready_notification.intent","desativar  fala de inicialização"
skill-ovos-boot-finished.openvoiceos,"disable_ready_notification.intent","desativar  fala de início"
skill-ovos-boot-finished.openvoiceos,"disable_ready_notification.intent","desativar  notificação de inicialização"
skill-ovos-boot-finished.openvoiceos,"disable_ready_notification.intent","desativar  notificação de início"
skill-ovos-boot-finished.openvoiceos,"disable_ready_notification.intent","desativar  notificações de inicialização"
skill-ovos-boot-finished.openvoiceos,"disable_ready_notification.intent","desativar  notificações de início"
skill-ovos-boot-finished.openvoiceos,"disable_ready_notification.intent","desativar  som de inicialização"
skill-ovos-boot-finished.openvoiceos,"disable_ready_notification.intent","desativar  som de início"
skill-ovos-boot-finished.openvoiceos,"disable_ready_notification.intent","desativar  sons de inicialização"
skill-ovos-boot-finished.openvoiceos,"disable_ready_notification.intent","desativar  sons de início"
skill-ovos-boot-finished.openvoiceos,"disable_ready_notification.intent","desativar a fala de inicialização"
skill-ovos-boot-finished.openvoiceos,"disable_ready_notification.intent","desativar a fala de início"
skill-ovos-boot-finished.openvoiceos,"disable_ready_notification.intent","desativar a notificação de inicialização"
skill-ovos-boot-finished.openvoiceos,"disable_ready_notification.intent","desativar a notificação de início"
skill-ovos-boot-finished.openvoiceos,"disable_ready_notification.intent","desativar a notificações de inicialização"
skill-ovos-boot-finished.openvoiceos,"disable_ready_notification.intent","desativar a notificações de início"
skill-ovos-boot-finished.openvoiceos,"disable_ready_notification.intent","desativar a som de inicialização"
skill-ovos-boot-finished.openvoiceos,"disable_ready_notification.intent","desativar a som de início"
skill-ovos-boot-finished.openvoiceos,"disable_ready_notification.intent","desativar a sons de inicialização"
skill-ovos-boot-finished.openvoiceos,"disable_ready_notification.intent","desativar a sons de início"
skill-ovos-boot-finished.openvoiceos,"disable_ready_notification.intent","desativar as fala de inicialização"
skill-ovos-boot-finished.openvoiceos,"disable_ready_notification.intent","desativar as fala de início"
skill-ovos-boot-finished.openvoiceos,"disable_ready_notification.intent","desativar as notificação de inicialização"
skill-ovos-boot-finished.openvoiceos,"disable_ready_notification.intent","desativar as notificação de início"
skill-ovos-boot-finished.openvoiceos,"disable_ready_notification.intent","desativar as notificações de inicialização"
skill-ovos-boot-finished.openvoiceos,"disable_ready_notification.intent","desativar as notificações de início"
skill-ovos-boot-finished.openvoiceos,"disable_ready_notification.intent","desativar as som de inicialização"
skill-ovos-boot-finished.openvoiceos,"disable_ready_notification.intent","desativar as som de início"
skill-ovos-boot-finished.openvoiceos,"disable_ready_notification.intent","desativar as sons de inicialização"
skill-ovos-boot-finished.openvoiceos,"disable_ready_notification.intent","desativar as sons de início"
skill-ovos-boot-finished.openvoiceos,"disable_ready_notification.intent","desativar o fala de inicialização"
skill-ovos-boot-finished.openvoiceos,"disable_ready_notification.intent","desativar o fala de início"
skill-ovos-boot-finished.openvoiceos,"disable_ready_notification.intent","desativar o notificação de inicialização"
skill-ovos-boot-finished.openvoiceos,"disable_ready_notification.intent","desativar o notificação de início"
skill-ovos-boot-finished.openvoiceos,"disable_ready_notification.intent","desativar o notificações de inicialização"
skill-ovos-boot-finished.openvoiceos,"disable_ready_notification.intent","desativar o notificações de início"
skill-ovos-boot-finished.openvoiceos,"disable_ready_notification.intent","desativar o som de inicialização"
skill-ovos-boot-finished.openvoiceos,"disable_ready_notification.intent","desativar o som de início"
skill-ovos-boot-finished.openvoiceos,"disable_ready_notification.intent","desativar o sons de inicialização"
skill-ovos-boot-finished.openvoiceos,"disable_ready_notification.intent","desativar o sons de início"
skill-ovos-boot-finished.openvoiceos,"disable_ready_notification.intent","desativar os fala de inicialização"
skill-ovos-boot-finished.openvoiceos,"disable_ready_notification.intent","desativar os fala de início"
skill-ovos-boot-finished.openvoiceos,"disable_ready_notification.intent","desativar os notificação de inicialização"
skill-ovos-boot-finished.openvoiceos,"disable_ready_notification.intent","desativar os notificação de início"
skill-ovos-boot-finished.openvoiceos,"disable_ready_notification.intent","desativar os notificações de inicialização"
skill-ovos-boot-finished.openvoiceos,"disable_ready_notification.intent","desativar os notificações de início"
skill-ovos-boot-finished.openvoiceos,"disable_ready_notification.intent","desativar os som de inicialização"
skill-ovos-boot-finished.openvoiceos,"disable_ready_notification.intent","desativar os som de início"
skill-ovos-boot-finished.openvoiceos,"disable_ready_notification.intent","desativar os sons de inicialização"
skill-ovos-boot-finished.openvoiceos,"disable_ready_notification.intent","desativar os sons de início"
skill-ovos-boot-finished.openvoiceos,"disable_ready_notification.intent","desligar  fala de inicialização"
skill-ovos-boot-finished.openvoiceos,"disable_ready_notification.intent","desligar  fala de início"
skill-ovos-boot-finished.openvoiceos,"disable_ready_notification.intent","desligar  notificação de inicialização"
skill-ovos-boot-finished.openvoiceos,"disable_ready_notification.intent","desligar  notificação de início"
skill-ovos-boot-finished.openvoiceos,"disable_ready_notification.intent","desligar  notificações de inicialização"
skill-ovos-boot-finished.openvoiceos,"disable_ready_notification.intent","desligar  notificações de início"
skill-ovos-boot-finished.openvoiceos,"disable_ready_notification.intent","desligar  som de inicialização"
skill-ovos-boot-finished.openvoiceos,"disable_ready_notification.intent","desligar  som de início"
skill-ovos-boot-finished.openvoiceos,"disable_ready_notification.intent","desligar  sons de inicialização"
skill-ovos-boot-finished.openvoiceos,"disable_ready_notification.intent","desligar  sons de início"
skill-ovos-boot-finished.openvoiceos,"disable_ready_notification.intent","desligar a fala de inicialização"
skill-ovos-boot-finished.openvoiceos,"disable_ready_notification.intent","desligar a fala de início"
skill-ovos-boot-finished.openvoiceos,"disable_ready_notification.intent","desligar a notificação de inicialização"
skill-ovos-boot-finished.openvoiceos,"disable_ready_notification.intent","desligar a notificação de início"
skill-ovos-boot-finished.openvoiceos,"disable_ready_notification.intent","desligar a notificações de inicialização"
skill-ovos-boot-finished.openvoiceos,"disable_ready_notification.intent","desligar a notificações de início"
skill-ovos-boot-finished.openvoiceos,"disable_ready_notification.intent","desligar a som de inicialização"
skill-ovos-boot-finished.openvoiceos,"disable_ready_notification.intent","desligar a som de início"
skill-ovos-boot-finished.openvoiceos,"disable_ready_notification.intent","desligar a sons de inicialização"
skill-ovos-boot-finished.openvoiceos,"disable_ready_notification.intent","desligar a sons de início"
skill-ovos-boot-finished.openvoiceos,"disable_ready_notification.intent","desligar as fala de inicialização"
skill-ovos-boot-finished.openvoiceos,"disable_ready_notification.intent","desligar as fala de início"
skill-ovos-boot-finished.openvoiceos,"disable_ready_notification.intent","desligar as notificação de inicialização"
skill-ovos-boot-finished.openvoiceos,"disable_ready_notification.intent","desligar as notificação de início"
skill-ovos-boot-finished.openvoiceos,"disable_ready_notification.intent","desligar as notificações de inicialização"
skill-ovos-boot-finished.openvoiceos,"disable_ready_notification.intent","desligar as notificações de início"
skill-ovos-boot-finished.openvoiceos,"disable_ready_notification.intent","desligar as som de inicialização"
skill-ovos-boot-finished.openvoiceos,"disable_ready_notification.intent","desligar as som de início"
skill-ovos-boot-finished.openvoiceos,"disable_ready_notification.intent","desligar as sons de inicialização"
skill-ovos-boot-finished.openvoiceos,"disable_ready_notification.intent","desligar as sons de início"
skill-ovos-boot-finished.openvoiceos,"disable_ready_notification.intent","desligar o fala de inicialização"
skill-ovos-boot-finished.openvoiceos,"disable_ready_notification.intent","desligar o fala de início"
skill-ovos-boot-finished.openvoiceos,"disable_ready_notification.intent","desligar o notificação de inicialização"
skill-ovos-boot-finished.openvoiceos,"disable_ready_notification.intent","desligar o notificação de início"
skill-ovos-boot-finished.openvoiceos,"disable_ready_notification.intent","desligar o notificações de inicialização"
skill-ovos-boot-finished.openvoiceos,"disable_ready_notification.intent","desligar o notificações de início"
skill-ovos-boot-finished.openvoiceos,"disable_ready_notification.intent","desligar o som de inicialização"
skill-ovos-boot-finished.openvoiceos,"disable_ready_notification.intent","desligar o som de início"
skill-ovos-boot-finished.openvoiceos,"disable_ready_notification.intent","desligar o sons de inicialização"
skill-ovos-boot-finished.openvoiceos,"disable_ready_notification.intent","desligar o sons de início"
skill-ovos-boot-finished.openvoiceos,"disable_ready_notification.intent","desligar os fala de inicialização"
skill-ovos-boot-finished.openvoiceos,"disable_ready_notification.intent","desligar os fala de início"
skill-ovos-boot-finished.openvoiceos,"disable_ready_notification.intent","desligar os notificação de inicialização"
skill-ovos-boot-finished.openvoiceos,"disable_ready_notification.intent","desligar os notificação de início"
skill-ovos-boot-finished.openvoiceos,"disable_ready_notification.intent","desligar os notificações de inicialização"
skill-ovos-boot-finished.openvoiceos,"disable_ready_notification.intent","desligar os notificações de início"
skill-ovos-boot-finished.openvoiceos,"disable_ready_notification.intent","desligar os som de inicialização"
skill-ovos-boot-finished.openvoiceos,"disable_ready_notification.intent","desligar os som de início"
skill-ovos-boot-finished.openvoiceos,"disable_ready_notification.intent","desligar os sons de inicialização"
skill-ovos-boot-finished.openvoiceos,"disable_ready_notification.intent","desligar os sons de início"
skill-ovos-boot-finished.openvoiceos,"enable_ready_notification.intent","ativar  notificação de inicialização"
skill-ovos-boot-finished.openvoiceos,"enable_ready_notification.intent","ativar  notificação de início"
skill-ovos-boot-finished.openvoiceos,"enable_ready_notification.intent","ativar  notificações de inicialização"
skill-ovos-boot-finished.openvoiceos,"enable_ready_notification.intent","ativar  notificações de início"
skill-ovos-boot-finished.openvoiceos,"enable_ready_notification.intent","ativar  som de inicialização"
skill-ovos-boot-finished.openvoiceos,"enable_ready_notification.intent","ativar  som de início"
skill-ovos-boot-finished.openvoiceos,"enable_ready_notification.intent","ativar  sons de inicialização"
skill-ovos-boot-finished.openvoiceos,"enable_ready_notification.intent","ativar  sons de início"
skill-ovos-boot-finished.openvoiceos,"enable_ready_notification.intent","ativar a notificação de inicialização"
skill-ovos-boot-finished.openvoiceos,"enable_ready_notification.intent","ativar a notificação de início"
skill-ovos-boot-finished.openvoiceos,"enable_ready_notification.intent","ativar a notificações de inicialização"
skill-ovos-boot-finished.openvoiceos,"enable_ready_notification.intent","ativar a notificações de início"
skill-ovos-boot-finished.openvoiceos,"enable_ready_notification.intent","ativar a som de inicialização"
skill-ovos-boot-finished.openvoiceos,"enable_ready_notification.intent","ativar a som de início"
skill-ovos-boot-finished.openvoiceos,"enable_ready_notification.intent","ativar a sons de inicialização"
skill-ovos-boot-finished.openvoiceos,"enable_ready_notification.intent","ativar a sons de início"
skill-ovos-boot-finished.openvoiceos,"enable_ready_notification.intent","ativar as notificação de inicialização"
skill-ovos-boot-finished.openvoiceos,"enable_ready_notification.intent","ativar as notificação de início"
skill-ovos-boot-finished.openvoiceos,"enable_ready_notification.intent","ativar as notificações de inicialização"
skill-ovos-boot-finished.openvoiceos,"enable_ready_notification.intent","ativar as notificações de início"
skill-ovos-boot-finished.openvoiceos,"enable_ready_notification.intent","ativar as som de inicialização"
skill-ovos-boot-finished.openvoiceos,"enable_ready_notification.intent","ativar as som de início"
skill-ovos-boot-finished.openvoiceos,"enable_ready_notification.intent","ativar as sons de inicialização"
skill-ovos-boot-finished.openvoiceos,"enable_ready_notification.intent","ativar as sons de início"
skill-ovos-boot-finished.openvoiceos,"enable_ready_notification.intent","ativar o notificação de inicialização"
skill-ovos-boot-finished.openvoiceos,"enable_ready_notification.intent","ativar o notificação de início"
skill-ovos-boot-finished.openvoiceos,"enable_ready_notification.intent","ativar o notificações de inicialização"
skill-ovos-boot-finished.openvoiceos,"enable_ready_notification.intent","ativar o notificações de início"
skill-ovos-boot-finished.openvoiceos,"enable_ready_notification.intent","ativar o som de inicialização"
skill-ovos-boot-finished.openvoiceos,"enable_ready_notification.intent","ativar o som de início"
skill-ovos-boot-finished.openvoiceos,"enable_ready_notification.intent","ativar o sons de inicialização"
skill-ovos-boot-finished.openvoiceos,"enable_ready_notification.intent","ativar o sons de início"
skill-ovos-boot-finished.openvoiceos,"enable_ready_notification.intent","ativar os notificação de inicialização"
skill-ovos-boot-finished.openvoiceos,"enable_ready_notification.intent","ativar os notificação de início"
skill-ovos-boot-finished.openvoiceos,"enable_ready_notification.intent","ativar os notificações de inicialização"
skill-ovos-boot-finished.openvoiceos,"enable_ready_notification.intent","ativar os notificações de início"
skill-ovos-boot-finished.openvoiceos,"enable_ready_notification.intent","ativar os som de inicialização"
skill-ovos-boot-finished.openvoiceos,"enable_ready_notification.intent","ativar os som de início"
skill-ovos-boot-finished.openvoiceos,"enable_ready_notification.intent","ativar os sons de inicialização"
skill-ovos-boot-finished.openvoiceos,"enable_ready_notification.intent","ativar os sons de início"
skill-ovos-boot-finished.openvoiceos,"enable_ready_notification.intent","habilitar  notificação de inicialização"
skill-ovos-boot-finished.openvoiceos,"enable_ready_notification.intent","habilitar  notificação de início"
skill-ovos-boot-finished.openvoiceos,"enable_ready_notification.intent","habilitar  notificações de inicialização"
skill-ovos-boot-finished.openvoiceos,"enable_ready_notification.intent","habilitar  notificações de início"
skill-ovos-boot-finished.openvoiceos,"enable_ready_notification.intent","habilitar  som de inicialização"
skill-ovos-boot-finished.openvoiceos,"enable_ready_notification.intent","habilitar  som de início"
skill-ovos-boot-finished.openvoiceos,"enable_ready_notification.intent","habilitar  sons de inicialização"
skill-ovos-boot-finished.openvoiceos,"enable_ready_notification.intent","habilitar  sons de início"
skill-ovos-boot-finished.openvoiceos,"enable_ready_notification.intent","habilitar a notificação de inicialização"
skill-ovos-boot-finished.openvoiceos,"enable_ready_notification.intent","habilitar a notificação de início"
skill-ovos-boot-finished.openvoiceos,"enable_ready_notification.intent","habilitar a notificações de inicialização"
skill-ovos-boot-finished.openvoiceos,"enable_ready_notification.intent","habilitar a notificações de início"
skill-ovos-boot-finished.openvoiceos,"enable_ready_notification.intent","habilitar a som de inicialização"
skill-ovos-boot-finished.openvoiceos,"enable_ready_notification.intent","habilitar a som de início"
skill-ovos-boot-finished.openvoiceos,"enable_ready_notification.intent","habilitar a sons de inicialização"
skill-ovos-boot-finished.openvoiceos,"enable_ready_notification.intent","habilitar a sons de início"
skill-ovos-boot-finished.openvoiceos,"enable_ready_notification.intent","habilitar as notificação de inicialização"
skill-ovos-boot-finished.openvoiceos,"enable_ready_notification.intent","habilitar as notificação de início"
skill-ovos-boot-finished.openvoiceos,"enable_ready_notification.intent","habilitar as notificações de inicialização"
skill-ovos-boot-finished.openvoiceos,"enable_ready_notification.intent","habilitar as notificações de início"
skill-ovos-boot-finished.openvoiceos,"enable_ready_notification.intent","habilitar as som de inicialização"
skill-ovos-boot-finished.openvoiceos,"enable_ready_notification.intent","habilitar as som de início"
skill-ovos-boot-finished.openvoiceos,"enable_ready_notification.intent","habilitar as sons de inicialização"
skill-ovos-boot-finished.openvoiceos,"enable_ready_notification.intent","habilitar as sons de início"
skill-ovos-boot-finished.openvoiceos,"enable_ready_notification.intent","habilitar o notificação de inicialização"
skill-ovos-boot-finished.openvoiceos,"enable_ready_notification.intent","habilitar o notificação de início"
skill-ovos-boot-finished.openvoiceos,"enable_ready_notification.intent","habilitar o notificações de inicialização"
skill-ovos-boot-finished.openvoiceos,"enable_ready_notification.intent","habilitar o notificações de início"
skill-ovos-boot-finished.openvoiceos,"enable_ready_notification.intent","habilitar o som de inicialização"
skill-ovos-boot-finished.openvoiceos,"enable_ready_notification.intent","habilitar o som de início"
skill-ovos-boot-finished.openvoiceos,"enable_ready_notification.intent","habilitar o sons de inicialização"
skill-ovos-boot-finished.openvoiceos,"enable_ready_notification.intent","habilitar o sons de início"
skill-ovos-boot-finished.openvoiceos,"enable_ready_notification.intent","habilitar os notificação de inicialização"
skill-ovos-boot-finished.openvoiceos,"enable_ready_notification.intent","habilitar os notificação de início"
skill-ovos-boot-finished.openvoiceos,"enable_ready_notification.intent","habilitar os notificações de inicialização"
skill-ovos-boot-finished.openvoiceos,"enable_ready_notification.intent","habilitar os notificações de início"
skill-ovos-boot-finished.openvoiceos,"enable_ready_notification.intent","habilitar os som de inicialização"
skill-ovos-boot-finished.openvoiceos,"enable_ready_notification.intent","habilitar os som de início"
skill-ovos-boot-finished.openvoiceos,"enable_ready_notification.intent","habilitar os sons de inicialização"
skill-ovos-boot-finished.openvoiceos,"enable_ready_notification.intent","habilitar os sons de início"
skill-ovos-boot-finished.openvoiceos,"enable_ready_notification.intent","ligar  notificação de inicialização"
skill-ovos-boot-finished.openvoiceos,"enable_ready_notification.intent","ligar  notificação de início"
skill-ovos-boot-finished.openvoiceos,"enable_ready_notification.intent","ligar  notificações de inicialização"
skill-ovos-boot-finished.openvoiceos,"enable_ready_notification.intent","ligar  notificações de início"
skill-ovos-boot-finished.openvoiceos,"enable_ready_notification.intent","ligar  som de inicialização"
skill-ovos-boot-finished.openvoiceos,"enable_ready_notification.intent","ligar  som de início"
skill-ovos-boot-finished.openvoiceos,"enable_ready_notification.intent","ligar  sons de inicialização"
skill-ovos-boot-finished.openvoiceos,"enable_ready_notification.intent","ligar  sons de início"
skill-ovos-boot-finished.openvoiceos,"enable_ready_notification.intent","ligar a notificação de inicialização"
skill-ovos-boot-finished.openvoiceos,"enable_ready_notification.intent","ligar a notificação de início"
skill-ovos-boot-finished.openvoiceos,"enable_ready_notification.intent","ligar a notificações de inicialização"
skill-ovos-boot-finished.openvoiceos,"enable_ready_notification.intent","ligar a notificações de início"
skill-ovos-boot-finished.openvoiceos,"enable_ready_notification.intent","ligar a som de inicialização"
skill-ovos-boot-finished.openvoiceos,"enable_ready_notification.intent","ligar a som de início"
skill-ovos-boot-finished.openvoiceos,"enable_ready_notification.intent","ligar a sons de inicialização"
skill-ovos-boot-finished.openvoiceos,"enable_ready_notification.intent","ligar a sons de início"
skill-ovos-boot-finished.openvoiceos,"enable_ready_notification.intent","ligar as notificação de inicialização"
skill-ovos-boot-finished.openvoiceos,"enable_ready_notification.intent","ligar as notificação de início"
skill-ovos-boot-finished.openvoiceos,"enable_ready_notification.intent","ligar as notificações de inicialização"
skill-ovos-boot-finished.openvoiceos,"enable_ready_notification.intent","ligar as notificações de início"
skill-ovos-boot-finished.openvoiceos,"enable_ready_notification.intent","ligar as som de inicialização"
skill-ovos-boot-finished.openvoiceos,"enable_ready_notification.intent","ligar as som de início"
skill-ovos-boot-finished.openvoiceos,"enable_ready_notification.intent","ligar as sons de inicialização"
skill-ovos-boot-finished.openvoiceos,"enable_ready_notification.intent","ligar as sons de início"
skill-ovos-boot-finished.openvoiceos,"enable_ready_notification.intent","ligar o notificação de inicialização"
skill-ovos-boot-finished.openvoiceos,"enable_ready_notification.intent","ligar o notificação de início"
skill-ovos-boot-finished.openvoiceos,"enable_ready_notification.intent","ligar o notificações de inicialização"
skill-ovos-boot-finished.openvoiceos,"enable_ready_notification.intent","ligar o notificações de início"
skill-ovos-boot-finished.openvoiceos,"enable_ready_notification.intent","ligar o som de inicialização"
skill-ovos-boot-finished.openvoiceos,"enable_ready_notification.intent","ligar o som de início"
skill-ovos-boot-finished.openvoiceos,"enable_ready_notification.intent","ligar o sons de inicialização"
skill-ovos-boot-finished.openvoiceos,"enable_ready_notification.intent","ligar o sons de início"
skill-ovos-boot-finished.openvoiceos,"enable_ready_notification.intent","ligar os notificação de inicialização"
skill-ovos-boot-finished.openvoiceos,"enable_ready_notification.intent","ligar os notificação de início"
skill-ovos-boot-finished.openvoiceos,"enable_ready_notification.intent","ligar os notificações de inicialização"
skill-ovos-boot-finished.openvoiceos,"enable_ready_notification.intent","ligar os notificações de início"
skill-ovos-boot-finished.openvoiceos,"enable_ready_notification.intent","ligar os som de inicialização"
skill-ovos-boot-finished.openvoiceos,"enable_ready_notification.intent","ligar os som de início"
skill-ovos-boot-finished.openvoiceos,"enable_ready_notification.intent","ligar os sons de inicialização"
skill-ovos-boot-finished.openvoiceos,"enable_ready_notification.intent","ligar os sons de início"
skill-ovos-date-time.openvoiceos,"what.time.is.it.intent","a hora"
skill-ovos-date-time.openvoiceos,"what.time.is.it.intent","a hora agora"
skill-ovos-date-time.openvoiceos,"what.time.is.it.intent","a hora agora por favor"
skill-ovos-date-time.openvoiceos,"what.time.is.it.intent","a hora já agora"
skill-ovos-date-time.openvoiceos,"what.time.is.it.intent","a hora já agora por favor"
skill-ovos-date-time.openvoiceos,"what.time.is.it.intent","a hora por favor"
skill-ovos-date-time.openvoiceos,"what.time.is.it.intent","a horário"
skill-ovos-date-time.openvoiceos,"what.time.is.it.intent","a horário agora"
skill-ovos-date-time.openvoiceos,"what.time.is.it.intent","a horário agora por favor"
skill-ovos-date-time.openvoiceos,"what.time.is.it.intent","a horário já agora"
skill-ovos-date-time.openvoiceos,"what.time.is.it.intent","a horário já agora por favor"
skill-ovos-date-time.openvoiceos,"what.time.is.it.intent","a horário por favor"
skill-ovos-date-time.openvoiceos,"what.time.is.it.intent","hora atual"
skill-ovos-date-time.openvoiceos,"what.time.is.it.intent","o hora"
skill-ovos-date-time.openvoiceos,"what.time.is.it.intent","o hora agora"
skill-ovos-date-time.openvoiceos,"what.time.is.it.intent","o hora agora por favor"
skill-ovos-date-time.openvoiceos,"what.time.is.it.intent","o hora já agora"
skill-ovos-date-time.openvoiceos,"what.time.is.it.intent","o hora já agora por favor"
skill-ovos-date-time.openvoiceos,"what.time.is.it.intent","o hora por favor"
skill-ovos-date-time.openvoiceos,"what.time.is.it.intent","o horário"
skill-ovos-date-time.openvoiceos,"what.time.is.it.intent","o horário agora"
skill-ovos-date-time.openvoiceos,"what.time.is.it.intent","o horário agora por favor"
skill-ovos-date-time.openvoiceos,"what.time.is.it.intent","o horário já agora"
skill-ovos-date-time.openvoiceos,"what.time.is.it.intent","o horário já agora por favor"
skill-ovos-date-time.openvoiceos,"what.time.is.it.intent","o horário por favor"
skill-ovos-date-time.openvoiceos,"what.time.is.it.intent","você tem a hora atual"
skill-ovos-date-time.openvoiceos,"date.future.weekend.intent","quais  dia é este final de semana"
skill-ovos-date-time.openvoiceos,"date.future.weekend.intent","quais  dia é próximo final de semana"
skill-ovos-date-time.openvoiceos,"date.future.weekend.intent","quais  dias  este final de semana"
skill-ovos-date-time.openvoiceos,"date.future.weekend.intent","quais  dias  próximo final de semana"
skill-ovos-date-time.openvoiceos,"date.future.weekend.intent","quais  dias para este final de semana"
skill-ovos-date-time.openvoiceos,"date.future.weekend.intent","quais  dias para próximo final de semana"
skill-ovos-date-time.openvoiceos,"date.future.weekend.intent","quais são as datas  este final de semana"
skill-ovos-date-time.openvoiceos,"date.future.weekend.intent","quais são as datas  o próximo final de semana"
skill-ovos-date-time.openvoiceos,"date.future.weekend.intent","quais são as datas deste final de semana"
skill-ovos-date-time.openvoiceos,"date.future.weekend.intent","quais são as datas do próximo final de semana"
skill-ovos-date-time.openvoiceos,"date.future.weekend.intent","quais são as datas para este final de semana"
skill-ovos-date-time.openvoiceos,"date.future.weekend.intent","quais são as datas para o próximo final de semana"
skill-ovos-date-time.openvoiceos,"date.future.weekend.intent","quais são os dias  este final de semana"
skill-ovos-date-time.openvoiceos,"date.future.weekend.intent","quais são os dias  próximo final de semana"
skill-ovos-date-time.openvoiceos,"date.future.weekend.intent","quais são os dias para este final de semana"
skill-ovos-date-time.openvoiceos,"date.future.weekend.intent","quais são os dias para próximo final de semana"
skill-ovos-date-time.openvoiceos,"date.future.weekend.intent","quais é a data  este final de semana"
skill-ovos-date-time.openvoiceos,"date.future.weekend.intent","quais é a data  o próximo final de semana"
skill-ovos-date-time.openvoiceos,"date.future.weekend.intent","quais é a data deste final de semana"
skill-ovos-date-time.openvoiceos,"date.future.weekend.intent","quais é a data do próximo final de semana"
skill-ovos-date-time.openvoiceos,"date.future.weekend.intent","quais é a data para este final de semana"
skill-ovos-date-time.openvoiceos,"date.future.weekend.intent","quais é a data para o próximo final de semana"
skill-ovos-date-time.openvoiceos,"date.future.weekend.intent","qual  dia é este final de semana"
skill-ovos-date-time.openvoiceos,"date.future.weekend.intent","qual  dia é próximo final de semana"
skill-ovos-date-time.openvoiceos,"date.future.weekend.intent","qual  dias  este final de semana"
skill-ovos-date-time.openvoiceos,"date.future.weekend.intent","qual  dias  próximo final de semana"
skill-ovos-date-time.openvoiceos,"date.future.weekend.intent","qual  dias para este final de semana"
skill-ovos-date-time.openvoiceos,"date.future.weekend.intent","qual  dias para próximo final de semana"
skill-ovos-date-time.openvoiceos,"date.future.weekend.intent","qual são as datas  este final de semana"
skill-ovos-date-time.openvoiceos,"date.future.weekend.intent","qual são as datas  o próximo final de semana"
skill-ovos-date-time.openvoiceos,"date.future.weekend.intent","qual são as datas deste final de semana"
skill-ovos-date-time.openvoiceos,"date.future.weekend.intent","qual são as datas do próximo final de semana"
skill-ovos-date-time.openvoiceos,"date.future.weekend.intent","qual são as datas para este final de semana"
skill-ovos-date-time.openvoiceos,"date.future.weekend.intent","qual são as datas para o próximo final de semana"
skill-ovos-date-time.openvoiceos,"date.future.weekend.intent","qual são os dias  este final de semana"
skill-ovos-date-time.openvoiceos,"date.future.weekend.intent","qual são os dias  próximo final de semana"
skill-ovos-date-time.openvoiceos,"date.future.weekend.intent","qual são os dias para este final de semana"
skill-ovos-date-time.openvoiceos,"date.future.weekend.intent","qual são os dias para próximo final de semana"
skill-ovos-date-time.openvoiceos,"date.future.weekend.intent","qual é a data  este final de semana"
skill-ovos-date-time.openvoiceos,"date.future.weekend.intent","qual é a data  o próximo final de semana"
skill-ovos-date-time.openvoiceos,"date.future.weekend.intent","qual é a data deste final de semana"
skill-ovos-date-time.openvoiceos,"date.future.weekend.intent","qual é a data do próximo final de semana"
skill-ovos-date-time.openvoiceos,"date.future.weekend.intent","qual é a data para este final de semana"
skill-ovos-date-time.openvoiceos,"date.future.weekend.intent","qual é a data para o próximo final de semana"
skill-ovos-date-time.openvoiceos,"date.last.weekend.intent","quais dia foi do último final de semana"
skill-ovos-date-time.openvoiceos,"date.last.weekend.intent","quais dias foram do último final de semana"
skill-ovos-date-time.openvoiceos,"date.last.weekend.intent","quais foi a data do último final de semana"
skill-ovos-date-time.openvoiceos,"date.last.weekend.intent","quais foram as datas do último final de semana"
skill-ovos-date-time.openvoiceos,"date.last.weekend.intent","quais foram as dataspara do último final de semana"
skill-ovos-date-time.openvoiceos,"date.last.weekend.intent","quais foram os dias  do último final de semana"
skill-ovos-date-time.openvoiceos,"date.last.weekend.intent","quais foram os dias para do último final de semana"
skill-ovos-date-time.openvoiceos,"date.last.weekend.intent","qual dia foi do último final de semana"
skill-ovos-date-time.openvoiceos,"date.last.weekend.intent","qual dias foram do último final de semana"
skill-ovos-date-time.openvoiceos,"date.last.weekend.intent","qual foi a data do último final de semana"
skill-ovos-date-time.openvoiceos,"date.last.weekend.intent","qual foram as datas do último final de semana"
skill-ovos-date-time.openvoiceos,"date.last.weekend.intent","qual foram as dataspara do último final de semana"
skill-ovos-date-time.openvoiceos,"date.last.weekend.intent","qual foram os dias  do último final de semana"
skill-ovos-date-time.openvoiceos,"date.last.weekend.intent","qual foram os dias para do último final de semana"
skill-ovos-date-time.openvoiceos,"what.time.will.it.be.intent","que horas serão em {offset} horas"
skill-ovos-date-time.openvoiceos,"what.time.will.it.be.intent","que horas serão em {offset} horas a partir de agora"
skill-ovos-date-time.openvoiceos,"what.time.will.it.be.intent","que horas serão em {offset} minutos"
skill-ovos-date-time.openvoiceos,"what.time.will.it.be.intent","que horas serão em {offset} minutos a partir de agora"
skill-ovos-date-time.openvoiceos,"what.time.will.it.be.intent","que horas serão em {offset} segundos"
skill-ovos-date-time.openvoiceos,"what.time.will.it.be.intent","que horas serão em {offset} segundos a partir de agora"
skill-ovos-date-time.openvoiceos,"what.time.will.it.be.intent","que horas são em {offset} horas  em {location}"
skill-ovos-date-time.openvoiceos,"what.time.will.it.be.intent","que horas são em {offset} horas  na {location}"
skill-ovos-date-time.openvoiceos,"what.time.will.it.be.intent","que horas são em {offset} horas  no {location}"
skill-ovos-date-time.openvoiceos,"what.time.will.it.be.intent","que horas são em {offset} horas a partir de agora em {location}"
skill-ovos-date-time.openvoiceos,"what.time.will.it.be.intent","que horas são em {offset} horas a partir de agora na {location}"
skill-ovos-date-time.openvoiceos,"what.time.will.it.be.intent","que horas são em {offset} horas a partir de agora no {location}"
skill-ovos-date-time.openvoiceos,"what.time.will.it.be.intent","que horas são em {offset} minutos  em {location}"
skill-ovos-date-time.openvoiceos,"what.time.will.it.be.intent","que horas são em {offset} minutos  na {location}"
skill-ovos-date-time.openvoiceos,"what.time.will.it.be.intent","que horas são em {offset} minutos  no {location}"
skill-ovos-date-time.openvoiceos,"what.time.will.it.be.intent","que horas são em {offset} minutos a partir de agora em {location}"
skill-ovos-date-time.openvoiceos,"what.time.will.it.be.intent","que horas são em {offset} minutos a partir de agora na {location}"
skill-ovos-date-time.openvoiceos,"what.time.will.it.be.intent","que horas são em {offset} minutos a partir de agora no {location}"
skill-ovos-date-time.openvoiceos,"what.time.will.it.be.intent","que horas são em {offset} segundos  em {location}"
skill-ovos-date-time.openvoiceos,"what.time.will.it.be.intent","que horas são em {offset} segundos  na {location}"
skill-ovos-date-time.openvoiceos,"what.time.will.it.be.intent","que horas são em {offset} segundos  no {location}"
skill-ovos-date-time.openvoiceos,"what.time.will.it.be.intent","que horas são em {offset} segundos a partir de agora em {location}"
skill-ovos-date-time.openvoiceos,"what.time.will.it.be.intent","que horas são em {offset} segundos a partir de agora na {location}"
skill-ovos-date-time.openvoiceos,"what.time.will.it.be.intent","que horas são em {offset} segundos a partir de agora no {location}"
skill-ovos-ddg.openvoiceos,"search_duck.intent","pergunta ao duck duck go sobre {keyword}"
skill-ovos-ddg.openvoiceos,"search_duck.intent","pergunta ao pato sobre {keyword}"
skill-ovos-ddg.openvoiceos,"search_duck.intent","procura no duck duck go sobre {keyword}"
skill-ovos-ddg.openvoiceos,"search_duck.intent","procura no pato sobre {keyword}"
skill-ovos-ddg.openvoiceos,"search_duck.intent","pesquisa no duck duck go {keyword}"
skill-ovos-ddg.openvoiceos,"search_duck.intent","procura no duck duck go {keyword}"
skill-ovos-ddg.openvoiceos,"search_duck.intent","Procura no pato {keyword}"
skill-ovos-ddg.openvoiceos,"search_duck.intent","o que diz o duck duck go sobre {keyword}"
skill-ovos-ddg.openvoiceos,"search_duck.intent","o que diz o pato sobre {keyword}"
skill-ovos-ddg.openvoiceos,"search_duck.intent","pergunta ao pato {keyword}"
skill-ovos-ddg.openvoiceos,"education.intent","onde estudou {keyword}"
skill-ovos-ddg.openvoiceos,"education.intent","onde obteve {keyword} a  educação"
skill-ovos-ddg.openvoiceos,"education.intent","onde obteve {keyword} a sua educação"
skill-ovos-ddg.openvoiceos,"died.intent","data da morte da {keyword}"
skill-ovos-ddg.openvoiceos,"died.intent","data da morte de {keyword}"
skill-ovos-ddg.openvoiceos,"died.intent","data da morte do {keyword}"
skill-ovos-ddg.openvoiceos,"died.intent","dia da morte da {keyword}"
skill-ovos-ddg.openvoiceos,"died.intent","dia da morte de {keyword}"
skill-ovos-ddg.openvoiceos,"died.intent","dia da morte do {keyword}"
skill-ovos-ddg.openvoiceos,"died.intent","quando foi a morte de {keyword}"
skill-ovos-ddg.openvoiceos,"died.intent","quando morreu  {keyword}"
skill-ovos-ddg.openvoiceos,"died.intent","quando morreu a {keyword}"
skill-ovos-ddg.openvoiceos,"died.intent","quando morreu o {keyword}"
skill-ovos-ddg.openvoiceos,"age_at_death.intent","quantos anos tinha {keyword} a data da morte"
skill-ovos-ddg.openvoiceos,"age_at_death.intent","quantos anos tinha {keyword} na sua morte"
skill-ovos-ddg.openvoiceos,"age_at_death.intent","quantos anos tinha {keyword} quando morreu"
skill-ovos-ddg.openvoiceos,"age_at_death.intent","quantos anos tinha {keyword} no dia em que morreu"
skill-ovos-ddg.openvoiceos,"known_for.intent","pelo que é {keyword} conhecida"
skill-ovos-ddg.openvoiceos,"known_for.intent","pelo que é {keyword} conhecido"
skill-ovos-ddg.openvoiceos,"children.intent","quantos filhos tem {keyword}"
skill-ovos-ddg.openvoiceos,"children.intent","quantos filhos teve {keyword}"
skill-ovos-ddg.openvoiceos,"children.intent","quantos filhos tinha {keyword}"
skill-ovos-ddg.openvoiceos,"search_wolfie.intent","pergunta ao pato {keyword}"
skill-ovos-ddg.openvoiceos,"birthdate.intent","quando nasceu {person}"
skill-ovos-ddg.openvoiceos,"birthdate.intent","quando é o aniversário da {person}"
skill-ovos-ddg.openvoiceos,"birthdate.intent","quando é o aniversário de {person}"
skill-ovos-ddg.openvoiceos,"birthdate.intent","quando é o aniversário do {person}"
skill-ovos-ddg.openvoiceos,"birthdate.intent","quando é que {person} faz anos"
skill-ovos-ddg.openvoiceos,"who.intent","Quem é  {person}"
skill-ovos-ddg.openvoiceos,"who.intent","Quem é que é {person}"
skill-ovos-hello-world.openvoiceos,"Greetings.intent","boa noite"
skill-ovos-hello-world.openvoiceos,"Greetings.intent","boa tarde"
skill-ovos-hello-world.openvoiceos,"Greetings.intent","bom dia"
skill-ovos-hello-world.openvoiceos,"Greetings.intent","como vai"
skill-ovos-hello-world.openvoiceos,"Greetings.intent","e aí"
skill-ovos-hello-world.openvoiceos,"Greetings.intent","faz tempo que não nos vemos"
skill-ovos-hello-world.openvoiceos,"Greetings.intent","oi"
skill-ovos-hello-world.openvoiceos,"Greetings.intent","olá"
skill-ovos-hello-world.openvoiceos,"Greetings.intent","olá de novo"
skill-ovos-hello-world.openvoiceos,"Greetings.intent","que bom te ver"
skill-ovos-hello-world.openvoiceos,"Greetings.intent","tudo bem"
skill-ovos-icanhazdadjokes.openvoiceos,"joke.intent","conta uma anedota"
skill-ovos-icanhazdadjokes.openvoiceos,"joke.intent","conta uma piada"
skill-ovos-icanhazdadjokes.openvoiceos,"joke.intent","conta-me uma anedota"
skill-ovos-icanhazdadjokes.openvoiceos,"joke.intent","conta-me uma piada"
skill-ovos-icanhazdadjokes.openvoiceos,"joke.intent","diz uma anedota"
skill-ovos-icanhazdadjokes.openvoiceos,"joke.intent","diz uma piada"
skill-ovos-icanhazdadjokes.openvoiceos,"joke.intent","diz-me uma anedota"
skill-ovos-icanhazdadjokes.openvoiceos,"joke.intent","diz-me uma piada"
skill-ovos-icanhazdadjokes.openvoiceos,"joke.intent","faz-me rir"
skill-ovos-icanhazdadjokes.openvoiceos,"joke.intent","sabes alguma anedota"
skill-ovos-icanhazdadjokes.openvoiceos,"joke.intent","sabes alguma piada"
skill-ovos-icanhazdadjokes.openvoiceos,"joke.intent","sabes contar anedotas"
skill-ovos-icanhazdadjokes.openvoiceos,"joke.intent","sabes contar piadas"
skill-ovos-icanhazdadjokes.openvoiceos,"search_joke.intent","conta uma anedota sobre {search}"
skill-ovos-icanhazdadjokes.openvoiceos,"search_joke.intent","conta uma piada sobre {search}"
skill-ovos-icanhazdadjokes.openvoiceos,"search_joke.intent","conta-me uma anedota sobre {search}"
skill-ovos-icanhazdadjokes.openvoiceos,"search_joke.intent","conta-me uma piada sobre {search}"
skill-ovos-icanhazdadjokes.openvoiceos,"search_joke.intent","diz-me uma anedota sobre {search}"
skill-ovos-icanhazdadjokes.openvoiceos,"search_joke.intent","diz-me uma piada sobre {search}"
skill-ovos-icanhazdadjokes.openvoiceos,"search_joke.intent","anedota sobre {search}"
skill-ovos-icanhazdadjokes.openvoiceos,"search_joke.intent","piada sobre {search}"
skill-ovos-icanhazdadjokes.openvoiceos,"search_joke.intent","sabes alguma anedota sobre {search}"
skill-ovos-icanhazdadjokes.openvoiceos,"search_joke.intent","sabes alguma piada sobre {search}"
skill-ovos-local-media.openvoiceos,"open.file.browser.intent","Abrir a unidade do navegador do arquivo"
skill-ovos-local-media.openvoiceos,"open.file.browser.intent","abrir a porta"
skill-ovos-local-media.openvoiceos,"open.file.browser.intent","abrir aplicativo navegador usb"
skill-ovos-local-media.openvoiceos,"open.file.browser.intent","abrir drive USB"
skill-ovos-local-media.openvoiceos,"open.file.browser.intent","abrir meu navegador de arquivo"
skill-ovos-local-media.openvoiceos,"open.file.browser.intent","abrir meu usb"
skill-ovos-local-media.openvoiceos,"open.file.browser.intent","abrir minha unidade USB"
skill-ovos-local-media.openvoiceos,"open.file.browser.intent","abrir minha unidade de navegador de arquivo"
skill-ovos-local-media.openvoiceos,"open.file.browser.intent","abrir navegador usb"
skill-ovos-local-media.openvoiceos,"open.file.browser.intent","aplicativo de navegador de arquivo aberto"
skill-ovos-local-media.openvoiceos,"open.file.browser.intent","aplicativo de navegador de arquivo de início"
skill-ovos-local-media.openvoiceos,"open.file.browser.intent","iniciar aplicativo navegador usb"
skill-ovos-local-media.openvoiceos,"open.file.browser.intent","iniciar navegador usb"
skill-ovos-local-media.openvoiceos,"open.file.browser.intent","mostrar aplicativo de navegador de arquivo"
skill-ovos-local-media.openvoiceos,"open.file.browser.intent","mostrar aplicativo navegador usb"
skill-ovos-local-media.openvoiceos,"open.file.browser.intent","mostrar meu drive USB"
skill-ovos-local-media.openvoiceos,"open.file.browser.intent","mostrar meu navegador de arquivos"
skill-ovos-local-media.openvoiceos,"open.file.browser.intent","mostrar meu usb"
skill-ovos-local-media.openvoiceos,"open.file.browser.intent","mostrar minha unidade de navegador de arquivo"
skill-ovos-local-media.openvoiceos,"open.file.browser.intent","mostrar navegador de arquivo"
skill-ovos-local-media.openvoiceos,"open.file.browser.intent","mostrar navegador usb"
skill-ovos-local-media.openvoiceos,"open.file.browser.intent","mostrar unidade de navegador de arquivo"
skill-ovos-local-media.openvoiceos,"open.file.browser.intent","mostrar unidade usb"
skill-ovos-local-media.openvoiceos,"open.file.browser.intent","mostrar usb"
skill-ovos-local-media.openvoiceos,"open.file.browser.intent","navegador de arquivo aberto"
skill-ovos-local-media.openvoiceos,"open.file.browser.intent","navegador de arquivo de início"
skill-ovos-news.openvoiceos,"global_news.intent","Como está o mundo hoje?"
skill-ovos-news.openvoiceos,"global_news.intent","Conte-me o que está acontecendo ao redor do mundo"
skill-ovos-news.openvoiceos,"global_news.intent","Conte-me o que está acontecendo internacionalmente"
skill-ovos-news.openvoiceos,"global_news.intent","Conte-me o que está acontecendo no mundo"
skill-ovos-news.openvoiceos,"global_news.intent","Conte-me sobre as notícias do mundo"
skill-ovos-news.openvoiceos,"global_news.intent","Conte-me sobre as notícias globais"
skill-ovos-news.openvoiceos,"global_news.intent","Conte-me sobre as notícias internacionais"
skill-ovos-news.openvoiceos,"global_news.intent","Conte-me sobre as notícias mundiais"
skill-ovos-news.openvoiceos,"global_news.intent","Há alguma notícia de última hora globalmente?"
skill-ovos-news.openvoiceos,"global_news.intent","Há alguma notícia de última hora internacionalmente?"
skill-ovos-news.openvoiceos,"global_news.intent","Há alguma notícia de última hora mundialmente?"
skill-ovos-news.openvoiceos,"global_news.intent","Há alguma notícia importante global?"
skill-ovos-news.openvoiceos,"global_news.intent","Há alguma notícia importante internacional?"
skill-ovos-news.openvoiceos,"global_news.intent","Há alguma notícia importante mundial?"
skill-ovos-news.openvoiceos,"global_news.intent","Me dê uma atualização de notícias do mundo"
skill-ovos-news.openvoiceos,"global_news.intent","Me dê uma atualização de notícias globais"
skill-ovos-news.openvoiceos,"global_news.intent","Me dê uma atualização de notícias internacionais"
skill-ovos-news.openvoiceos,"global_news.intent","Me dê uma atualização de notícias mundiais"
skill-ovos-news.openvoiceos,"global_news.intent","O que aconteceu ao redor do mundo?"
skill-ovos-news.openvoiceos,"global_news.intent","O que aconteceu internacionalmente?"
skill-ovos-news.openvoiceos,"global_news.intent","O que aconteceu no mundo?"
skill-ovos-news.openvoiceos,"global_news.intent","Qual é a última notícia global"
skill-ovos-news.openvoiceos,"global_news.intent","Qual é a última notícia internacional"
skill-ovos-news.openvoiceos,"global_news.intent","Qual é a última notícia mundial"
skill-ovos-news.openvoiceos,"global_news.intent","coloque notícias do mundo"
skill-ovos-news.openvoiceos,"global_news.intent","coloque notícias globais"
skill-ovos-news.openvoiceos,"global_news.intent","coloque notícias internacionais"
skill-ovos-news.openvoiceos,"global_news.intent","coloque notícias mundiais"
skill-ovos-news.openvoiceos,"global_news.intent","me dê notícias do mundo"
skill-ovos-news.openvoiceos,"global_news.intent","me dê notícias globais"
skill-ovos-news.openvoiceos,"global_news.intent","me dê notícias internacionais"
skill-ovos-news.openvoiceos,"global_news.intent","me dê notícias mundiais"
skill-ovos-news.openvoiceos,"global_news.intent","quero notícias do mundo"
skill-ovos-news.openvoiceos,"global_news.intent","quero notícias globais"
skill-ovos-news.openvoiceos,"global_news.intent","quero notícias internacionais"
skill-ovos-news.openvoiceos,"global_news.intent","quero notícias mundiais"
skill-ovos-news.openvoiceos,"global_news.intent","reproduza notícias do mundo"
skill-ovos-news.openvoiceos,"global_news.intent","reproduza notícias globais"
skill-ovos-news.openvoiceos,"global_news.intent","reproduza notícias internacionais"
skill-ovos-news.openvoiceos,"global_news.intent","reproduza notícias mundiais"
skill-ovos-news.openvoiceos,"global_news.intent","últimas notícias do mundo"
skill-ovos-news.openvoiceos,"global_news.intent","últimas notícias globais"
skill-ovos-news.openvoiceos,"global_news.intent","últimas notícias internacionais"
skill-ovos-news.openvoiceos,"global_news.intent","últimas notícias mundiais"
skill-ovos-news.openvoiceos,"news.intent","alguma notícia de última hora"
skill-ovos-news.openvoiceos,"news.intent","alguma notícia de última hora local"
skill-ovos-news.openvoiceos,"news.intent","alguma notícia de última hora regional"
skill-ovos-news.openvoiceos,"news.intent","atualize-me com  notícias"
skill-ovos-news.openvoiceos,"news.intent","atualize-me com  notícias de última hora"
skill-ovos-news.openvoiceos,"news.intent","atualize-me com as notícias"
skill-ovos-news.openvoiceos,"news.intent","atualize-me com as notícias de última hora"
skill-ovos-news.openvoiceos,"news.intent","atualize-me sobre  notícias"
skill-ovos-news.openvoiceos,"news.intent","atualize-me sobre as notícias"
skill-ovos-news.openvoiceos,"news.intent","coloque  notícias"
skill-ovos-news.openvoiceos,"news.intent","coloque  notícias de última hora"
skill-ovos-news.openvoiceos,"news.intent","coloque as notícias"
skill-ovos-news.openvoiceos,"news.intent","coloque as notícias de última hora"
skill-ovos-news.openvoiceos,"news.intent","coloque as notícias do dia"
skill-ovos-news.openvoiceos,"news.intent","conte-me  notícias"
skill-ovos-news.openvoiceos,"news.intent","conte-me  notícias de última hora"
skill-ovos-news.openvoiceos,"news.intent","conte-me as notícias"
skill-ovos-news.openvoiceos,"news.intent","conte-me as notícias de última hora"
skill-ovos-news.openvoiceos,"news.intent","diga-me  notícias"
skill-ovos-news.openvoiceos,"news.intent","diga-me  notícias de última hora"
skill-ovos-news.openvoiceos,"news.intent","diga-me as notícias"
skill-ovos-news.openvoiceos,"news.intent","diga-me as notícias de última hora"
skill-ovos-news.openvoiceos,"news.intent","diz  notícias"
skill-ovos-news.openvoiceos,"news.intent","diz  notícias de última hora"
skill-ovos-news.openvoiceos,"news.intent","diz as notícias"
skill-ovos-news.openvoiceos,"news.intent","diz as notícias de última hora"
skill-ovos-news.openvoiceos,"news.intent","diz-me  notícias"
skill-ovos-news.openvoiceos,"news.intent","diz-me  notícias de última hora"
skill-ovos-news.openvoiceos,"news.intent","diz-me as notícias"
skill-ovos-news.openvoiceos,"news.intent","diz-me as notícias de hoje"
skill-ovos-news.openvoiceos,"news.intent","diz-me as notícias de hoje locais"
skill-ovos-news.openvoiceos,"news.intent","diz-me as notícias de hoje regionais"
skill-ovos-news.openvoiceos,"news.intent","diz-me as notícias de última hora"
skill-ovos-news.openvoiceos,"news.intent","dê-me um resumo das notícias"
skill-ovos-news.openvoiceos,"news.intent","explique-me as notícias de hoje"
skill-ovos-news.openvoiceos,"news.intent","gostaria de ouvir  notícias"
skill-ovos-news.openvoiceos,"news.intent","gostaria de ouvir as notícias"
skill-ovos-news.openvoiceos,"news.intent","gostaria de ouvir as notícias de última hora"
skill-ovos-news.openvoiceos,"news.intent","informe-me  notícias"
skill-ovos-news.openvoiceos,"news.intent","informe-me  notícias de última hora"
skill-ovos-news.openvoiceos,"news.intent","informe-me as notícias"
skill-ovos-news.openvoiceos,"news.intent","informe-me as notícias de última hora"
skill-ovos-news.openvoiceos,"news.intent","leia-me as notícias de hoje"
skill-ovos-news.openvoiceos,"news.intent","manchetes das notícias"
skill-ovos-news.openvoiceos,"news.intent","manchetes das notícias de última hora"
skill-ovos-news.openvoiceos,"news.intent","me diga as notícias de hoje"
skill-ovos-news.openvoiceos,"news.intent","notícias de última hora"
skill-ovos-news.openvoiceos,"news.intent","o que dizem as notícias"
skill-ovos-news.openvoiceos,"news.intent","o que está a acontecer nas notícias"
skill-ovos-news.openvoiceos,"news.intent","o que está a acontecer nas notícias de última hora"
skill-ovos-news.openvoiceos,"news.intent","o que tem nas notícias"
skill-ovos-news.openvoiceos,"news.intent","o que tem nas notícias de última hora"
skill-ovos-news.openvoiceos,"news.intent","ouvir  notícias"
skill-ovos-news.openvoiceos,"news.intent","ouvir as notícias"
skill-ovos-news.openvoiceos,"news.intent","pode ler as notícias"
skill-ovos-news.openvoiceos,"news.intent","pode me ler as notícias"
skill-ovos-news.openvoiceos,"news.intent","podes ler as notícias"
skill-ovos-news.openvoiceos,"news.intent","preciso ouvir as notícias"
skill-ovos-news.openvoiceos,"news.intent","preciso ouvir as notícias de última hora"
skill-ovos-news.openvoiceos,"news.intent","preciso saber  notícias"
skill-ovos-news.openvoiceos,"news.intent","preciso saber as notícias"
skill-ovos-news.openvoiceos,"news.intent","põe  notícias"
skill-ovos-news.openvoiceos,"news.intent","põe  notícias de última hora"
skill-ovos-news.openvoiceos,"news.intent","põe as notícias"
skill-ovos-news.openvoiceos,"news.intent","põe as notícias de última hora"
skill-ovos-news.openvoiceos,"news.intent","quais são notícias"
skill-ovos-news.openvoiceos,"news.intent","quais são notícias de última hora"
skill-ovos-news.openvoiceos,"news.intent","qualquer notícia de última hora"
skill-ovos-news.openvoiceos,"news.intent","quero ouvir as notícias"
skill-ovos-news.openvoiceos,"news.intent","quero ouvir as notícias de última hora"
skill-ovos-news.openvoiceos,"news.intent","relatório de notícias"
skill-ovos-news.openvoiceos,"news.intent","relatório de notícias de última hora"
skill-ovos-news.openvoiceos,"news.intent","reproduzir  notícias"
skill-ovos-news.openvoiceos,"news.intent","reproduzir as notícias"
skill-ovos-news.openvoiceos,"news.intent","toque  notícias"
skill-ovos-news.openvoiceos,"news.intent","toque  notícias de última hora"
skill-ovos-news.openvoiceos,"news.intent","toque as notícias"
skill-ovos-news.openvoiceos,"news.intent","toque as notícias de última hora"
skill-ovos-news.openvoiceos,"news.intent","títulos das notícias"
skill-ovos-news.openvoiceos,"news.intent","títulos das notícias de última hora"
skill-ovos-news.openvoiceos,"news.intent","você pode ler as notícias"
skill-ovos-news.openvoiceos,"news.intent","últimas notícias"
skill-ovos-volume.openvoiceos,"volume.default.intent","nível de volume padrão"
skill-ovos-volume.openvoiceos,"volume.default.intent","volume padrão"
skill-ovos-volume.openvoiceos,"volume.default.intent","definir o volume para o padrão"
skill-ovos-volume.openvoiceos,"volume.default.intent","meio volume"
skill-ovos-volume.openvoiceos,"volume.default.intent","repor volume"
skill-ovos-volume.openvoiceos,"volume.default.intent","restaura o volume"
skill-ovos-volume.openvoiceos,"volume.default.intent","volume médio"
skill-ovos-volume.openvoiceos,"volume.default.intent","volume padrão"
skill-ovos-volume.openvoiceos,"volume.mute.toggle.intent","Alternar áudio"
skill-ovos-volume.openvoiceos,"volume.mute.toggle.intent","alternar áudio"
skill-ovos-volume.openvoiceos,"volume.max.intent","definir o nível de volume para o máximo"
skill-ovos-volume.openvoiceos,"volume.max.intent","nível de volume definido para o máximo"
skill-ovos-volume.openvoiceos,"volume.max.intent","volume ao máximo"
skill-ovos-volume.openvoiceos,"volume.max.intent","volume no máximo"
skill-ovos-volume.openvoiceos,"volume.max.intent","volume máximo"
skill-ovos-volume.openvoiceos,"volume.max.intent","volume superior"
skill-ovos-volume.openvoiceos,"volume.low.intent","nível de volume baixo"
skill-ovos-volume.openvoiceos,"volume.low.intent","nível de volume para baixo"
skill-ovos-volume.openvoiceos,"volume.low.intent","volume baixo"
skill-ovos-volume.openvoiceos,"volume.low.intent","volume para baixo"
skill-ovos-volume.openvoiceos,"volume.unmute.intent","ativar o som"
skill-ovos-volume.openvoiceos,"volume.unmute.intent","ativar volume"
skill-ovos-volume.openvoiceos,"volume.unmute.intent","ativar áudio"
skill-ovos-volume.openvoiceos,"volume.high.intent","alto volume"
skill-ovos-volume.openvoiceos,"volume.high.intent","nível de volume alto"
skill-ovos-volume.openvoiceos,"volume.high.intent","nível de volume para alto"
skill-ovos-volume.openvoiceos,"volume.high.intent","volume alto"
skill-ovos-volume.openvoiceos,"volume.high.intent","volume para alto"
skill-ovos-volume.openvoiceos,"volume.high.intent","volume para alto nível"
skill-ovos-volume.openvoiceos,"volume.mute.intent","silenciar o volume"
skill-ovos-volume.openvoiceos,"volume.mute.intent","volume mudo"
skill-ovos-volume.openvoiceos,"volume.mute.intent","áudio mudo"
skill-ovos-weather.openvoiceos,"do.i.need.an.umbrella.intent","devo levar um casaco de chuva"
skill-ovos-weather.openvoiceos,"do.i.need.an.umbrella.intent","devo levar um guarda-chuva"
skill-ovos-weather.openvoiceos,"do.i.need.an.umbrella.intent","preciso de um guarda-chuva"
skill-ovos-weather.openvoiceos,"do.i.need.an.umbrella.intent","preciso de uma capa de chuva"
skill-ovos-wikipedia.openvoiceos,"wikiroulette.intent","abrir wiki aleatória"
skill-ovos-wikipedia.openvoiceos,"wikiroulette.intent","abrir wiki roleta"
skill-ovos-wikipedia.openvoiceos,"wikiroulette.intent","abrir wikipedia aleatória"
skill-ovos-wikipedia.openvoiceos,"wikiroulette.intent","abrir wikipedia roleta"
skill-ovos-wikipedia.openvoiceos,"wikiroulette.intent","jogar wiki roleta"
skill-ovos-wikipedia.openvoiceos,"wikiroulette.intent","jogar wikipedia roleta"
skill-ovos-wikipedia.openvoiceos,"wikiroulette.intent","mostrar wiki aleatória"
skill-ovos-wikipedia.openvoiceos,"wikiroulette.intent","mostrar wiki roleta"
skill-ovos-wikipedia.openvoiceos,"wikiroulette.intent","mostrar wikipedia aleatória"
skill-ovos-wikipedia.openvoiceos,"wikiroulette.intent","mostrar wikipedia roleta"
skill-ovos-wikipedia.openvoiceos,"wikiroulette.intent","página wiki aleatória"
skill-ovos-wikipedia.openvoiceos,"wikiroulette.intent","página wikipedia aleatória"
skill-ovos-wikipedia.openvoiceos,"wikiroulette.intent","wiki aleatória"
skill-ovos-wikipedia.openvoiceos,"wikiroulette.intent","wiki roleta"
skill-ovos-wikipedia.openvoiceos,"wikiroulette.intent","wikipedia aleatória"
skill-ovos-wikipedia.openvoiceos,"wikiroulette.intent","wikipedia roleta"
skill-ovos-wikipedia.openvoiceos,"wiki.intent","o que diz  wiki sobre {query}"
skill-ovos-wikipedia.openvoiceos,"wiki.intent","o que diz  wikipedia sobre {query}"
skill-ovos-wikipedia.openvoiceos,"wiki.intent","o que diz a wiki sobre {query}"
skill-ovos-wikipedia.openvoiceos,"wiki.intent","o que diz a wikipedia sobre {query}"
skill-ovos-wikipedia.openvoiceos,"wiki.intent","procura wiki por {query}"
skill-ovos-wikipedia.openvoiceos,"wiki.intent","procura wiki sobre {query}"
skill-ovos-wikipedia.openvoiceos,"wiki.intent","procura wikipedia por {query}"
skill-ovos-wikipedia.openvoiceos,"wiki.intent","procura wikipedia sobre {query}"
skill-ovos-wikipedia.openvoiceos,"wiki.intent","procurar wiki por {query}"
skill-ovos-wikipedia.openvoiceos,"wiki.intent","procurar wiki sobre {query}"
skill-ovos-wikipedia.openvoiceos,"wiki.intent","procurar wikipedia por {query}"
skill-ovos-wikipedia.openvoiceos,"wiki.intent","procurar wikipedia sobre {query}"
skill-ovos-wikipedia.openvoiceos,"wiki.intent","wiki {query}"
skill-ovos-wikipedia.openvoiceos,"wiki.intent","wikipedia {query}"
skill-ovos-wolfie.openvoiceos,"search_wolfie.intent","pergunta ao lobo {query}"