domain,intent,utterance
ovos-skill-alerts.openvoiceos,"missed_alerts.intent","que alarma perdín"
ovos-skill-alerts.openvoiceos,"missed_alerts.intent","que alarmas perdín"
ovos-skill-alerts.openvoiceos,"missed_alerts.intent","que alerta perdín"
ovos-skill-alerts.openvoiceos,"missed_alerts.intent","que alertas perdín"
ovos-skill-alerts.openvoiceos,"missed_alerts.intent","que evento perdín"
ovos-skill-alerts.openvoiceos,"missed_alerts.intent","que eventos perdín"
ovos-skill-alerts.openvoiceos,"missed_alerts.intent","que lembrete perdín"
ovos-skill-alerts.openvoiceos,"missed_alerts.intent","que lembretes perdín"
ovos-skill-alerts.openvoiceos,"missed_alerts.intent","que temporizador perdín"
ovos-skill-alerts.openvoiceos,"missed_alerts.intent","que temporizadores perdín"
ovos-skill-alerts.openvoiceos,"missed_alerts.intent","perdín algunhas alarma"
ovos-skill-alerts.openvoiceos,"missed_alerts.intent","perdín algunhas alarmas"
ovos-skill-alerts.openvoiceos,"missed_alerts.intent","perdín algunhas alerta"
ovos-skill-alerts.openvoiceos,"missed_alerts.intent","perdín algunhas alertas"
ovos-skill-alerts.openvoiceos,"missed_alerts.intent","perdín algunhas evento"
ovos-skill-alerts.openvoiceos,"missed_alerts.intent","perdín algunhas eventos"
ovos-skill-alerts.openvoiceos,"missed_alerts.intent","perdín algunhas lembrete"
ovos-skill-alerts.openvoiceos,"missed_alerts.intent","perdín algunhas lembretes"
ovos-skill-alerts.openvoiceos,"missed_alerts.intent","perdín algunhas temporizador"
ovos-skill-alerts.openvoiceos,"missed_alerts.intent","perdín algunhas temporizadores"
ovos-skill-alerts.openvoiceos,"missed_alerts.intent","perdín algúns alarma"
ovos-skill-alerts.openvoiceos,"missed_alerts.intent","perdín algúns alarmas"
ovos-skill-alerts.openvoiceos,"missed_alerts.intent","perdín algúns alerta"
ovos-skill-alerts.openvoiceos,"missed_alerts.intent","perdín algúns alertas"
ovos-skill-alerts.openvoiceos,"missed_alerts.intent","perdín algúns evento"
ovos-skill-alerts.openvoiceos,"missed_alerts.intent","perdín algúns eventos"
ovos-skill-alerts.openvoiceos,"missed_alerts.intent","perdín algúns lembrete"
ovos-skill-alerts.openvoiceos,"missed_alerts.intent","perdín algúns lembretes"
ovos-skill-alerts.openvoiceos,"missed_alerts.intent","perdín algúns temporizador"
ovos-skill-alerts.openvoiceos,"missed_alerts.intent","perdín algúns temporizadores"
ovos-skill-alerts.openvoiceos,"missed_alerts.intent","perdín un alarma"
ovos-skill-alerts.openvoiceos,"missed_alerts.intent","perdín un alarmas"
ovos-skill-alerts.openvoiceos,"missed_alerts.intent","perdín un alerta"
ovos-skill-alerts.openvoiceos,"missed_alerts.intent","perdín un alertas"
ovos-skill-alerts.openvoiceos,"missed_alerts.intent","perdín un evento"
ovos-skill-alerts.openvoiceos,"missed_alerts.intent","perdín un eventos"
ovos-skill-alerts.openvoiceos,"missed_alerts.intent","perdín un lembrete"
ovos-skill-alerts.openvoiceos,"missed_alerts.intent","perdín un lembretes"
ovos-skill-alerts.openvoiceos,"missed_alerts.intent","perdín un temporizador"
ovos-skill-alerts.openvoiceos,"missed_alerts.intent","perdín un temporizadores"
ovos-skill-alerts.openvoiceos,"missed_alerts.intent","perdín unha alarma"
ovos-skill-alerts.openvoiceos,"missed_alerts.intent","perdín unha alarmas"
ovos-skill-alerts.openvoiceos,"missed_alerts.intent","perdín unha alerta"
ovos-skill-alerts.openvoiceos,"missed_alerts.intent","perdín unha alertas"
ovos-skill-alerts.openvoiceos,"missed_alerts.intent","perdín unha evento"
ovos-skill-alerts.openvoiceos,"missed_alerts.intent","perdín unha eventos"
ovos-skill-alerts.openvoiceos,"missed_alerts.intent","perdín unha lembrete"
ovos-skill-alerts.openvoiceos,"missed_alerts.intent","perdín unha lembretes"
ovos-skill-alerts.openvoiceos,"missed_alerts.intent","perdín unha temporizador"
ovos-skill-alerts.openvoiceos,"missed_alerts.intent","perdín unha temporizadores"
ovos-skill-alerts.openvoiceos,"missed_alerts.intent","perdín algunhas alarma"
ovos-skill-alerts.openvoiceos,"missed_alerts.intent","perdín algunhas alarmas"
ovos-skill-alerts.openvoiceos,"missed_alerts.intent","perdín algunhas alerta"
ovos-skill-alerts.openvoiceos,"missed_alerts.intent","perdín algunhas alertas"
ovos-skill-alerts.openvoiceos,"missed_alerts.intent","perdín algunhas evento"
ovos-skill-alerts.openvoiceos,"missed_alerts.intent","perdín algunhas eventos"
ovos-skill-alerts.openvoiceos,"missed_alerts.intent","perdín algunhas lembrete"
ovos-skill-alerts.openvoiceos,"missed_alerts.intent","perdín algunhas lembretes"
ovos-skill-alerts.openvoiceos,"missed_alerts.intent","perdín algunhas temporizador"
ovos-skill-alerts.openvoiceos,"missed_alerts.intent","perdín algunhas temporizadores"
ovos-skill-alerts.openvoiceos,"missed_alerts.intent","perdín algúns alarma"
ovos-skill-alerts.openvoiceos,"missed_alerts.intent","perdín algúns alarmas"
ovos-skill-alerts.openvoiceos,"missed_alerts.intent","perdín algúns alerta"
ovos-skill-alerts.openvoiceos,"missed_alerts.intent","perdín algúns alertas"
ovos-skill-alerts.openvoiceos,"missed_alerts.intent","perdín algúns evento"
ovos-skill-alerts.openvoiceos,"missed_alerts.intent","perdín algúns eventos"
ovos-skill-alerts.openvoiceos,"missed_alerts.intent","perdín algúns lembrete"
ovos-skill-alerts.openvoiceos,"missed_alerts.intent","perdín algúns lembretes"
ovos-skill-alerts.openvoiceos,"missed_alerts.intent","perdín algúns temporizador"
ovos-skill-alerts.openvoiceos,"missed_alerts.intent","perdín algúns temporizadores"
ovos-skill-alerts.openvoiceos,"missed_alerts.intent","perdín un alarma"
ovos-skill-alerts.openvoiceos,"missed_alerts.intent","perdín un alarmas"
ovos-skill-alerts.openvoiceos,"missed_alerts.intent","perdín un alerta"
ovos-skill-alerts.openvoiceos,"missed_alerts.intent","perdín un alertas"
ovos-skill-alerts.openvoiceos,"missed_alerts.intent","perdín un evento"
ovos-skill-alerts.openvoiceos,"missed_alerts.intent","perdín un eventos"
ovos-skill-alerts.openvoiceos,"missed_alerts.intent","perdín un lembrete"
ovos-skill-alerts.openvoiceos,"missed_alerts.intent","perdín un lembretes"
ovos-skill-alerts.openvoiceos,"missed_alerts.intent","perdín un temporizador"
ovos-skill-alerts.openvoiceos,"missed_alerts.intent","perdín un temporizadores"
ovos-skill-alerts.openvoiceos,"missed_alerts.intent","perdín unha alarma"
ovos-skill-alerts.openvoiceos,"missed_alerts.intent","perdín unha alarmas"
ovos-skill-alerts.openvoiceos,"missed_alerts.intent","perdín unha alerta"
ovos-skill-alerts.openvoiceos,"missed_alerts.intent","perdín unha alertas"
ovos-skill-alerts.openvoiceos,"missed_alerts.intent","perdín unha evento"
ovos-skill-alerts.openvoiceos,"missed_alerts.intent","perdín unha eventos"
ovos-skill-alerts.openvoiceos,"missed_alerts.intent","perdín unha lembrete"
ovos-skill-alerts.openvoiceos,"missed_alerts.intent","perdín unha lembretes"
ovos-skill-alerts.openvoiceos,"missed_alerts.intent","perdín unha temporizador"
ovos-skill-alerts.openvoiceos,"missed_alerts.intent","perdín unha temporizadores"
ovos-skill-confucius-quotes.openvoiceos,"who.intent","¿Quién es Confucio?"
ovos-skill-confucius-quotes.openvoiceos,"who.intent","¿Quién fue Confucio?"
ovos-skill-days-in-history.openvoiceos,"deaths_in_history.intent","quen morreu hoxe na historia"
ovos-skill-days-in-history.openvoiceos,"births_in_history.intent","quen naceu hoxe na historia"
ovos-skill-days-in-history.openvoiceos,"today_in_history.intent","cóntame que  aconteceron este día"
ovos-skill-days-in-history.openvoiceos,"today_in_history.intent","cóntame que  aconteceron este día na historia"
ovos-skill-days-in-history.openvoiceos,"today_in_history.intent","cóntame que  aconteceron hoxe"
ovos-skill-days-in-history.openvoiceos,"today_in_history.intent","cóntame que  aconteceron hoxe na historia"
ovos-skill-days-in-history.openvoiceos,"today_in_history.intent","cóntame que  aconteceron nesta data"
ovos-skill-days-in-history.openvoiceos,"today_in_history.intent","cóntame que  aconteceron nesta data na historia"
ovos-skill-days-in-history.openvoiceos,"today_in_history.intent","cóntame que acontecementos históricos aconteceron este día"
ovos-skill-days-in-history.openvoiceos,"today_in_history.intent","cóntame que acontecementos históricos aconteceron este día na historia"
ovos-skill-days-in-history.openvoiceos,"today_in_history.intent","cóntame que acontecementos históricos aconteceron hoxe"
ovos-skill-days-in-history.openvoiceos,"today_in_history.intent","cóntame que acontecementos históricos aconteceron hoxe na historia"
ovos-skill-days-in-history.openvoiceos,"today_in_history.intent","cóntame que acontecementos históricos aconteceron nesta data"
ovos-skill-days-in-history.openvoiceos,"today_in_history.intent","cóntame que acontecementos históricos aconteceron nesta data na historia"
ovos-skill-days-in-history.openvoiceos,"today_in_history.intent","dime que  aconteceron este día"
ovos-skill-days-in-history.openvoiceos,"today_in_history.intent","dime que  aconteceron este día na historia"
ovos-skill-days-in-history.openvoiceos,"today_in_history.intent","dime que  aconteceron hoxe"
ovos-skill-days-in-history.openvoiceos,"today_in_history.intent","dime que  aconteceron hoxe na historia"
ovos-skill-days-in-history.openvoiceos,"today_in_history.intent","dime que  aconteceron nesta data"
ovos-skill-days-in-history.openvoiceos,"today_in_history.intent","dime que  aconteceron nesta data na historia"
ovos-skill-days-in-history.openvoiceos,"today_in_history.intent","dime que acontecementos históricos aconteceron este día"
ovos-skill-days-in-history.openvoiceos,"today_in_history.intent","dime que acontecementos históricos aconteceron este día na historia"
ovos-skill-days-in-history.openvoiceos,"today_in_history.intent","dime que acontecementos históricos aconteceron hoxe"
ovos-skill-days-in-history.openvoiceos,"today_in_history.intent","dime que acontecementos históricos aconteceron hoxe na historia"
ovos-skill-days-in-history.openvoiceos,"today_in_history.intent","dime que acontecementos históricos aconteceron nesta data"
ovos-skill-days-in-history.openvoiceos,"today_in_history.intent","dime que acontecementos históricos aconteceron nesta data na historia"
ovos-skill-days-in-history.openvoiceos,"today_in_history.intent","cóntame que  aconteceron o {date}"
ovos-skill-days-in-history.openvoiceos,"today_in_history.intent","cóntame que  aconteceron o {date} na historia"
ovos-skill-days-in-history.openvoiceos,"today_in_history.intent","cóntame que acontecementos históricos aconteceron o {date}"
ovos-skill-days-in-history.openvoiceos,"today_in_history.intent","cóntame que acontecementos históricos aconteceron o {date} na historia"
ovos-skill-days-in-history.openvoiceos,"today_in_history.intent","dime que  aconteceron o {date}"
ovos-skill-days-in-history.openvoiceos,"today_in_history.intent","dime que  aconteceron o {date} na historia"
ovos-skill-days-in-history.openvoiceos,"today_in_history.intent","dime que acontecementos históricos aconteceron o {date}"
ovos-skill-days-in-history.openvoiceos,"today_in_history.intent","dime que acontecementos históricos aconteceron o {date} na historia"
ovos-skill-days-in-history.openvoiceos,"today_in_history.intent","este día na historia"
ovos-skill-days-in-history.openvoiceos,"today_in_history.intent","hoxe na historia"
ovos-skill-days-in-history.openvoiceos,"today_in_history.intent","nesta data na historia"
ovos-skill-diagnostics.openvoiceos,"query_primary_lang.intent","cal é a túa lingua predeterminada"
ovos-skill-diagnostics.openvoiceos,"query_primary_lang.intent","cal é o idioma do teu sistema"
ovos-skill-diagnostics.openvoiceos,"query_primary_lang.intent","cal é o teu idioma por defecto"
ovos-skill-diagnostics.openvoiceos,"query_primary_lang.intent","cal é o teu idioma principal"
ovos-skill-diagnostics.openvoiceos,"query_primary_lang.intent","dime  o teu idioma"
ovos-skill-diagnostics.openvoiceos,"query_primary_lang.intent","dime cal é o teu idioma"
ovos-skill-diagnostics.openvoiceos,"query_primary_lang.intent","dime  o teu idioma principal"
ovos-skill-diagnostics.openvoiceos,"query_primary_lang.intent","dime cal é o teu idioma principal"
ovos-skill-diagnostics.openvoiceos,"query_primary_lang.intent","en que idioma estás configurado"
ovos-skill-diagnostics.openvoiceos,"query_primary_lang.intent","que lingua estás a usar"
ovos-skill-diagnostics.openvoiceos,"query_ovos_location.intent","cal é a túa localización"
ovos-skill-diagnostics.openvoiceos,"query_ovos_location.intent","cal é a túa localización actual"
ovos-skill-diagnostics.openvoiceos,"query_ovos_location.intent","dime a túa localización"
ovos-skill-diagnostics.openvoiceos,"query_ovos_location.intent","onde estás"
ovos-skill-diagnostics.openvoiceos,"query_langs.intent","cales linguas entendes"
ovos-skill-diagnostics.openvoiceos,"query_langs.intent","cales linguas falas"
ovos-skill-diagnostics.openvoiceos,"query_langs.intent","que linguas entendes"
ovos-skill-diagnostics.openvoiceos,"query_langs.intent","que linguas falas"
ovos-skill-diagnostics.openvoiceos,"query_langs.intent","cales son os idiomas dispoñibles"
ovos-skill-diagnostics.openvoiceos,"query_langs.intent","cales son os idiomas do teu sistema"
ovos-skill-diagnostics.openvoiceos,"query_langs.intent","dime todas as túas linguas"
ovos-skill-diagnostics.openvoiceos,"query_langs.intent","enumera as túas linguas"
ovos-skill-diagnostics.openvoiceos,"query_langs.intent","enumera as túas linguas compatibles"
ovos-skill-diagnostics.openvoiceos,"query_langs.intent","enumera as túas linguas dispoñibles"
ovos-skill-diagnostics.openvoiceos,"query_langs.intent","idiomas dispoñibles"
ovos-skill-diagnostics.openvoiceos,"query_langs.intent","que idiomas estás a usar"
ovos-skill-diagnostics.openvoiceos,"query_memory_usage.intent","cal é o uso da túa memoria"
ovos-skill-diagnostics.openvoiceos,"query_memory_usage.intent","canta memoria tes dispoñible"
ovos-skill-diagnostics.openvoiceos,"query_memory_usage.intent","canto RAM estás a usar"
ovos-skill-diagnostics.openvoiceos,"query_memory_usage.intent","diagnóstico de memoria"
ovos-skill-diagnostics.openvoiceos,"query_memory_usage.intent","dime o estado da túa memoria"
ovos-skill-diagnostics.openvoiceos,"query_memory_usage.intent","uso actual da memoria"
ovos-skill-diagnostics.openvoiceos,"query_extra_langs.intent","cales son os teus idiomas adicionais"
ovos-skill-diagnostics.openvoiceos,"query_extra_langs.intent","dime as túas linguas adicionais"
ovos-skill-diagnostics.openvoiceos,"query_extra_langs.intent","que outras linguas estás a usar"
ovos-skill-diagnostics.openvoiceos,"query_extra_langs.intent","que outras linguas tes"
ovos-skill-diagnostics.openvoiceos,"query_extra_langs.intent","tes linguas secundarias"
ovos-skill-diagnostics.openvoiceos,"query_cpu_usage.intent","cal é a carga da CPU"
ovos-skill-diagnostics.openvoiceos,"query_cpu_usage.intent","cal é o uso da túa CPU"
ovos-skill-diagnostics.openvoiceos,"query_cpu_usage.intent","canta CPU estás usando"
ovos-skill-diagnostics.openvoiceos,"query_cpu_usage.intent","canto do teu procesador está en uso"
ovos-skill-diagnostics.openvoiceos,"query_cpu_usage.intent","carga actual da CPU"
ovos-skill-diagnostics.openvoiceos,"query_cpu_usage.intent","diagnóstico da CPU"
ovos-skill-diagnostics.openvoiceos,"query_cpu_usage.intent","dime o uso da túa CPU"
ovos-skill-diagnostics.openvoiceos,"query_kernel_version.intent","cal é a versión do teu kernel"
ovos-skill-diagnostics.openvoiceos,"query_kernel_version.intent","dime a versión do teu kernel"
ovos-skill-diagnostics.openvoiceos,"query_kernel_version.intent","que kernel tes"
ovos-skill-diagnostics.openvoiceos,"query_kernel_version.intent","que versión do kernel estás usando"
ovos-skill-diagnostics.openvoiceos,"query_user_lang.intent","cal lingua estamos falando"
ovos-skill-diagnostics.openvoiceos,"query_user_lang.intent","cal lingua estamos usando"
ovos-skill-diagnostics.openvoiceos,"query_user_lang.intent","que lingua estamos falando"
ovos-skill-diagnostics.openvoiceos,"query_user_lang.intent","que lingua estamos usando"
ovos-skill-diagnostics.openvoiceos,"query_user_lang.intent","cal lingua estou falando"
ovos-skill-diagnostics.openvoiceos,"query_user_lang.intent","cal lingua estou usando"
ovos-skill-diagnostics.openvoiceos,"query_user_lang.intent","que lingua estou falando"
ovos-skill-diagnostics.openvoiceos,"query_user_lang.intent","que lingua estou usando"
ovos-skill-diagnostics.openvoiceos,"query_user_location.intent","cal é a miña localización"
ovos-skill-diagnostics.openvoiceos,"query_user_location.intent","cal é a miña localización actual"
ovos-skill-diagnostics.openvoiceos,"query_user_location.intent","dime a miña localización"
ovos-skill-diagnostics.openvoiceos,"query_user_location.intent","onde estou"
ovos-skill-diagnostics.openvoiceos,"query_gpu.intent","estás usando unha GPU"
ovos-skill-diagnostics.openvoiceos,"query_gpu.intent","hai unha GPU no teu sistema"
ovos-skill-diagnostics.openvoiceos,"query_gpu.intent","o teu sistema ten unha GPU"
ovos-skill-diagnostics.openvoiceos,"query_gpu.intent","tes unha GPU"
ovos-skill-dictation.openvoiceos,"start_dictation.intent","activar captura de texto"
ovos-skill-dictation.openvoiceos,"start_dictation.intent","activar ditado"
ovos-skill-dictation.openvoiceos,"start_dictation.intent","activar ditado co nome {name}"
ovos-skill-dictation.openvoiceos,"start_dictation.intent","activar gravación de voz para texto como {name}"
ovos-skill-dictation.openvoiceos,"start_dictation.intent","activar o ditado co nome {name}"
ovos-skill-dictation.openvoiceos,"start_dictation.intent","activar o modo de captura de texto"
ovos-skill-dictation.openvoiceos,"start_dictation.intent","activar o modo de ditado"
ovos-skill-dictation.openvoiceos,"start_dictation.intent","activar o modo de ditado para {name}"
ovos-skill-dictation.openvoiceos,"start_dictation.intent","activar o modo de transcrición de texto co nome {name}"
ovos-skill-dictation.openvoiceos,"start_dictation.intent","activar o modo voz para texto"
ovos-skill-dictation.openvoiceos,"start_dictation.intent","activar transcrición de texto"
ovos-skill-dictation.openvoiceos,"start_dictation.intent","activar transcrición de texto co nome {name}"
ovos-skill-dictation.openvoiceos,"start_dictation.intent","comeza a toma de notas"
ovos-skill-dictation.openvoiceos,"start_dictation.intent","comeza a toma de notas agora"
ovos-skill-dictation.openvoiceos,"start_dictation.intent","comeza a toma de notas co nome {name}"
ovos-skill-dictation.openvoiceos,"start_dictation.intent","comeza agora a toma de notas como {name}"
ovos-skill-dictation.openvoiceos,"start_dictation.intent","comezar a captura de texto"
ovos-skill-dictation.openvoiceos,"start_dictation.intent","comezar a captura de texto co nome {name}"
ovos-skill-dictation.openvoiceos,"start_dictation.intent","comezar a captura de texto como {name}"
ovos-skill-dictation.openvoiceos,"start_dictation.intent","comezar a conversión de voz para texto"
ovos-skill-dictation.openvoiceos,"start_dictation.intent","comezar a escribir texto"
ovos-skill-dictation.openvoiceos,"start_dictation.intent","comezar a escribir texto como {name}"
ovos-skill-dictation.openvoiceos,"start_dictation.intent","comezar a gardar palabras faladas"
ovos-skill-dictation.openvoiceos,"start_dictation.intent","comezar a gardar para texto"
ovos-skill-dictation.openvoiceos,"start_dictation.intent","comezar a gravar palabras como {name}"
ovos-skill-dictation.openvoiceos,"start_dictation.intent","comezar a gravar texto"
ovos-skill-dictation.openvoiceos,"start_dictation.intent","comezar a gravar texto como {name}"
ovos-skill-dictation.openvoiceos,"start_dictation.intent","comezar a recompilación de notas"
ovos-skill-dictation.openvoiceos,"start_dictation.intent","comezar a recompilación de notas co nome {name}"
ovos-skill-dictation.openvoiceos,"start_dictation.intent","comezar a toma de notas"
ovos-skill-dictation.openvoiceos,"start_dictation.intent","comezar a toma de notas agora"
ovos-skill-dictation.openvoiceos,"start_dictation.intent","comezar a toma de notas agora co nome {name}"
ovos-skill-dictation.openvoiceos,"start_dictation.intent","comezar a toma de notas co nome {name}"
ovos-skill-dictation.openvoiceos,"start_dictation.intent","comezar a toma de notas como {name}"
ovos-skill-dictation.openvoiceos,"start_dictation.intent","comezar a tomar notas"
ovos-skill-dictation.openvoiceos,"start_dictation.intent","comezar a tomar notas co nome {name}"
ovos-skill-dictation.openvoiceos,"start_dictation.intent","comezar a transcribir"
ovos-skill-dictation.openvoiceos,"start_dictation.intent","comezar a transcribir como {name}"
ovos-skill-dictation.openvoiceos,"start_dictation.intent","comezar a transcribir texto"
ovos-skill-dictation.openvoiceos,"start_dictation.intent","comezar captura de texto"
ovos-skill-dictation.openvoiceos,"start_dictation.intent","comezar captura de texto co nome {name}"
ovos-skill-dictation.openvoiceos,"start_dictation.intent","comezar creación da transcrición de texto"
ovos-skill-dictation.openvoiceos,"start_dictation.intent","comezar ditado"
ovos-skill-dictation.openvoiceos,"start_dictation.intent","comezar ditado co nome {name}"
ovos-skill-dictation.openvoiceos,"start_dictation.intent","comezar documentación textual"
ovos-skill-dictation.openvoiceos,"start_dictation.intent","comezar o ditado"
ovos-skill-dictation.openvoiceos,"start_dictation.intent","comezar o ditado co nome {name}"
ovos-skill-dictation.openvoiceos,"start_dictation.intent","comezar transcrición de texto co nome {name}"
ovos-skill-dictation.openvoiceos,"start_dictation.intent","comezar transcrición textual"
ovos-skill-dictation.openvoiceos,"start_dictation.intent","empezar a escribir a partir da voz"
ovos-skill-dictation.openvoiceos,"start_dictation.intent","empezar a escribir texto"
ovos-skill-dictation.openvoiceos,"start_dictation.intent","empezar a escribir texto como {name}"
ovos-skill-dictation.openvoiceos,"start_dictation.intent","empezar a gardar para texto"
ovos-skill-dictation.openvoiceos,"start_dictation.intent","empezar a gravar información verbal"
ovos-skill-dictation.openvoiceos,"start_dictation.intent","empezar a gravar texto"
ovos-skill-dictation.openvoiceos,"start_dictation.intent","empezar a gravar texto como {name}"
ovos-skill-dictation.openvoiceos,"start_dictation.intent","empezar a toma de notas textuais"
ovos-skill-dictation.openvoiceos,"start_dictation.intent","empezar a tomar notas"
ovos-skill-dictation.openvoiceos,"start_dictation.intent","empezar a tomar notas co nome {name}"
ovos-skill-dictation.openvoiceos,"start_dictation.intent","empezar a transcribir audio como {name}"
ovos-skill-dictation.openvoiceos,"start_dictation.intent","empezar a transcribir como {name}"
ovos-skill-dictation.openvoiceos,"start_dictation.intent","empezar a transcrición"
ovos-skill-dictation.openvoiceos,"start_dictation.intent","empezar a xeración de contidos textuais"
ovos-skill-dictation.openvoiceos,"start_dictation.intent","empezar captura de texto"
ovos-skill-dictation.openvoiceos,"start_dictation.intent","empezar captura de texto co nome {name}"
ovos-skill-dictation.openvoiceos,"start_dictation.intent","empezar o ditado"
ovos-skill-dictation.openvoiceos,"start_dictation.intent","empezar o ditado co nome {name}"
ovos-skill-dictation.openvoiceos,"start_dictation.intent","empezar o proceso de transcrición de texto"
ovos-skill-dictation.openvoiceos,"start_dictation.intent","grava agora texto como {name}"
ovos-skill-dictation.openvoiceos,"start_dictation.intent","grava texto agora"
ovos-skill-dictation.openvoiceos,"start_dictation.intent","grava texto agora co nome {name}"
ovos-skill-dictation.openvoiceos,"start_dictation.intent","grava texto co nome {name}"
ovos-skill-dictation.openvoiceos,"start_dictation.intent","gravar agora texto como {name}"
ovos-skill-dictation.openvoiceos,"start_dictation.intent","gravar texto"
ovos-skill-dictation.openvoiceos,"start_dictation.intent","gravar texto agora"
ovos-skill-dictation.openvoiceos,"start_dictation.intent","gravar texto agora co nome {name}"
ovos-skill-dictation.openvoiceos,"start_dictation.intent","gravar texto co nome {name}"
ovos-skill-dictation.openvoiceos,"start_dictation.intent","gravar texto como {name}"
ovos-skill-dictation.openvoiceos,"start_dictation.intent","habilitar a función de transcrición"
ovos-skill-dictation.openvoiceos,"start_dictation.intent","habilitar transcrición de texto"
ovos-skill-dictation.openvoiceos,"start_dictation.intent","habilitar transcrición de texto co nome {name}"
ovos-skill-dictation.openvoiceos,"start_dictation.intent","imos activar o modo de ditado"
ovos-skill-dictation.openvoiceos,"start_dictation.intent","imos comezar a gardar para texto"
ovos-skill-dictation.openvoiceos,"start_dictation.intent","imos comezar o ditado"
ovos-skill-dictation.openvoiceos,"start_dictation.intent","imos comezar o ditado co nome {name}"
ovos-skill-dictation.openvoiceos,"start_dictation.intent","imos empezar a gardar para texto"
ovos-skill-dictation.openvoiceos,"start_dictation.intent","imos empezar o ditado"
ovos-skill-dictation.openvoiceos,"start_dictation.intent","imos habilitar a transcrición de texto"
ovos-skill-dictation.openvoiceos,"start_dictation.intent","imos iniciar o ditado"
ovos-skill-dictation.openvoiceos,"start_dictation.intent","imos iniciar o ditado co nome {name}"
ovos-skill-dictation.openvoiceos,"start_dictation.intent","inicia a toma de notas agora"
ovos-skill-dictation.openvoiceos,"start_dictation.intent","inicia a toma de notas agora co nome {name}"
ovos-skill-dictation.openvoiceos,"start_dictation.intent","inicia a toma de notas como {name}"
ovos-skill-dictation.openvoiceos,"start_dictation.intent","inicia agora a toma de notas como {name}"
ovos-skill-dictation.openvoiceos,"start_dictation.intent","iniciar a captura de texto"
ovos-skill-dictation.openvoiceos,"start_dictation.intent","iniciar a captura de texto co nome {name}"
ovos-skill-dictation.openvoiceos,"start_dictation.intent","iniciar a captura de texto como {name}"
ovos-skill-dictation.openvoiceos,"start_dictation.intent","iniciar a conversión de voz para texto"
ovos-skill-dictation.openvoiceos,"start_dictation.intent","iniciar a gravación de texto"
ovos-skill-dictation.openvoiceos,"start_dictation.intent","iniciar a toma de notas"
ovos-skill-dictation.openvoiceos,"start_dictation.intent","iniciar a toma de notas agora"
ovos-skill-dictation.openvoiceos,"start_dictation.intent","iniciar a toma de notas agora co nome {name}"
ovos-skill-dictation.openvoiceos,"start_dictation.intent","iniciar a toma de notas co nome {name}"
ovos-skill-dictation.openvoiceos,"start_dictation.intent","iniciar a toma de notas como {name}"
ovos-skill-dictation.openvoiceos,"start_dictation.intent","iniciar a transcrición"
ovos-skill-dictation.openvoiceos,"start_dictation.intent","iniciar a transcrición como {name}"
ovos-skill-dictation.openvoiceos,"start_dictation.intent","iniciar captura de texto"
ovos-skill-dictation.openvoiceos,"start_dictation.intent","iniciar captura de texto co nome {name}"
ovos-skill-dictation.openvoiceos,"start_dictation.intent","iniciar conversión de voz para texto co nome {name}"
ovos-skill-dictation.openvoiceos,"start_dictation.intent","iniciar ditado"
ovos-skill-dictation.openvoiceos,"start_dictation.intent","iniciar ditado co nome {name}"
ovos-skill-dictation.openvoiceos,"start_dictation.intent","iniciar gravación de voz para texto"
ovos-skill-dictation.openvoiceos,"start_dictation.intent","iniciar o apuntamento de notas"
ovos-skill-dictation.openvoiceos,"start_dictation.intent","iniciar o ditado"
ovos-skill-dictation.openvoiceos,"start_dictation.intent","iniciar o ditado co nome {name}"
ovos-skill-dictation.openvoiceos,"start_dictation.intent","iniciar o ditado de texto"
ovos-skill-dictation.openvoiceos,"start_dictation.intent","iniciar o rexistro de notas"
ovos-skill-dictation.openvoiceos,"start_dictation.intent","podemos comezar a gardar para texto"
ovos-skill-dictation.openvoiceos,"start_dictation.intent","podemos comezar o ditado"
ovos-skill-dictation.openvoiceos,"start_dictation.intent","podemos comezar o ditado co nome {name}"
ovos-skill-dictation.openvoiceos,"start_dictation.intent","podes activar a transcrición de texto"
ovos-skill-dictation.openvoiceos,"start_dictation.intent","podes activar o modo de ditado"
ovos-skill-dictation.openvoiceos,"start_dictation.intent","podes comezar a gardar para texto"
ovos-skill-dictation.openvoiceos,"start_dictation.intent","podes comezar o ditado"
ovos-skill-dictation.openvoiceos,"start_dictation.intent","podes comezar o ditado co nome {name}"
ovos-skill-dictation.openvoiceos,"start_dictation.intent","podes empezar a gardar para texto"
ovos-skill-dictation.openvoiceos,"start_dictation.intent","podes iniciar o ditado"
ovos-skill-dictation.openvoiceos,"start_dictation.intent","podes iniciar o ditado co nome {name}"
ovos-skill-dictation.openvoiceos,"stop_dictation.intent","cancelar a captura de texto"
ovos-skill-dictation.openvoiceos,"stop_dictation.intent","cancelar a toma de notas"
ovos-skill-dictation.openvoiceos,"stop_dictation.intent","cancelar a transcrición"
ovos-skill-dictation.openvoiceos,"stop_dictation.intent","cancelar o ditado"
ovos-skill-dictation.openvoiceos,"stop_dictation.intent","desactivar a transcrición de texto"
ovos-skill-dictation.openvoiceos,"stop_dictation.intent","desactivar o ditado"
ovos-skill-dictation.openvoiceos,"stop_dictation.intent","desactivar o modo de ditado"
ovos-skill-dictation.openvoiceos,"stop_dictation.intent","finalizar a captura de texto"
ovos-skill-dictation.openvoiceos,"stop_dictation.intent","finalizar a toma de notas"
ovos-skill-dictation.openvoiceos,"stop_dictation.intent","finalizar a transcrición"
ovos-skill-dictation.openvoiceos,"stop_dictation.intent","finalizar o ditado"
ovos-skill-dictation.openvoiceos,"stop_dictation.intent","imos cancelar a captura de texto"
ovos-skill-dictation.openvoiceos,"stop_dictation.intent","imos cancelar a toma de notas"
ovos-skill-dictation.openvoiceos,"stop_dictation.intent","imos cancelar a transcrición"
ovos-skill-dictation.openvoiceos,"stop_dictation.intent","imos cancelar o ditado"
ovos-skill-dictation.openvoiceos,"stop_dictation.intent","imos desactivar a transcrición de texto"
ovos-skill-dictation.openvoiceos,"stop_dictation.intent","imos desactivar o ditado"
ovos-skill-dictation.openvoiceos,"stop_dictation.intent","imos desactivar o modo de ditado"
ovos-skill-dictation.openvoiceos,"stop_dictation.intent","imos finalizar a captura de texto"
ovos-skill-dictation.openvoiceos,"stop_dictation.intent","imos finalizar a toma de notas"
ovos-skill-dictation.openvoiceos,"stop_dictation.intent","imos finalizar a transcrición"
ovos-skill-dictation.openvoiceos,"stop_dictation.intent","imos finalizar o ditado"
ovos-skill-dictation.openvoiceos,"stop_dictation.intent","imos parar a captura de texto"
ovos-skill-dictation.openvoiceos,"stop_dictation.intent","imos parar a transcrición"
ovos-skill-dictation.openvoiceos,"stop_dictation.intent","imos parar de tomar notas"
ovos-skill-dictation.openvoiceos,"stop_dictation.intent","imos parar o ditado"
ovos-skill-dictation.openvoiceos,"stop_dictation.intent","imos rematar a captura de texto"
ovos-skill-dictation.openvoiceos,"stop_dictation.intent","imos rematar a toma de notas"
ovos-skill-dictation.openvoiceos,"stop_dictation.intent","imos rematar a transcrición"
ovos-skill-dictation.openvoiceos,"stop_dictation.intent","imos rematar o ditado"
ovos-skill-dictation.openvoiceos,"stop_dictation.intent","parar a captura de texto"
ovos-skill-dictation.openvoiceos,"stop_dictation.intent","parar a transcrición"
ovos-skill-dictation.openvoiceos,"stop_dictation.intent","parar de tomar notas"
ovos-skill-dictation.openvoiceos,"stop_dictation.intent","parar o ditado"
ovos-skill-dictation.openvoiceos,"stop_dictation.intent","podemos rematar a captura de texto"
ovos-skill-dictation.openvoiceos,"stop_dictation.intent","podemos rematar a toma de notas"
ovos-skill-dictation.openvoiceos,"stop_dictation.intent","podemos rematar a transcrición"
ovos-skill-dictation.openvoiceos,"stop_dictation.intent","podemos rematar o ditado"
ovos-skill-dictation.openvoiceos,"stop_dictation.intent","podes cancelar a captura de texto"
ovos-skill-dictation.openvoiceos,"stop_dictation.intent","podes cancelar a toma de notas"
ovos-skill-dictation.openvoiceos,"stop_dictation.intent","podes cancelar a transcrición"
ovos-skill-dictation.openvoiceos,"stop_dictation.intent","podes cancelar o ditado"
ovos-skill-dictation.openvoiceos,"stop_dictation.intent","podes desactivar a transcrición de texto"
ovos-skill-dictation.openvoiceos,"stop_dictation.intent","podes desactivar o ditado"
ovos-skill-dictation.openvoiceos,"stop_dictation.intent","podes desactivar o modo de ditado"
ovos-skill-dictation.openvoiceos,"stop_dictation.intent","podes parar a captura de texto"
ovos-skill-dictation.openvoiceos,"stop_dictation.intent","podes parar a transcrición"
ovos-skill-dictation.openvoiceos,"stop_dictation.intent","podes parar de tomar notas"
ovos-skill-dictation.openvoiceos,"stop_dictation.intent","podes parar o ditado"
ovos-skill-dictation.openvoiceos,"stop_dictation.intent","podes rematar a captura de texto"
ovos-skill-dictation.openvoiceos,"stop_dictation.intent","podes rematar a toma de notas"
ovos-skill-dictation.openvoiceos,"stop_dictation.intent","podes rematar a transcrición"
ovos-skill-dictation.openvoiceos,"stop_dictation.intent","podes rematar o ditado"
ovos-skill-dictation.openvoiceos,"stop_dictation.intent","rematar a captura de texto"
ovos-skill-dictation.openvoiceos,"stop_dictation.intent","rematar a toma de notas"
ovos-skill-dictation.openvoiceos,"stop_dictation.intent","rematar a transcrición"
ovos-skill-dictation.openvoiceos,"stop_dictation.intent","rematar o ditado"
ovos-skill-ip.openvoiceos,"what.ssid.intent","a que rede estás conectado"
ovos-skill-ip.openvoiceos,"what.ssid.intent","a que rede estás usando"
ovos-skill-ip.openvoiceos,"what.ssid.intent","a que rede wifi estás conectado"
ovos-skill-ip.openvoiceos,"what.ssid.intent","a que rede wifi estás usando"
ovos-skill-ip.openvoiceos,"what.ssid.intent","a que ssid estás conectado"
ovos-skill-ip.openvoiceos,"what.ssid.intent","a que ssid estás usando"
ovos-skill-ip.openvoiceos,"what.ssid.intent","a que wifi estás conectado"
ovos-skill-ip.openvoiceos,"what.ssid.intent","a que wifi estás usando"
ovos-skill-iss-location.openvoiceos,"where_iss.intent","cal é a posición da E E I"
ovos-skill-iss-location.openvoiceos,"where_iss.intent","cal é a posición da EEI"
ovos-skill-iss-location.openvoiceos,"where_iss.intent","cal é a posición da estación espacial"
ovos-skill-iss-location.openvoiceos,"where_iss.intent","cal é a posición da estación espacial internacional"
ovos-skill-iss-location.openvoiceos,"where_iss.intent","dime a posición da E E I"
ovos-skill-iss-location.openvoiceos,"where_iss.intent","dime a posición da EEI"
ovos-skill-iss-location.openvoiceos,"where_iss.intent","dime a posición da estación espacial"
ovos-skill-iss-location.openvoiceos,"where_iss.intent","dime a posición da estación espacial internacional"
ovos-skill-iss-location.openvoiceos,"where_iss.intent","onde fica a E E I"
ovos-skill-iss-location.openvoiceos,"where_iss.intent","onde fica a EEI"
ovos-skill-iss-location.openvoiceos,"where_iss.intent","onde fica a estación espacial"
ovos-skill-iss-location.openvoiceos,"where_iss.intent","onde fica a estación espacial internacional"
ovos-skill-iss-location.openvoiceos,"where_iss.intent","posición da E E I"
ovos-skill-iss-location.openvoiceos,"where_iss.intent","posición da EEI"
ovos-skill-iss-location.openvoiceos,"where_iss.intent","posición da estación espacial"
ovos-skill-iss-location.openvoiceos,"where_iss.intent","posición da estación espacial internacional"
ovos-skill-iss-location.openvoiceos,"when_iss.intent","cando vai estar a E E I enriba de min"
ovos-skill-iss-location.openvoiceos,"when_iss.intent","cando vai estar a E E I enriba de nós"
ovos-skill-iss-location.openvoiceos,"when_iss.intent","cando vai estar a E E I sobre min"
ovos-skill-iss-location.openvoiceos,"when_iss.intent","cando vai estar a E E I sobre nós"
ovos-skill-iss-location.openvoiceos,"when_iss.intent","cando vai estar a EEI enriba de min"
ovos-skill-iss-location.openvoiceos,"when_iss.intent","cando vai estar a EEI enriba de nós"
ovos-skill-iss-location.openvoiceos,"when_iss.intent","cando vai estar a EEI sobre min"
ovos-skill-iss-location.openvoiceos,"when_iss.intent","cando vai estar a EEI sobre nós"
ovos-skill-iss-location.openvoiceos,"when_iss.intent","cando vai estar a estación espacial  enriba de min"
ovos-skill-iss-location.openvoiceos,"when_iss.intent","cando vai estar a estación espacial  enriba de nós"
ovos-skill-iss-location.openvoiceos,"when_iss.intent","cando vai estar a estación espacial  sobre de min"
ovos-skill-iss-location.openvoiceos,"when_iss.intent","cando vai estar a estación espacial  sobre de nós"
ovos-skill-iss-location.openvoiceos,"when_iss.intent","cando vai estar a estación espacial internacional enriba de min"
ovos-skill-iss-location.openvoiceos,"when_iss.intent","cando vai estar a estación espacial internacional enriba de nós"
ovos-skill-iss-location.openvoiceos,"when_iss.intent","cando vai estar a estación espacial internacional sobre de min"
ovos-skill-iss-location.openvoiceos,"when_iss.intent","cando vai estar a estación espacial internacional sobre de nós"
ovos-skill-iss-location.openvoiceos,"when_iss.intent","cando vai pasar a E E I enriba de min"
ovos-skill-iss-location.openvoiceos,"when_iss.intent","cando vai pasar a E E I enriba de nós"
ovos-skill-iss-location.openvoiceos,"when_iss.intent","cando vai pasar a E E I por enriba de min"
ovos-skill-iss-location.openvoiceos,"when_iss.intent","cando vai pasar a E E I por enriba de nós"
ovos-skill-iss-location.openvoiceos,"when_iss.intent","cando vai pasar a E E I sobre min"
ovos-skill-iss-location.openvoiceos,"when_iss.intent","cando vai pasar a E E I sobre nós"
ovos-skill-iss-location.openvoiceos,"when_iss.intent","cando vai pasar a EEI enriba de min"
ovos-skill-iss-location.openvoiceos,"when_iss.intent","cando vai pasar a EEI enriba de nós"
ovos-skill-iss-location.openvoiceos,"when_iss.intent","cando vai pasar a EEI por enriba de min"
ovos-skill-iss-location.openvoiceos,"when_iss.intent","cando vai pasar a EEI por enriba de nós"
ovos-skill-iss-location.openvoiceos,"when_iss.intent","cando vai pasar a EEI sobre min"
ovos-skill-iss-location.openvoiceos,"when_iss.intent","cando vai pasar a EEI sobre nós"
ovos-skill-iss-location.openvoiceos,"when_iss.intent","cando vai pasar a estación espacial  enriba"
ovos-skill-iss-location.openvoiceos,"when_iss.intent","cando vai pasar a estación espacial  enriba de min"
ovos-skill-iss-location.openvoiceos,"when_iss.intent","cando vai pasar a estación espacial  enriba de nós"
ovos-skill-iss-location.openvoiceos,"when_iss.intent","cando vai pasar a estación espacial  por enriba"
ovos-skill-iss-location.openvoiceos,"when_iss.intent","cando vai pasar a estación espacial  por enriba de min"
ovos-skill-iss-location.openvoiceos,"when_iss.intent","cando vai pasar a estación espacial  por enriba de nós"
ovos-skill-iss-location.openvoiceos,"when_iss.intent","cando vai pasar a estación espacial internacional enriba"
ovos-skill-iss-location.openvoiceos,"when_iss.intent","cando vai pasar a estación espacial internacional enriba de min"
ovos-skill-iss-location.openvoiceos,"when_iss.intent","cando vai pasar a estación espacial internacional enriba de nós"
ovos-skill-iss-location.openvoiceos,"when_iss.intent","cando vai pasar a estación espacial internacional por enriba"
ovos-skill-iss-location.openvoiceos,"when_iss.intent","cando vai pasar a estación espacial internacional por enriba de min"
ovos-skill-iss-location.openvoiceos,"when_iss.intent","cando vai pasar a estación espacial internacional por enriba de nós"
ovos-skill-iss-location.openvoiceos,"about.intent","cóntame sobre a estación espacial"
ovos-skill-iss-location.openvoiceos,"about.intent","cóntame sobre a estación espacial internacional"
ovos-skill-iss-location.openvoiceos,"about.intent","fálame a estación espacial"
ovos-skill-iss-location.openvoiceos,"about.intent","fálame a estación espacial internacional"
ovos-skill-iss-location.openvoiceos,"about.intent","información sobre a estación espacial"
ovos-skill-iss-location.openvoiceos,"about.intent","información sobre a estación espacial internacional"
ovos-skill-iss-location.openvoiceos,"about.intent","que é a estación espacial"
ovos-skill-iss-location.openvoiceos,"about.intent","que é a estación espacial internacional"
ovos-skill-laugh.openvoiceos,"haunted.intent","Precisas dun exorcismo?"
ovos-skill-laugh.openvoiceos,"haunted.intent","Tes un meigallo?"
ovos-skill-laugh.openvoiceos,"Laugh.intent","podes rir"
ovos-skill-laugh.openvoiceos,"Laugh.intent","rir como alexa"
ovos-skill-laugh.openvoiceos,"Laugh.intent","risa malvada"
ovos-skill-laugh.openvoiceos,"Laugh.intent","risa malvado"
ovos-skill-laugh.openvoiceos,"Laugh.intent","risa malvados"
ovos-skill-laugh.openvoiceos,"Laugh.intent","risada malvada"
ovos-skill-laugh.openvoiceos,"Laugh.intent","risada malvado"
ovos-skill-laugh.openvoiceos,"Laugh.intent","risada malvados"
ovos-skill-laugh.openvoiceos,"Laugh.intent","riso malvada"
ovos-skill-laugh.openvoiceos,"Laugh.intent","riso malvado"
ovos-skill-laugh.openvoiceos,"Laugh.intent","riso malvados"
ovos-skill-laugh.openvoiceos,"Laugh.intent","risos malvada"
ovos-skill-laugh.openvoiceos,"Laugh.intent","risos malvado"
ovos-skill-laugh.openvoiceos,"Laugh.intent","risos malvados"
ovos-skill-laugh.openvoiceos,"RandomLaugh.intent","activar risa ao chou"
ovos-skill-laugh.openvoiceos,"RandomLaugh.intent","activar risada ao chou"
ovos-skill-laugh.openvoiceos,"RandomLaugh.intent","activar riso ao chou"
ovos-skill-laugh.openvoiceos,"RandomLaugh.intent","activar risos ao chou"
ovos-skill-laugh.openvoiceos,"RandomLaugh.intent","rir ao chou"
ovos-skill-laugh.openvoiceos,"RandomLaugh.intent","risa ao chou"
ovos-skill-laugh.openvoiceos,"RandomLaugh.intent","risada ao chou"
ovos-skill-laugh.openvoiceos,"RandomLaugh.intent","riso ao chou"
ovos-skill-laugh.openvoiceos,"RandomLaugh.intent","risos ao chou"
ovos-skill-personal.OpenVoiceOS,"WhoAreYou.intent","quen es"
ovos-skill-personal.OpenVoiceOS,"WhenWereYouBorn.intent","cando naciches"
ovos-skill-personal.OpenVoiceOS,"WhenWereYouBorn.intent","cando te crearon"
ovos-skill-personal.OpenVoiceOS,"WhenWereYouBorn.intent","cando te fabricaron"
ovos-skill-personal.OpenVoiceOS,"WhenWereYouBorn.intent","cando te inventaron"
ovos-skill-personal.OpenVoiceOS,"WhenWereYouBorn.intent","cando te programaron"
ovos-skill-personal.OpenVoiceOS,"WhatAreYou.intent","que es"
ovos-skill-personal.OpenVoiceOS,"WhoMadeYou.intent","quen foi o que te creou"
ovos-skill-personal.OpenVoiceOS,"WhoMadeYou.intent","quen foi o que te fabricou"
ovos-skill-personal.OpenVoiceOS,"WhoMadeYou.intent","quen foi o que te inventou"
ovos-skill-personal.OpenVoiceOS,"WhoMadeYou.intent","quen foi o que te programou"
ovos-skill-personal.OpenVoiceOS,"WhoMadeYou.intent","quen te construíu"
ovos-skill-personal.OpenVoiceOS,"WhoMadeYou.intent","quen te creou"
ovos-skill-personal.OpenVoiceOS,"WhoMadeYou.intent","quen te fabricou"
ovos-skill-personal.OpenVoiceOS,"WhoMadeYou.intent","quen te inventou"
ovos-skill-personal.OpenVoiceOS,"WhoMadeYou.intent","quen te programou"
ovos-skill-personal.OpenVoiceOS,"WhereWereYouBorn.intent","onde naciches"
ovos-skill-personal.OpenVoiceOS,"WhereWereYouBorn.intent","onde te crearon"
ovos-skill-personal.OpenVoiceOS,"WhereWereYouBorn.intent","onde te fabricaron"
ovos-skill-personal.OpenVoiceOS,"WhereWereYouBorn.intent","onde te inventaron"
ovos-skill-personal.OpenVoiceOS,"WhereWereYouBorn.intent","onde te programaron"
ovos-skill-spotify.openvoiceos,"StopMusic.intent","apaga"
ovos-skill-spotify.openvoiceos,"StopMusic.intent","apaga  música"
ovos-skill-spotify.openvoiceos,"StopMusic.intent","apaga  spotify"
ovos-skill-spotify.openvoiceos,"StopMusic.intent","apaga a"
ovos-skill-spotify.openvoiceos,"StopMusic.intent","apaga a música"
ovos-skill-spotify.openvoiceos,"StopMusic.intent","apaga a spotify"
ovos-skill-spotify.openvoiceos,"StopMusic.intent","apaga o"
ovos-skill-spotify.openvoiceos,"StopMusic.intent","apaga o música"
ovos-skill-spotify.openvoiceos,"StopMusic.intent","apaga o spotify"
ovos-skill-spotify.openvoiceos,"StopMusic.intent","apagar"
ovos-skill-spotify.openvoiceos,"StopMusic.intent","apagar  música"
ovos-skill-spotify.openvoiceos,"StopMusic.intent","apagar  spotify"
ovos-skill-spotify.openvoiceos,"StopMusic.intent","apagar a"
ovos-skill-spotify.openvoiceos,"StopMusic.intent","apagar a música"
ovos-skill-spotify.openvoiceos,"StopMusic.intent","apagar a spotify"
ovos-skill-spotify.openvoiceos,"StopMusic.intent","apagar o"
ovos-skill-spotify.openvoiceos,"StopMusic.intent","apagar o música"
ovos-skill-spotify.openvoiceos,"StopMusic.intent","apagar o spotify"
ovos-skill-spotify.openvoiceos,"StopMusic.intent","para"
ovos-skill-spotify.openvoiceos,"StopMusic.intent","para  música"
ovos-skill-spotify.openvoiceos,"StopMusic.intent","para  spotify"
ovos-skill-spotify.openvoiceos,"StopMusic.intent","para a"
ovos-skill-spotify.openvoiceos,"StopMusic.intent","para a música"
ovos-skill-spotify.openvoiceos,"StopMusic.intent","para a spotify"
ovos-skill-spotify.openvoiceos,"StopMusic.intent","para o"
ovos-skill-spotify.openvoiceos,"StopMusic.intent","para o música"
ovos-skill-spotify.openvoiceos,"StopMusic.intent","para o spotify"
ovos-skill-spotify.openvoiceos,"StopMusic.intent","parar"
ovos-skill-spotify.openvoiceos,"StopMusic.intent","parar  música"
ovos-skill-spotify.openvoiceos,"StopMusic.intent","parar  spotify"
ovos-skill-spotify.openvoiceos,"StopMusic.intent","parar a"
ovos-skill-spotify.openvoiceos,"StopMusic.intent","parar a música"
ovos-skill-spotify.openvoiceos,"StopMusic.intent","parar a spotify"
ovos-skill-spotify.openvoiceos,"StopMusic.intent","parar o"
ovos-skill-spotify.openvoiceos,"StopMusic.intent","parar o música"
ovos-skill-spotify.openvoiceos,"StopMusic.intent","parar o spotify"
ovos-skill-spotify.openvoiceos,"WhatArtist.intent","a quen estamos oíndo"
ovos-skill-spotify.openvoiceos,"WhatArtist.intent","a quen estamos oíndo agora"
ovos-skill-spotify.openvoiceos,"WhatArtist.intent","a quen estou oíndo"
ovos-skill-spotify.openvoiceos,"WhatArtist.intent","a quen estou oíndo agora"
ovos-skill-spotify.openvoiceos,"WhatArtist.intent","quen é a artista"
ovos-skill-spotify.openvoiceos,"WhatArtist.intent","quen é a cantor"
ovos-skill-spotify.openvoiceos,"WhatArtist.intent","quen é a músico"
ovos-skill-spotify.openvoiceos,"WhatArtist.intent","quen é o artista"
ovos-skill-spotify.openvoiceos,"WhatArtist.intent","quen é o cantor"
ovos-skill-spotify.openvoiceos,"WhatArtist.intent","quen é o músico"
ovos-skill-spotify.openvoiceos,"WhatArtist.intent","quen está reproducindo isto"
ovos-skill-spotify.openvoiceos,"WhatArtist.intent","que banda é esta"
ovos-skill-spotify.openvoiceos,"WhatArtist.intent","a que banda estamos oíndo"
ovos-skill-spotify.openvoiceos,"WhatArtist.intent","a que banda estás reproducindo"
ovos-skill-spotify.openvoiceos,"WhatArtist.intent","que artista é este"
ovos-skill-spotify.openvoiceos,"WhatAlbum.intent","que álbum é este"
ovos-skill-spotify.openvoiceos,"WhatAlbum.intent","que é este álbum"
ovos-skill-spotify.openvoiceos,"WhatSong.intent","que estás reproducindo"
ovos-skill-spotify.openvoiceos,"WhatSong.intent","dime o que estás reproducindo"
ovos-skill-spotify.openvoiceos,"WhatSong.intent","que estamos oíndo"
ovos-skill-spotify.openvoiceos,"WhatSong.intent","que estamos oíndo agora"
ovos-skill-spotify.openvoiceos,"WhatSong.intent","que estou oíndo"
ovos-skill-spotify.openvoiceos,"WhatSong.intent","que estou oíndo agora"
ovos-skill-spotify.openvoiceos,"WhatSong.intent","que canción é esta"
ovos-skill-spotify.openvoiceos,"WhatSong.intent","que canción é esta"
ovos-skill-spotify.openvoiceos,"WhatSong.intent","dime que canción é esta"
ovos-skill-spotify.openvoiceos,"ShuffleOff.intent","aleatorio spotify"
ovos-skill-spotify.openvoiceos,"ShuffleOff.intent","apagar  aleatorio spotify"
ovos-skill-spotify.openvoiceos,"ShuffleOff.intent","apagar o aleatorio spotify"
ovos-skill-spotify.openvoiceos,"ShuffleOff.intent","desabilita  aleatorio spotify"
ovos-skill-spotify.openvoiceos,"ShuffleOff.intent","desabilita o aleatorio spotify"
ovos-skill-spotify.openvoiceos,"ShuffleOff.intent","o aleatorio spotify"
ovos-skill-spotify.openvoiceos,"ShuffleOff.intent","redefine  aleatorio spotify"
ovos-skill-spotify.openvoiceos,"ShuffleOff.intent","redefine o aleatorio spotify"
ovos-skill-spotify.openvoiceos,"ShuffleOff.intent","redefinir  aleatorio spotify"
ovos-skill-spotify.openvoiceos,"ShuffleOff.intent","redefinir o aleatorio spotify"
ovos-skill-spotify.openvoiceos,"ShuffleOff.intent","configurar  aleatorio spotify  apagado"
ovos-skill-spotify.openvoiceos,"ShuffleOff.intent","configurar  aleatorio spotify como apagado"
ovos-skill-spotify.openvoiceos,"ShuffleOff.intent","configurar o aleatorio spotify  apagado"
ovos-skill-spotify.openvoiceos,"ShuffleOff.intent","configurar o aleatorio spotify como apagado"
ovos-skill-spotify.openvoiceos,"ShuffleOff.intent","configure  aleatorio spotify  apagado"
ovos-skill-spotify.openvoiceos,"ShuffleOff.intent","configure  aleatorio spotify como apagado"
ovos-skill-spotify.openvoiceos,"ShuffleOff.intent","configure o aleatorio spotify  apagado"
ovos-skill-spotify.openvoiceos,"ShuffleOff.intent","configure o aleatorio spotify como apagado"
ovos-skill-spotify.openvoiceos,"ShuffleOff.intent","defina  aleatorio spotify  apagado"
ovos-skill-spotify.openvoiceos,"ShuffleOff.intent","defina  aleatorio spotify como apagado"
ovos-skill-spotify.openvoiceos,"ShuffleOff.intent","defina o aleatorio spotify  apagado"
ovos-skill-spotify.openvoiceos,"ShuffleOff.intent","defina o aleatorio spotify como apagado"
ovos-skill-spotify.openvoiceos,"ShuffleOff.intent","definir  aleatorio spotify  apagado"
ovos-skill-spotify.openvoiceos,"ShuffleOff.intent","definir  aleatorio spotify como apagado"
ovos-skill-spotify.openvoiceos,"ShuffleOff.intent","definir o aleatorio spotify  apagado"
ovos-skill-spotify.openvoiceos,"ShuffleOff.intent","definir o aleatorio spotify como apagado"
ovos-skill-spotify.openvoiceos,"ShuffleOn.intent","acender  aleatorio"
ovos-skill-spotify.openvoiceos,"ShuffleOn.intent","acender  aleatorio  acendido"
ovos-skill-spotify.openvoiceos,"ShuffleOn.intent","acender  aleatorio como"
ovos-skill-spotify.openvoiceos,"ShuffleOn.intent","acender  aleatorio como acendido"
ovos-skill-spotify.openvoiceos,"ShuffleOn.intent","acender o aleatorio"
ovos-skill-spotify.openvoiceos,"ShuffleOn.intent","acender o aleatorio  acendido"
ovos-skill-spotify.openvoiceos,"ShuffleOn.intent","acender o aleatorio como"
ovos-skill-spotify.openvoiceos,"ShuffleOn.intent","acender o aleatorio como acendido"
ovos-skill-spotify.openvoiceos,"ShuffleOn.intent","define  aleatorio"
ovos-skill-spotify.openvoiceos,"ShuffleOn.intent","define  aleatorio  acendido"
ovos-skill-spotify.openvoiceos,"ShuffleOn.intent","define  aleatorio como"
ovos-skill-spotify.openvoiceos,"ShuffleOn.intent","define  aleatorio como acendido"
ovos-skill-spotify.openvoiceos,"ShuffleOn.intent","define o aleatorio"
ovos-skill-spotify.openvoiceos,"ShuffleOn.intent","define o aleatorio  acendido"
ovos-skill-spotify.openvoiceos,"ShuffleOn.intent","define o aleatorio como"
ovos-skill-spotify.openvoiceos,"ShuffleOn.intent","define o aleatorio como acendido"
ovos-skill-spotify.openvoiceos,"ShuffleOn.intent","habilita  aleatorio"
ovos-skill-spotify.openvoiceos,"ShuffleOn.intent","habilita  aleatorio  acendido"
ovos-skill-spotify.openvoiceos,"ShuffleOn.intent","habilita  aleatorio como"
ovos-skill-spotify.openvoiceos,"ShuffleOn.intent","habilita  aleatorio como acendido"
ovos-skill-spotify.openvoiceos,"ShuffleOn.intent","habilita o aleatorio"
ovos-skill-spotify.openvoiceos,"ShuffleOn.intent","habilita o aleatorio  acendido"
ovos-skill-spotify.openvoiceos,"ShuffleOn.intent","habilita o aleatorio como"
ovos-skill-spotify.openvoiceos,"ShuffleOn.intent","habilita o aleatorio como acendido"
ovos-skill-wikihow.openvoiceos,"wikihow.intent","procurar en wiki how {query}"
ovos-skill-wikihow.openvoiceos,"wikihow.intent","procurar en wikihow {query}"
ovos-skill-wikihow.openvoiceos,"wikihow.intent","que di wiki how sobre {query}"
ovos-skill-wikihow.openvoiceos,"wikihow.intent","que di wikihow sobre {query}"
ovos-skill-wikihow.openvoiceos,"wikihow.intent","que pensa wiki how sobre {query}"
ovos-skill-wikihow.openvoiceos,"wikihow.intent","que pensa wikihow sobre {query}"
ovos-skill-wikihow.openvoiceos,"howto.intent","explica paso a paso {query}"
ovos-skill-wikihow.openvoiceos,"howto.intent","paso a paso {query}"
ovos-skill-wikihow.openvoiceos,"howto.intent","como fago {query}"
ovos-skill-wikihow.openvoiceos,"howto.intent","como podo {query}"
ovos-skill-wikihow.openvoiceos,"howto.intent","como {query}"
ovos-skill-wikihow.openvoiceos,"howto.intent","pasos para {query}"
ovos-skill-wordnet.openvoiceos,"definition.intent","cal é a definición de {query}"
ovos-skill-wordnet.openvoiceos,"definition.intent","que é {query}"
ovos-skill-wordnet.openvoiceos,"hypernym.intent","cal é o hiperónimo de {query}"
ovos-skill-wordnet.openvoiceos,"hypernym.intent","cales son os hiperónimos de {query}"
ovos-skill-wordnet.openvoiceos,"hypernym.intent","que é un hiperónimo de {query}"
ovos-skill-wordnet.openvoiceos,"search_wordnet.intent","preguntar a word net sobre {query}"
ovos-skill-wordnet.openvoiceos,"search_wordnet.intent","preguntar a wordnet sobre {query}"
ovos-skill-wordnet.openvoiceos,"search_wordnet.intent","procurar en word net {query}"
ovos-skill-wordnet.openvoiceos,"search_wordnet.intent","procurar en wordnet {query}"
ovos-skill-wordnet.openvoiceos,"search_wordnet.intent","que di word net sobre {query}"
ovos-skill-wordnet.openvoiceos,"search_wordnet.intent","que di wordnet sobre {query}"
ovos-skill-wordnet.openvoiceos,"antonym.intent","cal é o antónimo de {query}"
ovos-skill-wordnet.openvoiceos,"antonym.intent","cales son os antónimos de {query}"
ovos-skill-wordnet.openvoiceos,"antonym.intent","que é un antónimo de {query}"
ovos-skill-wordnet.openvoiceos,"holonym.intent","cal é o holónimo de {query}"
ovos-skill-wordnet.openvoiceos,"holonym.intent","cales son os holónimos de {query}"
ovos-skill-wordnet.openvoiceos,"holonym.intent","que é un holónimo de {query}"
ovos-skill-wordnet.openvoiceos,"lemma.intent","cal é o lema de {query}"
ovos-skill-wordnet.openvoiceos,"lemma.intent","cales son os lemas de {query}"
ovos-skill-wordnet.openvoiceos,"lemma.intent","que é un lema de {query}"
ovos-skill-wordnet.openvoiceos,"hyponym.intent","cal é o hipónimo de {query}"
ovos-skill-wordnet.openvoiceos,"hyponym.intent","cales son os hipónimos de {query}"
ovos-skill-wordnet.openvoiceos,"hyponym.intent","que é un hipónimo de {query}"
skill-ovos-audio-recording.openvoiceos,"start_recording.intent","activar a gravación de audio"
skill-ovos-audio-recording.openvoiceos,"start_recording.intent","activar a gravación de audio co nome {name}"
skill-ovos-audio-recording.openvoiceos,"start_recording.intent","activar a gravación de audio co título {name}"
skill-ovos-audio-recording.openvoiceos,"start_recording.intent","activar a gravación de audio como {name}"
skill-ovos-audio-recording.openvoiceos,"start_recording.intent","comeza a gravación de audio"
skill-ovos-audio-recording.openvoiceos,"start_recording.intent","comeza a gravación de audio co nome {name}"
skill-ovos-audio-recording.openvoiceos,"start_recording.intent","comeza a gravación de audio como {name}"
skill-ovos-audio-recording.openvoiceos,"start_recording.intent","comeza a gravar"
skill-ovos-audio-recording.openvoiceos,"start_recording.intent","comeza a gravar co nome {name}"
skill-ovos-audio-recording.openvoiceos,"start_recording.intent","comeza a gravar como {name}"
skill-ovos-audio-recording.openvoiceos,"start_recording.intent","comezar a gravar"
skill-ovos-audio-recording.openvoiceos,"start_recording.intent","comezar a gravar agora"
skill-ovos-audio-recording.openvoiceos,"start_recording.intent","comezar a gravar agora co nome {name}"
skill-ovos-audio-recording.openvoiceos,"start_recording.intent","comezar a gravar agora como {name}"
skill-ovos-audio-recording.openvoiceos,"start_recording.intent","comezar a gravar agora mesmo"
skill-ovos-audio-recording.openvoiceos,"start_recording.intent","comezar a gravar axiña como {name}"
skill-ovos-audio-recording.openvoiceos,"start_recording.intent","comezar a gravar co nome {name}"
skill-ovos-audio-recording.openvoiceos,"start_recording.intent","comezar a operación de gravación de audio"
skill-ovos-audio-recording.openvoiceos,"start_recording.intent","comezar a operación de gravación de audio co nome {name}"
skill-ovos-audio-recording.openvoiceos,"start_recording.intent","comezar a operación de gravación de audio como {name}"
skill-ovos-audio-recording.openvoiceos,"start_recording.intent","comezar captura de audio"
skill-ovos-audio-recording.openvoiceos,"start_recording.intent","comezar captura de audio co nome {name}"
skill-ovos-audio-recording.openvoiceos,"start_recording.intent","comezar captura de audio co título {name}"
skill-ovos-audio-recording.openvoiceos,"start_recording.intent","comezar captura de audio como {name}"
skill-ovos-audio-recording.openvoiceos,"start_recording.intent","comezar gravación"
skill-ovos-audio-recording.openvoiceos,"start_recording.intent","comezar gravación co nome {name}"
skill-ovos-audio-recording.openvoiceos,"start_recording.intent","comezar gravación de audio"
skill-ovos-audio-recording.openvoiceos,"start_recording.intent","comezar gravación de audio agora"
skill-ovos-audio-recording.openvoiceos,"start_recording.intent","comezar gravación de audio agora co nome {name}"
skill-ovos-audio-recording.openvoiceos,"start_recording.intent","comezar gravación de audio agora como {name}"
skill-ovos-audio-recording.openvoiceos,"start_recording.intent","comezar gravación de audio co nome {name}"
skill-ovos-audio-recording.openvoiceos,"start_recording.intent","comezar gravación de audio {name}"
skill-ovos-audio-recording.openvoiceos,"start_recording.intent","comezar gravación {name}"
skill-ovos-audio-recording.openvoiceos,"start_recording.intent","comezar sesión de gravación"
skill-ovos-audio-recording.openvoiceos,"start_recording.intent","comezar unha gravación"
skill-ovos-audio-recording.openvoiceos,"start_recording.intent","comezar unha gravación chamada {name}"
skill-ovos-audio-recording.openvoiceos,"start_recording.intent","comezar unha gravación co nome {name}"
skill-ovos-audio-recording.openvoiceos,"start_recording.intent","comezar unha gravación de audio"
skill-ovos-audio-recording.openvoiceos,"start_recording.intent","comezar unha gravación de audio chamada {name}"
skill-ovos-audio-recording.openvoiceos,"start_recording.intent","comezar unha gravación de audio co nome {name}"
skill-ovos-audio-recording.openvoiceos,"start_recording.intent","comezar unha nova gravación"
skill-ovos-audio-recording.openvoiceos,"start_recording.intent","comezar unha nova gravación chamada {name}"
skill-ovos-audio-recording.openvoiceos,"start_recording.intent","comezar unha nova gravación co nome {name}"
skill-ovos-audio-recording.openvoiceos,"start_recording.intent","comezar unha nova gravación co título {name}"
skill-ovos-audio-recording.openvoiceos,"start_recording.intent","comezar unha nova gravación de audio"
skill-ovos-audio-recording.openvoiceos,"start_recording.intent","comezar unha nova gravación de audio chamada {name}"
skill-ovos-audio-recording.openvoiceos,"start_recording.intent","comezar unha nova gravación de audio co nome {name}"
skill-ovos-audio-recording.openvoiceos,"start_recording.intent","configurar unha nova gravación co nome {name}"
skill-ovos-audio-recording.openvoiceos,"start_recording.intent","empezar a sesión de gravación chamada {name}"
skill-ovos-audio-recording.openvoiceos,"start_recording.intent","empezar gravación"
skill-ovos-audio-recording.openvoiceos,"start_recording.intent","empezar gravación co nome {name}"
skill-ovos-audio-recording.openvoiceos,"start_recording.intent","empezar gravación de audio co nome {name}"
skill-ovos-audio-recording.openvoiceos,"start_recording.intent","empezar gravación de audio co título {name}"
skill-ovos-audio-recording.openvoiceos,"start_recording.intent","estabelecer gravación co nome {name}"
skill-ovos-audio-recording.openvoiceos,"start_recording.intent","gravar audio"
skill-ovos-audio-recording.openvoiceos,"start_recording.intent","gravar audio agora"
skill-ovos-audio-recording.openvoiceos,"start_recording.intent","gravar audio agora co nome {name}"
skill-ovos-audio-recording.openvoiceos,"start_recording.intent","gravar audio co nome {name}"
skill-ovos-audio-recording.openvoiceos,"start_recording.intent","gravar audio como {name}"
skill-ovos-audio-recording.openvoiceos,"start_recording.intent","gravar un novo ficheiro de audio"
skill-ovos-audio-recording.openvoiceos,"start_recording.intent","gravar un novo ficheiro de audio co nome {name}"
skill-ovos-audio-recording.openvoiceos,"start_recording.intent","iniciar gravación"
skill-ovos-audio-recording.openvoiceos,"start_recording.intent","iniciar gravación co nome {name}"
skill-ovos-audio-recording.openvoiceos,"start_recording.intent","iniciar gravación co título {name}"
skill-ovos-audio-recording.openvoiceos,"start_recording.intent","iniciar gravación de audio"
skill-ovos-audio-recording.openvoiceos,"start_recording.intent","iniciar gravación de audio co nome {name}"
skill-ovos-audio-recording.openvoiceos,"start_recording.intent","iniciar gravación de audio {name}"
skill-ovos-audio-recording.openvoiceos,"start_recording.intent","iniciar gravación {name}"
skill-ovos-audio-recording.openvoiceos,"start_recording.intent","iniciar operación de gravación de audio co nome {name}"
skill-ovos-audio-recording.openvoiceos,"start_recording.intent","iniciar unha gravación de audio chamada {name}"
skill-ovos-audio-recording.openvoiceos,"start_recording.intent","iniciar unha gravación de audio co nome {name}"
skill-ovos-audio-recording.openvoiceos,"start_recording.intent","iniciar unha nova gravación"
skill-ovos-audio-recording.openvoiceos,"start_recording.intent","nova gravación"
skill-ovos-audio-recording.openvoiceos,"start_recording.intent","nova gravación co nome {name}"
skill-ovos-audio-recording.openvoiceos,"start_recording.intent","proceder coa gravación"
skill-ovos-boot-finished.openvoiceos,"disable_ready_notification.intent","apagar fala ao iniciar"
skill-ovos-boot-finished.openvoiceos,"disable_ready_notification.intent","apagar fala cargada"
skill-ovos-boot-finished.openvoiceos,"disable_ready_notification.intent","apagar fala cargadas"
skill-ovos-boot-finished.openvoiceos,"disable_ready_notification.intent","apagar fala cargado"
skill-ovos-boot-finished.openvoiceos,"disable_ready_notification.intent","apagar fala cargados"
skill-ovos-boot-finished.openvoiceos,"disable_ready_notification.intent","apagar fala de arranque"
skill-ovos-boot-finished.openvoiceos,"disable_ready_notification.intent","apagar fala de carga"
skill-ovos-boot-finished.openvoiceos,"disable_ready_notification.intent","apagar fala de inicio"
skill-ovos-boot-finished.openvoiceos,"disable_ready_notification.intent","apagar fala do inicio"
skill-ovos-boot-finished.openvoiceos,"disable_ready_notification.intent","apagar fala que se prepararan"
skill-ovos-boot-finished.openvoiceos,"disable_ready_notification.intent","apagar notificación ao iniciar"
skill-ovos-boot-finished.openvoiceos,"disable_ready_notification.intent","apagar notificación cargada"
skill-ovos-boot-finished.openvoiceos,"disable_ready_notification.intent","apagar notificación cargadas"
skill-ovos-boot-finished.openvoiceos,"disable_ready_notification.intent","apagar notificación cargado"
skill-ovos-boot-finished.openvoiceos,"disable_ready_notification.intent","apagar notificación cargados"
skill-ovos-boot-finished.openvoiceos,"disable_ready_notification.intent","apagar notificación de arranque"
skill-ovos-boot-finished.openvoiceos,"disable_ready_notification.intent","apagar notificación de carga"
skill-ovos-boot-finished.openvoiceos,"disable_ready_notification.intent","apagar notificación de inicio"
skill-ovos-boot-finished.openvoiceos,"disable_ready_notification.intent","apagar notificación do inicio"
skill-ovos-boot-finished.openvoiceos,"disable_ready_notification.intent","apagar notificación que se prepararan"
skill-ovos-boot-finished.openvoiceos,"disable_ready_notification.intent","apagar notificacións ao iniciar"
skill-ovos-boot-finished.openvoiceos,"disable_ready_notification.intent","apagar notificacións cargada"
skill-ovos-boot-finished.openvoiceos,"disable_ready_notification.intent","apagar notificacións cargadas"
skill-ovos-boot-finished.openvoiceos,"disable_ready_notification.intent","apagar notificacións cargado"
skill-ovos-boot-finished.openvoiceos,"disable_ready_notification.intent","apagar notificacións cargados"
skill-ovos-boot-finished.openvoiceos,"disable_ready_notification.intent","apagar notificacións de arranque"
skill-ovos-boot-finished.openvoiceos,"disable_ready_notification.intent","apagar notificacións de carga"
skill-ovos-boot-finished.openvoiceos,"disable_ready_notification.intent","apagar notificacións de inicio"
skill-ovos-boot-finished.openvoiceos,"disable_ready_notification.intent","apagar notificacións do inicio"
skill-ovos-boot-finished.openvoiceos,"disable_ready_notification.intent","apagar notificacións que se prepararan"
skill-ovos-boot-finished.openvoiceos,"disable_ready_notification.intent","apagar son ao iniciar"
skill-ovos-boot-finished.openvoiceos,"disable_ready_notification.intent","apagar son cargada"
skill-ovos-boot-finished.openvoiceos,"disable_ready_notification.intent","apagar son cargadas"
skill-ovos-boot-finished.openvoiceos,"disable_ready_notification.intent","apagar son cargado"
skill-ovos-boot-finished.openvoiceos,"disable_ready_notification.intent","apagar son cargados"
skill-ovos-boot-finished.openvoiceos,"disable_ready_notification.intent","apagar son de arranque"
skill-ovos-boot-finished.openvoiceos,"disable_ready_notification.intent","apagar son de carga"
skill-ovos-boot-finished.openvoiceos,"disable_ready_notification.intent","apagar son de inicio"
skill-ovos-boot-finished.openvoiceos,"disable_ready_notification.intent","apagar son do inicio"
skill-ovos-boot-finished.openvoiceos,"disable_ready_notification.intent","apagar son que se prepararan"
skill-ovos-boot-finished.openvoiceos,"disable_ready_notification.intent","apagar sons ao iniciar"
skill-ovos-boot-finished.openvoiceos,"disable_ready_notification.intent","apagar sons cargada"
skill-ovos-boot-finished.openvoiceos,"disable_ready_notification.intent","apagar sons cargadas"
skill-ovos-boot-finished.openvoiceos,"disable_ready_notification.intent","apagar sons cargado"
skill-ovos-boot-finished.openvoiceos,"disable_ready_notification.intent","apagar sons cargados"
skill-ovos-boot-finished.openvoiceos,"disable_ready_notification.intent","apagar sons de arranque"
skill-ovos-boot-finished.openvoiceos,"disable_ready_notification.intent","apagar sons de carga"
skill-ovos-boot-finished.openvoiceos,"disable_ready_notification.intent","apagar sons de inicio"
skill-ovos-boot-finished.openvoiceos,"disable_ready_notification.intent","apagar sons do inicio"
skill-ovos-boot-finished.openvoiceos,"disable_ready_notification.intent","apagar sons que se prepararan"
skill-ovos-boot-finished.openvoiceos,"disable_ready_notification.intent","desactivar fala ao iniciar"
skill-ovos-boot-finished.openvoiceos,"disable_ready_notification.intent","desactivar fala cargada"
skill-ovos-boot-finished.openvoiceos,"disable_ready_notification.intent","desactivar fala cargadas"
skill-ovos-boot-finished.openvoiceos,"disable_ready_notification.intent","desactivar fala cargado"
skill-ovos-boot-finished.openvoiceos,"disable_ready_notification.intent","desactivar fala cargados"
skill-ovos-boot-finished.openvoiceos,"disable_ready_notification.intent","desactivar fala de arranque"
skill-ovos-boot-finished.openvoiceos,"disable_ready_notification.intent","desactivar fala de carga"
skill-ovos-boot-finished.openvoiceos,"disable_ready_notification.intent","desactivar fala de inicio"
skill-ovos-boot-finished.openvoiceos,"disable_ready_notification.intent","desactivar fala do inicio"
skill-ovos-boot-finished.openvoiceos,"disable_ready_notification.intent","desactivar fala que se prepararan"
skill-ovos-boot-finished.openvoiceos,"disable_ready_notification.intent","desactivar notificación ao iniciar"
skill-ovos-boot-finished.openvoiceos,"disable_ready_notification.intent","desactivar notificación cargada"
skill-ovos-boot-finished.openvoiceos,"disable_ready_notification.intent","desactivar notificación cargadas"
skill-ovos-boot-finished.openvoiceos,"disable_ready_notification.intent","desactivar notificación cargado"
skill-ovos-boot-finished.openvoiceos,"disable_ready_notification.intent","desactivar notificación cargados"
skill-ovos-boot-finished.openvoiceos,"disable_ready_notification.intent","desactivar notificación de arranque"
skill-ovos-boot-finished.openvoiceos,"disable_ready_notification.intent","desactivar notificación de carga"
skill-ovos-boot-finished.openvoiceos,"disable_ready_notification.intent","desactivar notificación de inicio"
skill-ovos-boot-finished.openvoiceos,"disable_ready_notification.intent","desactivar notificación do inicio"
skill-ovos-boot-finished.openvoiceos,"disable_ready_notification.intent","desactivar notificación que se prepararan"
skill-ovos-boot-finished.openvoiceos,"disable_ready_notification.intent","desactivar notificacións ao iniciar"
skill-ovos-boot-finished.openvoiceos,"disable_ready_notification.intent","desactivar notificacións cargada"
skill-ovos-boot-finished.openvoiceos,"disable_ready_notification.intent","desactivar notificacións cargadas"
skill-ovos-boot-finished.openvoiceos,"disable_ready_notification.intent","desactivar notificacións cargado"
skill-ovos-boot-finished.openvoiceos,"disable_ready_notification.intent","desactivar notificacións cargados"
skill-ovos-boot-finished.openvoiceos,"disable_ready_notification.intent","desactivar notificacións de arranque"
skill-ovos-boot-finished.openvoiceos,"disable_ready_notification.intent","desactivar notificacións de carga"
skill-ovos-boot-finished.openvoiceos,"disable_ready_notification.intent","desactivar notificacións de inicio"
skill-ovos-boot-finished.openvoiceos,"disable_ready_notification.intent","desactivar notificacións do inicio"
skill-ovos-boot-finished.openvoiceos,"disable_ready_notification.intent","desactivar notificacións que se prepararan"
skill-ovos-boot-finished.openvoiceos,"disable_ready_notification.intent","desactivar son ao iniciar"
skill-ovos-boot-finished.openvoiceos,"disable_ready_notification.intent","desactivar son cargada"
skill-ovos-boot-finished.openvoiceos,"disable_ready_notification.intent","desactivar son cargadas"
skill-ovos-boot-finished.openvoiceos,"disable_ready_notification.intent","desactivar son cargado"
skill-ovos-boot-finished.openvoiceos,"disable_ready_notification.intent","desactivar son cargados"
skill-ovos-boot-finished.openvoiceos,"disable_ready_notification.intent","desactivar son de arranque"
skill-ovos-boot-finished.openvoiceos,"disable_ready_notification.intent","desactivar son de carga"
skill-ovos-boot-finished.openvoiceos,"disable_ready_notification.intent","desactivar son de inicio"
skill-ovos-boot-finished.openvoiceos,"disable_ready_notification.intent","desactivar son do inicio"
skill-ovos-boot-finished.openvoiceos,"disable_ready_notification.intent","desactivar son que se prepararan"
skill-ovos-boot-finished.openvoiceos,"disable_ready_notification.intent","desactivar sons ao iniciar"
skill-ovos-boot-finished.openvoiceos,"disable_ready_notification.intent","desactivar sons cargada"
skill-ovos-boot-finished.openvoiceos,"disable_ready_notification.intent","desactivar sons cargadas"
skill-ovos-boot-finished.openvoiceos,"disable_ready_notification.intent","desactivar sons cargado"
skill-ovos-boot-finished.openvoiceos,"disable_ready_notification.intent","desactivar sons cargados"
skill-ovos-boot-finished.openvoiceos,"disable_ready_notification.intent","desactivar sons de arranque"
skill-ovos-boot-finished.openvoiceos,"disable_ready_notification.intent","desactivar sons de carga"
skill-ovos-boot-finished.openvoiceos,"disable_ready_notification.intent","desactivar sons de inicio"
skill-ovos-boot-finished.openvoiceos,"disable_ready_notification.intent","desactivar sons do inicio"
skill-ovos-boot-finished.openvoiceos,"disable_ready_notification.intent","desactivar sons que se prepararan"
skill-ovos-boot-finished.openvoiceos,"disable_ready_notification.intent","desconectar fala ao iniciar"
skill-ovos-boot-finished.openvoiceos,"disable_ready_notification.intent","desconectar fala cargada"
skill-ovos-boot-finished.openvoiceos,"disable_ready_notification.intent","desconectar fala cargadas"
skill-ovos-boot-finished.openvoiceos,"disable_ready_notification.intent","desconectar fala cargado"
skill-ovos-boot-finished.openvoiceos,"disable_ready_notification.intent","desconectar fala cargados"
skill-ovos-boot-finished.openvoiceos,"disable_ready_notification.intent","desconectar fala de arranque"
skill-ovos-boot-finished.openvoiceos,"disable_ready_notification.intent","desconectar fala de carga"
skill-ovos-boot-finished.openvoiceos,"disable_ready_notification.intent","desconectar fala de inicio"
skill-ovos-boot-finished.openvoiceos,"disable_ready_notification.intent","desconectar fala do inicio"
skill-ovos-boot-finished.openvoiceos,"disable_ready_notification.intent","desconectar fala que se prepararan"
skill-ovos-boot-finished.openvoiceos,"disable_ready_notification.intent","desconectar notificación ao iniciar"
skill-ovos-boot-finished.openvoiceos,"disable_ready_notification.intent","desconectar notificación cargada"
skill-ovos-boot-finished.openvoiceos,"disable_ready_notification.intent","desconectar notificación cargadas"
skill-ovos-boot-finished.openvoiceos,"disable_ready_notification.intent","desconectar notificación cargado"
skill-ovos-boot-finished.openvoiceos,"disable_ready_notification.intent","desconectar notificación cargados"
skill-ovos-boot-finished.openvoiceos,"disable_ready_notification.intent","desconectar notificación de arranque"
skill-ovos-boot-finished.openvoiceos,"disable_ready_notification.intent","desconectar notificación de carga"
skill-ovos-boot-finished.openvoiceos,"disable_ready_notification.intent","desconectar notificación de inicio"
skill-ovos-boot-finished.openvoiceos,"disable_ready_notification.intent","desconectar notificación do inicio"
skill-ovos-boot-finished.openvoiceos,"disable_ready_notification.intent","desconectar notificación que se prepararan"
skill-ovos-boot-finished.openvoiceos,"disable_ready_notification.intent","desconectar notificacións ao iniciar"
skill-ovos-boot-finished.openvoiceos,"disable_ready_notification.intent","desconectar notificacións cargada"
skill-ovos-boot-finished.openvoiceos,"disable_ready_notification.intent","desconectar notificacións cargadas"
skill-ovos-boot-finished.openvoiceos,"disable_ready_notification.intent","desconectar notificacións cargado"
skill-ovos-boot-finished.openvoiceos,"disable_ready_notification.intent","desconectar notificacións cargados"
skill-ovos-boot-finished.openvoiceos,"disable_ready_notification.intent","desconectar notificacións de arranque"
skill-ovos-boot-finished.openvoiceos,"disable_ready_notification.intent","desconectar notificacións de carga"
skill-ovos-boot-finished.openvoiceos,"disable_ready_notification.intent","desconectar notificacións de inicio"
skill-ovos-boot-finished.openvoiceos,"disable_ready_notification.intent","desconectar notificacións do inicio"
skill-ovos-boot-finished.openvoiceos,"disable_ready_notification.intent","desconectar notificacións que se prepararan"
skill-ovos-boot-finished.openvoiceos,"disable_ready_notification.intent","desconectar son ao iniciar"
skill-ovos-boot-finished.openvoiceos,"disable_ready_notification.intent","desconectar son cargada"
skill-ovos-boot-finished.openvoiceos,"disable_ready_notification.intent","desconectar son cargadas"
skill-ovos-boot-finished.openvoiceos,"disable_ready_notification.intent","desconectar son cargado"
skill-ovos-boot-finished.openvoiceos,"disable_ready_notification.intent","desconectar son cargados"
skill-ovos-boot-finished.openvoiceos,"disable_ready_notification.intent","desconectar son de arranque"
skill-ovos-boot-finished.openvoiceos,"disable_ready_notification.intent","desconectar son de carga"
skill-ovos-boot-finished.openvoiceos,"disable_ready_notification.intent","desconectar son de inicio"
skill-ovos-boot-finished.openvoiceos,"disable_ready_notification.intent","desconectar son do inicio"
skill-ovos-boot-finished.openvoiceos,"disable_ready_notification.intent","desconectar son que se prepararan"
skill-ovos-boot-finished.openvoiceos,"disable_ready_notification.intent","desconectar sons ao iniciar"
skill-ovos-boot-finished.openvoiceos,"disable_ready_notification.intent","desconectar sons cargada"
skill-ovos-boot-finished.openvoiceos,"disable_ready_notification.intent","desconectar sons cargadas"
skill-ovos-boot-finished.openvoiceos,"disable_ready_notification.intent","desconectar sons cargado"
skill-ovos-boot-finished.openvoiceos,"disable_ready_notification.intent","desconectar sons cargados"
skill-ovos-boot-finished.openvoiceos,"disable_ready_notification.intent","desconectar sons de arranque"
skill-ovos-boot-finished.openvoiceos,"disable_ready_notification.intent","desconectar sons de carga"
skill-ovos-boot-finished.openvoiceos,"disable_ready_notification.intent","desconectar sons de inicio"
skill-ovos-boot-finished.openvoiceos,"disable_ready_notification.intent","desconectar sons do inicio"
skill-ovos-boot-finished.openvoiceos,"disable_ready_notification.intent","desconectar sons que se prepararan"
skill-ovos-boot-finished.openvoiceos,"enable_ready_notification.intent","acender fala ao iniciar"
skill-ovos-boot-finished.openvoiceos,"enable_ready_notification.intent","acender fala cargada"
skill-ovos-boot-finished.openvoiceos,"enable_ready_notification.intent","acender fala cargadas"
skill-ovos-boot-finished.openvoiceos,"enable_ready_notification.intent","acender fala cargado"
skill-ovos-boot-finished.openvoiceos,"enable_ready_notification.intent","acender fala cargados"
skill-ovos-boot-finished.openvoiceos,"enable_ready_notification.intent","acender fala de arranque"
skill-ovos-boot-finished.openvoiceos,"enable_ready_notification.intent","acender fala de carga"
skill-ovos-boot-finished.openvoiceos,"enable_ready_notification.intent","acender fala de inicio"
skill-ovos-boot-finished.openvoiceos,"enable_ready_notification.intent","acender fala do inicio"
skill-ovos-boot-finished.openvoiceos,"enable_ready_notification.intent","acender fala que se prepararan"
skill-ovos-boot-finished.openvoiceos,"enable_ready_notification.intent","acender notificación ao iniciar"
skill-ovos-boot-finished.openvoiceos,"enable_ready_notification.intent","acender notificación cargada"
skill-ovos-boot-finished.openvoiceos,"enable_ready_notification.intent","acender notificación cargadas"
skill-ovos-boot-finished.openvoiceos,"enable_ready_notification.intent","acender notificación cargado"
skill-ovos-boot-finished.openvoiceos,"enable_ready_notification.intent","acender notificación cargados"
skill-ovos-boot-finished.openvoiceos,"enable_ready_notification.intent","acender notificación de arranque"
skill-ovos-boot-finished.openvoiceos,"enable_ready_notification.intent","acender notificación de carga"
skill-ovos-boot-finished.openvoiceos,"enable_ready_notification.intent","acender notificación de inicio"
skill-ovos-boot-finished.openvoiceos,"enable_ready_notification.intent","acender notificación do inicio"
skill-ovos-boot-finished.openvoiceos,"enable_ready_notification.intent","acender notificación que se prepararan"
skill-ovos-boot-finished.openvoiceos,"enable_ready_notification.intent","acender notificacións ao iniciar"
skill-ovos-boot-finished.openvoiceos,"enable_ready_notification.intent","acender notificacións cargada"
skill-ovos-boot-finished.openvoiceos,"enable_ready_notification.intent","acender notificacións cargadas"
skill-ovos-boot-finished.openvoiceos,"enable_ready_notification.intent","acender notificacións cargado"
skill-ovos-boot-finished.openvoiceos,"enable_ready_notification.intent","acender notificacións cargados"
skill-ovos-boot-finished.openvoiceos,"enable_ready_notification.intent","acender notificacións de arranque"
skill-ovos-boot-finished.openvoiceos,"enable_ready_notification.intent","acender notificacións de carga"
skill-ovos-boot-finished.openvoiceos,"enable_ready_notification.intent","acender notificacións de inicio"
skill-ovos-boot-finished.openvoiceos,"enable_ready_notification.intent","acender notificacións do inicio"
skill-ovos-boot-finished.openvoiceos,"enable_ready_notification.intent","acender notificacións que se prepararan"
skill-ovos-boot-finished.openvoiceos,"enable_ready_notification.intent","acender son ao iniciar"
skill-ovos-boot-finished.openvoiceos,"enable_ready_notification.intent","acender son cargada"
skill-ovos-boot-finished.openvoiceos,"enable_ready_notification.intent","acender son cargadas"
skill-ovos-boot-finished.openvoiceos,"enable_ready_notification.intent","acender son cargado"
skill-ovos-boot-finished.openvoiceos,"enable_ready_notification.intent","acender son cargados"
skill-ovos-boot-finished.openvoiceos,"enable_ready_notification.intent","acender son de arranque"
skill-ovos-boot-finished.openvoiceos,"enable_ready_notification.intent","acender son de carga"
skill-ovos-boot-finished.openvoiceos,"enable_ready_notification.intent","acender son de inicio"
skill-ovos-boot-finished.openvoiceos,"enable_ready_notification.intent","acender son do inicio"
skill-ovos-boot-finished.openvoiceos,"enable_ready_notification.intent","acender son que se prepararan"
skill-ovos-boot-finished.openvoiceos,"enable_ready_notification.intent","acender sons ao iniciar"
skill-ovos-boot-finished.openvoiceos,"enable_ready_notification.intent","acender sons cargada"
skill-ovos-boot-finished.openvoiceos,"enable_ready_notification.intent","acender sons cargadas"
skill-ovos-boot-finished.openvoiceos,"enable_ready_notification.intent","acender sons cargado"
skill-ovos-boot-finished.openvoiceos,"enable_ready_notification.intent","acender sons cargados"
skill-ovos-boot-finished.openvoiceos,"enable_ready_notification.intent","acender sons de arranque"
skill-ovos-boot-finished.openvoiceos,"enable_ready_notification.intent","acender sons de carga"
skill-ovos-boot-finished.openvoiceos,"enable_ready_notification.intent","acender sons de inicio"
skill-ovos-boot-finished.openvoiceos,"enable_ready_notification.intent","acender sons do inicio"
skill-ovos-boot-finished.openvoiceos,"enable_ready_notification.intent","acender sons que se prepararan"
skill-ovos-boot-finished.openvoiceos,"enable_ready_notification.intent","activar fala ao iniciar"
skill-ovos-boot-finished.openvoiceos,"enable_ready_notification.intent","activar fala cargada"
skill-ovos-boot-finished.openvoiceos,"enable_ready_notification.intent","activar fala cargadas"
skill-ovos-boot-finished.openvoiceos,"enable_ready_notification.intent","activar fala cargado"
skill-ovos-boot-finished.openvoiceos,"enable_ready_notification.intent","activar fala cargados"
skill-ovos-boot-finished.openvoiceos,"enable_ready_notification.intent","activar fala de arranque"
skill-ovos-boot-finished.openvoiceos,"enable_ready_notification.intent","activar fala de carga"
skill-ovos-boot-finished.openvoiceos,"enable_ready_notification.intent","activar fala de inicio"
skill-ovos-boot-finished.openvoiceos,"enable_ready_notification.intent","activar fala do inicio"
skill-ovos-boot-finished.openvoiceos,"enable_ready_notification.intent","activar fala que se prepararan"
skill-ovos-boot-finished.openvoiceos,"enable_ready_notification.intent","activar notificación ao iniciar"
skill-ovos-boot-finished.openvoiceos,"enable_ready_notification.intent","activar notificación cargada"
skill-ovos-boot-finished.openvoiceos,"enable_ready_notification.intent","activar notificación cargadas"
skill-ovos-boot-finished.openvoiceos,"enable_ready_notification.intent","activar notificación cargado"
skill-ovos-boot-finished.openvoiceos,"enable_ready_notification.intent","activar notificación cargados"
skill-ovos-boot-finished.openvoiceos,"enable_ready_notification.intent","activar notificación de arranque"
skill-ovos-boot-finished.openvoiceos,"enable_ready_notification.intent","activar notificación de carga"
skill-ovos-boot-finished.openvoiceos,"enable_ready_notification.intent","activar notificación de inicio"
skill-ovos-boot-finished.openvoiceos,"enable_ready_notification.intent","activar notificación do inicio"
skill-ovos-boot-finished.openvoiceos,"enable_ready_notification.intent","activar notificación que se prepararan"
skill-ovos-boot-finished.openvoiceos,"enable_ready_notification.intent","activar notificacións ao iniciar"
skill-ovos-boot-finished.openvoiceos,"enable_ready_notification.intent","activar notificacións cargada"
skill-ovos-boot-finished.openvoiceos,"enable_ready_notification.intent","activar notificacións cargadas"
skill-ovos-boot-finished.openvoiceos,"enable_ready_notification.intent","activar notificacións cargado"
skill-ovos-boot-finished.openvoiceos,"enable_ready_notification.intent","activar notificacións cargados"
skill-ovos-boot-finished.openvoiceos,"enable_ready_notification.intent","activar notificacións de arranque"
skill-ovos-boot-finished.openvoiceos,"enable_ready_notification.intent","activar notificacións de carga"
skill-ovos-boot-finished.openvoiceos,"enable_ready_notification.intent","activar notificacións de inicio"
skill-ovos-boot-finished.openvoiceos,"enable_ready_notification.intent","activar notificacións do inicio"
skill-ovos-boot-finished.openvoiceos,"enable_ready_notification.intent","activar notificacións que se prepararan"
skill-ovos-boot-finished.openvoiceos,"enable_ready_notification.intent","activar son ao iniciar"
skill-ovos-boot-finished.openvoiceos,"enable_ready_notification.intent","activar son cargada"
skill-ovos-boot-finished.openvoiceos,"enable_ready_notification.intent","activar son cargadas"
skill-ovos-boot-finished.openvoiceos,"enable_ready_notification.intent","activar son cargado"
skill-ovos-boot-finished.openvoiceos,"enable_ready_notification.intent","activar son cargados"
skill-ovos-boot-finished.openvoiceos,"enable_ready_notification.intent","activar son de arranque"
skill-ovos-boot-finished.openvoiceos,"enable_ready_notification.intent","activar son de carga"
skill-ovos-boot-finished.openvoiceos,"enable_ready_notification.intent","activar son de inicio"
skill-ovos-boot-finished.openvoiceos,"enable_ready_notification.intent","activar son do inicio"
skill-ovos-boot-finished.openvoiceos,"enable_ready_notification.intent","activar son que se prepararan"
skill-ovos-boot-finished.openvoiceos,"enable_ready_notification.intent","activar sons ao iniciar"
skill-ovos-boot-finished.openvoiceos,"enable_ready_notification.intent","activar sons cargada"
skill-ovos-boot-finished.openvoiceos,"enable_ready_notification.intent","activar sons cargadas"
skill-ovos-boot-finished.openvoiceos,"enable_ready_notification.intent","activar sons cargado"
skill-ovos-boot-finished.openvoiceos,"enable_ready_notification.intent","activar sons cargados"
skill-ovos-boot-finished.openvoiceos,"enable_ready_notification.intent","activar sons de arranque"
skill-ovos-boot-finished.openvoiceos,"enable_ready_notification.intent","activar sons de carga"
skill-ovos-boot-finished.openvoiceos,"enable_ready_notification.intent","activar sons de inicio"
skill-ovos-boot-finished.openvoiceos,"enable_ready_notification.intent","activar sons do inicio"
skill-ovos-boot-finished.openvoiceos,"enable_ready_notification.intent","activar sons que se prepararan"
skill-ovos-boot-finished.openvoiceos,"enable_ready_notification.intent","conectar fala ao iniciar"
skill-ovos-boot-finished.openvoiceos,"enable_ready_notification.intent","conectar fala cargada"
skill-ovos-boot-finished.openvoiceos,"enable_ready_notification.intent","conectar fala cargadas"
skill-ovos-boot-finished.openvoiceos,"enable_ready_notification.intent","conectar fala cargado"
skill-ovos-boot-finished.openvoiceos,"enable_ready_notification.intent","conectar fala cargados"
skill-ovos-boot-finished.openvoiceos,"enable_ready_notification.intent","conectar fala de arranque"
skill-ovos-boot-finished.openvoiceos,"enable_ready_notification.intent","conectar fala de carga"
skill-ovos-boot-finished.openvoiceos,"enable_ready_notification.intent","conectar fala de inicio"
skill-ovos-boot-finished.openvoiceos,"enable_ready_notification.intent","conectar fala do inicio"
skill-ovos-boot-finished.openvoiceos,"enable_ready_notification.intent","conectar fala que se prepararan"
skill-ovos-boot-finished.openvoiceos,"enable_ready_notification.intent","conectar notificación ao iniciar"
skill-ovos-boot-finished.openvoiceos,"enable_ready_notification.intent","conectar notificación cargada"
skill-ovos-boot-finished.openvoiceos,"enable_ready_notification.intent","conectar notificación cargadas"
skill-ovos-boot-finished.openvoiceos,"enable_ready_notification.intent","conectar notificación cargado"
skill-ovos-boot-finished.openvoiceos,"enable_ready_notification.intent","conectar notificación cargados"
skill-ovos-boot-finished.openvoiceos,"enable_ready_notification.intent","conectar notificación de arranque"
skill-ovos-boot-finished.openvoiceos,"enable_ready_notification.intent","conectar notificación de carga"
skill-ovos-boot-finished.openvoiceos,"enable_ready_notification.intent","conectar notificación de inicio"
skill-ovos-boot-finished.openvoiceos,"enable_ready_notification.intent","conectar notificación do inicio"
skill-ovos-boot-finished.openvoiceos,"enable_ready_notification.intent","conectar notificación que se prepararan"
skill-ovos-boot-finished.openvoiceos,"enable_ready_notification.intent","conectar notificacións ao iniciar"
skill-ovos-boot-finished.openvoiceos,"enable_ready_notification.intent","conectar notificacións cargada"
skill-ovos-boot-finished.openvoiceos,"enable_ready_notification.intent","conectar notificacións cargadas"
skill-ovos-boot-finished.openvoiceos,"enable_ready_notification.intent","conectar notificacións cargado"
skill-ovos-boot-finished.openvoiceos,"enable_ready_notification.intent","conectar notificacións cargados"
skill-ovos-boot-finished.openvoiceos,"enable_ready_notification.intent","conectar notificacións de arranque"
skill-ovos-boot-finished.openvoiceos,"enable_ready_notification.intent","conectar notificacións de carga"
skill-ovos-boot-finished.openvoiceos,"enable_ready_notification.intent","conectar notificacións de inicio"
skill-ovos-boot-finished.openvoiceos,"enable_ready_notification.intent","conectar notificacións do inicio"
skill-ovos-boot-finished.openvoiceos,"enable_ready_notification.intent","conectar notificacións que se prepararan"
skill-ovos-boot-finished.openvoiceos,"enable_ready_notification.intent","conectar son ao iniciar"
skill-ovos-boot-finished.openvoiceos,"enable_ready_notification.intent","conectar son cargada"
skill-ovos-boot-finished.openvoiceos,"enable_ready_notification.intent","conectar son cargadas"
skill-ovos-boot-finished.openvoiceos,"enable_ready_notification.intent","conectar son cargado"
skill-ovos-boot-finished.openvoiceos,"enable_ready_notification.intent","conectar son cargados"
skill-ovos-boot-finished.openvoiceos,"enable_ready_notification.intent","conectar son de arranque"
skill-ovos-boot-finished.openvoiceos,"enable_ready_notification.intent","conectar son de carga"
skill-ovos-boot-finished.openvoiceos,"enable_ready_notification.intent","conectar son de inicio"
skill-ovos-boot-finished.openvoiceos,"enable_ready_notification.intent","conectar son do inicio"
skill-ovos-boot-finished.openvoiceos,"enable_ready_notification.intent","conectar son que se prepararan"
skill-ovos-boot-finished.openvoiceos,"enable_ready_notification.intent","conectar sons ao iniciar"
skill-ovos-boot-finished.openvoiceos,"enable_ready_notification.intent","conectar sons cargada"
skill-ovos-boot-finished.openvoiceos,"enable_ready_notification.intent","conectar sons cargadas"
skill-ovos-boot-finished.openvoiceos,"enable_ready_notification.intent","conectar sons cargado"
skill-ovos-boot-finished.openvoiceos,"enable_ready_notification.intent","conectar sons cargados"
skill-ovos-boot-finished.openvoiceos,"enable_ready_notification.intent","conectar sons de arranque"
skill-ovos-boot-finished.openvoiceos,"enable_ready_notification.intent","conectar sons de carga"
skill-ovos-boot-finished.openvoiceos,"enable_ready_notification.intent","conectar sons de inicio"
skill-ovos-boot-finished.openvoiceos,"enable_ready_notification.intent","conectar sons do inicio"
skill-ovos-boot-finished.openvoiceos,"enable_ready_notification.intent","conectar sons que se prepararan"
skill-ovos-date-time.openvoiceos,"what.month.is.it.intent","cal é o mes"
skill-ovos-date-time.openvoiceos,"what.month.is.it.intent","en que mes estamos"
skill-ovos-date-time.openvoiceos,"what.month.is.it.intent","mes actual"
skill-ovos-date-time.openvoiceos,"what.month.is.it.intent","que mes temos hoxe"
skill-ovos-date-time.openvoiceos,"what.month.is.it.intent","que mes é agora mesmo"
skill-ovos-date-time.openvoiceos,"what.month.is.it.intent","que mes é este"
skill-ovos-date-time.openvoiceos,"what.month.is.it.intent","que mes é hoxe"
skill-ovos-date-time.openvoiceos,"what.year.is.it.intent","ano actual"
skill-ovos-date-time.openvoiceos,"what.year.is.it.intent","cal é o ano"
skill-ovos-date-time.openvoiceos,"what.year.is.it.intent","en que ano estamos"
skill-ovos-date-time.openvoiceos,"what.year.is.it.intent","que ano temos hoxe"
skill-ovos-date-time.openvoiceos,"what.year.is.it.intent","que ano é agora mesmo"
skill-ovos-date-time.openvoiceos,"what.year.is.it.intent","que ano é este"
skill-ovos-date-time.openvoiceos,"what.time.is.it.intent","Agradecería que me dixeses a hora."
skill-ovos-date-time.openvoiceos,"what.time.is.it.intent","Dime a hora actual, por favor."
skill-ovos-date-time.openvoiceos,"what.time.is.it.intent","Dime a hora actual."
skill-ovos-date-time.openvoiceos,"what.time.is.it.intent","Dime a hora que é."
skill-ovos-date-time.openvoiceos,"what.time.is.it.intent","Dime a hora, fai o favor."
skill-ovos-date-time.openvoiceos,"what.time.is.it.intent","Disme a hora?"
skill-ovos-date-time.openvoiceos,"what.time.is.it.intent","Impórtache dicirme a hora?"
skill-ovos-date-time.openvoiceos,"what.time.is.it.intent","Infórmame de que hora é."
skill-ovos-date-time.openvoiceos,"what.time.is.it.intent","Interésame a hora"
skill-ovos-date-time.openvoiceos,"what.time.is.it.intent","Podes dicirme a hora?"
skill-ovos-date-time.openvoiceos,"what.time.is.it.intent","Podes dicirme que hora é?"
skill-ovos-date-time.openvoiceos,"what.time.is.it.intent","Podes poñerme ao tanto da hora?"
skill-ovos-date-time.openvoiceos,"what.time.is.it.intent","Preciso saber a hora."
skill-ovos-date-time.openvoiceos,"what.time.is.it.intent","Proporcióname a hora actual."
skill-ovos-date-time.openvoiceos,"what.time.is.it.intent","Que hora marca?"
skill-ovos-date-time.openvoiceos,"what.time.is.it.intent","Que hora será agora?"
skill-ovos-date-time.openvoiceos,"what.time.is.it.intent","Que hora tes no teu reloxo?"
skill-ovos-date-time.openvoiceos,"what.time.is.it.intent","Que hora tes ti?"
skill-ovos-date-time.openvoiceos,"what.time.is.it.intent","Que hora tes?"
skill-ovos-date-time.openvoiceos,"what.time.is.it.intent","Que hora é agora mesmo?"
skill-ovos-date-time.openvoiceos,"what.time.is.it.intent","Que hora é agora?"
skill-ovos-date-time.openvoiceos,"what.time.is.it.intent","Que hora é neste momento?"
skill-ovos-date-time.openvoiceos,"what.time.is.it.intent","Que hora é? Interésame."
skill-ovos-date-time.openvoiceos,"what.time.is.it.intent","Quero saber a hora"
skill-ovos-date-time.openvoiceos,"what.time.is.it.intent","Quero saber que hora é."
skill-ovos-date-time.openvoiceos,"what.time.is.it.intent","Quixera saber a hora agora mesmo."
skill-ovos-date-time.openvoiceos,"what.time.is.it.intent","Quixera saber que hora é"
skill-ovos-date-time.openvoiceos,"what.time.is.it.intent","Sabes a hora?"
skill-ovos-date-time.openvoiceos,"what.time.is.it.intent","Tes hora?"
skill-ovos-date-time.openvoiceos,"what.time.is.it.intent","Teño que saber a hora agora."
skill-ovos-date-time.openvoiceos,"what.time.is.it.intent","Teño que ver a hora."
skill-ovos-date-time.openvoiceos,"what.time.is.it.intent","a hora"
skill-ovos-date-time.openvoiceos,"what.time.is.it.intent","a hora agora"
skill-ovos-date-time.openvoiceos,"what.time.is.it.intent","a hora agora mesmo"
skill-ovos-date-time.openvoiceos,"what.time.is.it.intent","a hora agora mesmo, por favor"
skill-ovos-date-time.openvoiceos,"what.time.is.it.intent","a hora agora, por favor"
skill-ovos-date-time.openvoiceos,"what.time.is.it.intent","a hora, por favor"
skill-ovos-date-time.openvoiceos,"what.time.is.it.intent","dime a hora"
skill-ovos-date-time.openvoiceos,"what.time.is.it.intent","dime a hora actual"
skill-ovos-date-time.openvoiceos,"what.time.is.it.intent","dime a hora actual, por favor"
skill-ovos-date-time.openvoiceos,"what.time.is.it.intent","dime a hora, fai o favor"
skill-ovos-date-time.openvoiceos,"what.time.is.it.intent","dime que hora é"
skill-ovos-date-time.openvoiceos,"what.time.is.it.intent","dáme a hora"
skill-ovos-date-time.openvoiceos,"what.time.is.it.intent","hora"
skill-ovos-date-time.openvoiceos,"what.time.is.it.intent","hora actual"
skill-ovos-date-time.openvoiceos,"what.time.is.it.intent","hora agora"
skill-ovos-date-time.openvoiceos,"what.time.is.it.intent","hora agora mesmo"
skill-ovos-date-time.openvoiceos,"what.time.is.it.intent","hora agora mesmo, por favor"
skill-ovos-date-time.openvoiceos,"what.time.is.it.intent","hora agora, por favor"
skill-ovos-date-time.openvoiceos,"what.time.is.it.intent","hora, por favor"
skill-ovos-date-time.openvoiceos,"what.time.is.it.intent","o reloxo"
skill-ovos-date-time.openvoiceos,"what.time.is.it.intent","o reloxo agora"
skill-ovos-date-time.openvoiceos,"what.time.is.it.intent","o reloxo agora mesmo"
skill-ovos-date-time.openvoiceos,"what.time.is.it.intent","o reloxo agora mesmo, por favor"
skill-ovos-date-time.openvoiceos,"what.time.is.it.intent","o reloxo agora, por favor"
skill-ovos-date-time.openvoiceos,"what.time.is.it.intent","o reloxo, por favor"
skill-ovos-date-time.openvoiceos,"what.time.is.it.intent","pode informarme da hora"
skill-ovos-date-time.openvoiceos,"what.time.is.it.intent","poderías darme a hora"
skill-ovos-date-time.openvoiceos,"what.time.is.it.intent","podes darme a hora"
skill-ovos-date-time.openvoiceos,"what.time.is.it.intent","que hora tes"
skill-ovos-date-time.openvoiceos,"what.time.is.it.intent","que hora é"
skill-ovos-date-time.openvoiceos,"what.time.is.it.intent","que hora é actualmente"
skill-ovos-date-time.openvoiceos,"what.time.is.it.intent","que hora é agora"
skill-ovos-date-time.openvoiceos,"what.time.is.it.intent","que hora é neste momento"
skill-ovos-date-time.openvoiceos,"what.time.is.it.intent","reloxo"
skill-ovos-date-time.openvoiceos,"what.time.is.it.intent","reloxo agora"
skill-ovos-date-time.openvoiceos,"what.time.is.it.intent","reloxo agora mesmo"
skill-ovos-date-time.openvoiceos,"what.time.is.it.intent","reloxo agora mesmo por favor"
skill-ovos-date-time.openvoiceos,"what.time.is.it.intent","reloxo agora por favor"
skill-ovos-date-time.openvoiceos,"what.time.is.it.intent","reloxo por favor"
skill-ovos-date-time.openvoiceos,"what.time.is.it.intent","sabes que hora é"
skill-ovos-date-time.openvoiceos,"what.time.is.it.intent","tes hora"
skill-ovos-date-time.openvoiceos,"what.time.is.it.intent","É posible saber a hora agora mesmo?"
skill-ovos-date-time.openvoiceos,"date.future.weekend.intent","Cal é a data a vindeira fin de semana?"
skill-ovos-date-time.openvoiceos,"date.future.weekend.intent","Cal é a data da vindeira fin de semana?"
skill-ovos-date-time.openvoiceos,"date.future.weekend.intent","Cal é a data desta fin de semana?"
skill-ovos-date-time.openvoiceos,"date.future.weekend.intent","Cal é a data esta fin de semana?"
skill-ovos-date-time.openvoiceos,"date.future.weekend.intent","Cal é o calendario para a fin de semana seguinte a esta?"
skill-ovos-date-time.openvoiceos,"date.future.weekend.intent","Cal é o calendario para esta fin de semana?"
skill-ovos-date-time.openvoiceos,"date.future.weekend.intent","Cales son as datas a vindeira fin de semana?"
skill-ovos-date-time.openvoiceos,"date.future.weekend.intent","Cales son as datas da vindeira fin de semana?"
skill-ovos-date-time.openvoiceos,"date.future.weekend.intent","Cales son as datas desta fin de semana?"
skill-ovos-date-time.openvoiceos,"date.future.weekend.intent","Cales son as datas esta fin de semana?"
skill-ovos-date-time.openvoiceos,"date.future.weekend.intent","Cales son os días a vindeira fin de semana?"
skill-ovos-date-time.openvoiceos,"date.future.weekend.intent","Cales son os días da vindeira fin de semana?"
skill-ovos-date-time.openvoiceos,"date.future.weekend.intent","Cales son os días desta fin de semana?"
skill-ovos-date-time.openvoiceos,"date.future.weekend.intent","Cales son os días esperados para a fin de semana que se achega?"
skill-ovos-date-time.openvoiceos,"date.future.weekend.intent","Cales son os días esta fin de semana?"
skill-ovos-date-time.openvoiceos,"date.future.weekend.intent","Cales son os días fixados para a vindeira fin de semana?"
skill-ovos-date-time.openvoiceos,"date.future.weekend.intent","Cales son os días previstos para a fin de semana que se achega?"
skill-ovos-date-time.openvoiceos,"date.future.weekend.intent","Cales son os días previstos para a fin de semana seguinte á actual?"
skill-ovos-date-time.openvoiceos,"date.future.weekend.intent","Cales son os días previstos para a vindeira fin de semana?"
skill-ovos-date-time.openvoiceos,"date.future.weekend.intent","Cales son os días previstos para esta fin de semana?"
skill-ovos-date-time.openvoiceos,"date.future.weekend.intent","Dime as datas da fin de semana seguinte a esta."
skill-ovos-date-time.openvoiceos,"date.future.weekend.intent","Dime as datas da fin de semana seguinte á actual."
skill-ovos-date-time.openvoiceos,"date.future.weekend.intent","Dime as datas da vindeira fin de semana."
skill-ovos-date-time.openvoiceos,"date.future.weekend.intent","Dime as datas para a vindeira fin de semana."
skill-ovos-date-time.openvoiceos,"date.future.weekend.intent","Dime as datas previstas para a fin de semana seguinte a esta."
skill-ovos-date-time.openvoiceos,"date.future.weekend.intent","Dime as datas previstas para a fin de semana seguinte á actual."
skill-ovos-date-time.openvoiceos,"date.future.weekend.intent","Dime as datas previstas para a vindeira fin de semana."
skill-ovos-date-time.openvoiceos,"date.future.weekend.intent","Dime os días da fin de semana seguinte a esta."
skill-ovos-date-time.openvoiceos,"date.future.weekend.intent","Dime os días da vindeira fin de semana."
skill-ovos-date-time.openvoiceos,"date.future.weekend.intent","Podes dar as datas da fin de semana seguinte a esta?"
skill-ovos-date-time.openvoiceos,"date.future.weekend.intent","Podes dar as datas da fin de semana seguinte?"
skill-ovos-date-time.openvoiceos,"date.future.weekend.intent","Podes dar as datas da próxima fin de semana?"
skill-ovos-date-time.openvoiceos,"date.future.weekend.intent","Podes dicirme as datas da fin de semana seguinte á actual?"
skill-ovos-date-time.openvoiceos,"date.future.weekend.intent","Podes dicirme as datas da vindeira fin de semana?"
skill-ovos-date-time.openvoiceos,"date.future.weekend.intent","Podes dicirme os días da vindeira fin de semana?"
skill-ovos-date-time.openvoiceos,"date.future.weekend.intent","Podes informarme sobre as datas da fin de semana de despois desta?"
skill-ovos-date-time.openvoiceos,"date.future.weekend.intent","Podes informarme sobre as datas da vindeira fin de semana?"
skill-ovos-date-time.openvoiceos,"date.future.weekend.intent","Que data é a vindeira fin de semana?"
skill-ovos-date-time.openvoiceos,"date.future.weekend.intent","Que data é esta fin de semana?"
skill-ovos-date-time.openvoiceos,"date.future.weekend.intent","Que datas están asignadas a esta fin de semana?"
skill-ovos-date-time.openvoiceos,"date.future.weekend.intent","Que datas están asignadas á fin de semana seguinte a esta?"
skill-ovos-date-time.openvoiceos,"date.future.weekend.intent","Que datas están confirmadas para a fin de semana seguinte á actual?"
skill-ovos-date-time.openvoiceos,"date.future.weekend.intent","Que datas están confirmadas para a vindeira fin de semana?"
skill-ovos-date-time.openvoiceos,"date.future.weekend.intent","Que datas están confirmadas para esta fin de semana?"
skill-ovos-date-time.openvoiceos,"date.future.weekend.intent","Que datas están marcadas para a fin de semana que nos espera?"
skill-ovos-date-time.openvoiceos,"date.future.weekend.intent","Que datas están marcadas para a fin de semana que vén despois?"
skill-ovos-date-time.openvoiceos,"date.future.weekend.intent","Que datas están marcadas para a vindeira fin de semana?"
skill-ovos-date-time.openvoiceos,"date.future.weekend.intent","Que datas están programadas para a fin de semana seguinte á actual?"
skill-ovos-date-time.openvoiceos,"date.future.weekend.intent","Que datas están programadas para a próxima fin de semana?"
skill-ovos-date-time.openvoiceos,"date.future.weekend.intent","Que datas están programadas para esta fin de semana?"
skill-ovos-date-time.openvoiceos,"date.future.weekend.intent","Que datas son a vindeira fin de semana?"
skill-ovos-date-time.openvoiceos,"date.future.weekend.intent","Que datas son esta fin de semana?"
skill-ovos-date-time.openvoiceos,"date.future.weekend.intent","Que día é a vindeira fin de semana?"
skill-ovos-date-time.openvoiceos,"date.future.weekend.intent","Que día é esta fin de semana?"
skill-ovos-date-time.openvoiceos,"date.future.weekend.intent","Que días a vindeira fin de semana?"
skill-ovos-date-time.openvoiceos,"date.future.weekend.intent","Que días esta fin de semana?"
skill-ovos-date-time.openvoiceos,"date.future.weekend.intent","Que días están programados para a fin de semana seguinte á actual?"
skill-ovos-date-time.openvoiceos,"date.future.weekend.intent","Que días formarán parte da fin de semana que vén despois?"
skill-ovos-date-time.openvoiceos,"date.future.weekend.intent","Que días formarán parte desta fin de semana?"
skill-ovos-date-time.openvoiceos,"date.future.weekend.intent","Que días hai reservados para a fin de semana seguinte?"
skill-ovos-date-time.openvoiceos,"date.future.weekend.intent","Que días hai reservados para a vindeira fin de semana?"
skill-ovos-date-time.openvoiceos,"date.future.weekend.intent","Que días nos esperan esta fin de semana?"
skill-ovos-date-time.openvoiceos,"date.future.weekend.intent","Que días para a vindeira fin de semana?"
skill-ovos-date-time.openvoiceos,"date.future.weekend.intent","Que días para esta fin de semana?"
skill-ovos-date-time.openvoiceos,"date.future.weekend.intent","Que días se esperan para a fin de semana que se achega?"
skill-ovos-date-time.openvoiceos,"date.future.weekend.intent","Que días se esperan para a vindeira fin de semana?"
skill-ovos-date-time.openvoiceos,"date.future.weekend.intent","Que días se prevén para a fin de semana seguinte á actual?"
skill-ovos-date-time.openvoiceos,"date.future.weekend.intent","Que días se prevén para a fin de semana seguinte?"
skill-ovos-date-time.openvoiceos,"date.future.weekend.intent","Que días se prevén para a vindeira fin de semana?"
skill-ovos-date-time.openvoiceos,"date.future.weekend.intent","Que días vai haber a fin de semana que nos espera?"
skill-ovos-date-time.openvoiceos,"date.future.weekend.intent","Que días vai haber a fin de semana que vén despois?"
skill-ovos-date-time.openvoiceos,"date.future.weekend.intent","Que días vai haber a fin de semana seguinte a esta?"
skill-ovos-date-time.openvoiceos,"date.future.weekend.intent","Que días vai haber a fin de semana seguinte á actual?"
skill-ovos-date-time.openvoiceos,"date.future.weekend.intent","Que días vai haber a próxima fin de semana?"
skill-ovos-date-time.openvoiceos,"date.future.weekend.intent","Que días vai haber a vindeira fin de semana?"
skill-ovos-date-time.openvoiceos,"date.future.weekend.intent","Que días vai haber esta fin de semana?"
skill-ovos-date-time.openvoiceos,"date.future.weekend.intent","Que días veñen esta fin de semana?"
skill-ovos-date-time.openvoiceos,"what.weekday.is.it.intent","cal día da semana é hoxe"
skill-ovos-date-time.openvoiceos,"what.weekday.is.it.intent","cal é o día da semana"
skill-ovos-date-time.openvoiceos,"what.weekday.is.it.intent","que día da semana temos hoxe"
skill-ovos-date-time.openvoiceos,"what.weekday.is.it.intent","que día da semana é hoxe"
skill-ovos-date-time.openvoiceos,"what.weekday.is.it.intent","que día é hoxe"
skill-ovos-date-time.openvoiceos,"what.day.is.it.intent","cal é a data de hoxe"
skill-ovos-date-time.openvoiceos,"what.day.is.it.intent","cal é o día de hoxe"
skill-ovos-date-time.openvoiceos,"what.day.is.it.intent","pódeste dicir que día é"
skill-ovos-date-time.openvoiceos,"what.day.is.it.intent","que día temos hoxe"
skill-ovos-date-time.openvoiceos,"what.day.is.it.intent","que día é hoxe"
skill-ovos-date-time.openvoiceos,"date.last.weekend.intent","Cales foron as datas da fin de semana anterior a esta?"
skill-ovos-date-time.openvoiceos,"date.last.weekend.intent","Cales foron as datas da fin de semana anterior?"
skill-ovos-date-time.openvoiceos,"date.last.weekend.intent","Cales foron as datas da fin de semana que acaba de pasar?"
skill-ovos-date-time.openvoiceos,"date.last.weekend.intent","Cales foron os días da fin de semana pasada?"
skill-ovos-date-time.openvoiceos,"date.last.weekend.intent","Cando foi a fin de semana anterior?"
skill-ovos-date-time.openvoiceos,"date.last.weekend.intent","Dime as datas concretas da fin de semana anterior."
skill-ovos-date-time.openvoiceos,"date.last.weekend.intent","Dime as datas concretas da fin de semana pasada."
skill-ovos-date-time.openvoiceos,"date.last.weekend.intent","Dime as datas da fin de semana anterior a esta."
skill-ovos-date-time.openvoiceos,"date.last.weekend.intent","Dime as datas da fin de semana anterior á última."
skill-ovos-date-time.openvoiceos,"date.last.weekend.intent","Dime as datas da fin de semana anterior."
skill-ovos-date-time.openvoiceos,"date.last.weekend.intent","Dime as datas da fin de semana que acaba de rematar."
skill-ovos-date-time.openvoiceos,"date.last.weekend.intent","Dime as datas da fin de semana que acaba de terminar."
skill-ovos-date-time.openvoiceos,"date.last.weekend.intent","Dime os días que caeron na fin de semana pasada."
skill-ovos-date-time.openvoiceos,"date.last.weekend.intent","Dime os días que comprenderon a fin de semana pasada."
skill-ovos-date-time.openvoiceos,"date.last.weekend.intent","Dime os días que comprenderon a fin de semana que acaba de rematar."
skill-ovos-date-time.openvoiceos,"date.last.weekend.intent","Indícame as datas da fin de semana anterior á última."
skill-ovos-date-time.openvoiceos,"date.last.weekend.intent","Infórmame das datas da fin de semana anterior á última."
skill-ovos-date-time.openvoiceos,"date.last.weekend.intent","Infórmame das datas da fin de semana pasada."
skill-ovos-date-time.openvoiceos,"date.last.weekend.intent","Infórmame das datas da fin de semana que acaba de rematar."
skill-ovos-date-time.openvoiceos,"date.last.weekend.intent","Infórmame dos días que constituíron a fin de semana pasada."
skill-ovos-date-time.openvoiceos,"date.last.weekend.intent","Interésame saber as datas da última fin de semana."
skill-ovos-date-time.openvoiceos,"date.last.weekend.intent","Podes dicirme os días da fin de semana anterior?"
skill-ovos-date-time.openvoiceos,"date.last.weekend.intent","Podes dicirme que días foron a fin de semana pasada?"
skill-ovos-date-time.openvoiceos,"date.last.weekend.intent","Podes proporcionar as datas da fin de semana anterior a esta?"
skill-ovos-date-time.openvoiceos,"date.last.weekend.intent","Podes proporcionar os días da fin de semana pasada?"
skill-ovos-date-time.openvoiceos,"date.last.weekend.intent","Proporcióname as datas concretas da fin de semana anterior á última."
skill-ovos-date-time.openvoiceos,"date.last.weekend.intent","Proporcióname os días da anterior fin de semana."
skill-ovos-date-time.openvoiceos,"date.last.weekend.intent","Proporcióname os días da última fin de semana."
skill-ovos-date-time.openvoiceos,"date.last.weekend.intent","Que datas abrangueu a fin de semana pasada?"
skill-ovos-date-time.openvoiceos,"date.last.weekend.intent","Que datas caeron na fin de semana pasada?"
skill-ovos-date-time.openvoiceos,"date.last.weekend.intent","Que datas constituíron a fin de semana pasada?"
skill-ovos-date-time.openvoiceos,"date.last.weekend.intent","Que datas englobou a fin de semana pasada?"
skill-ovos-date-time.openvoiceos,"date.last.weekend.intent","Que datas se consideraron a fin de semana pasada?"
skill-ovos-date-time.openvoiceos,"date.last.weekend.intent","Que días abrangueu a fin de semana pasada?"
skill-ovos-date-time.openvoiceos,"date.last.weekend.intent","Que días caeron na fin de semana pasada?"
skill-ovos-date-time.openvoiceos,"date.last.weekend.intent","Que días englobou a fin de semana pasada?"
skill-ovos-date-time.openvoiceos,"date.last.weekend.intent","Que días estaban incluídos na fin de semana anterior a esta?"
skill-ovos-date-time.openvoiceos,"date.last.weekend.intent","Que días estaban incluídos na fin de semana anterior á actual?"
skill-ovos-date-time.openvoiceos,"date.last.weekend.intent","Que días estaban incluídos na fin de semana pasada?"
skill-ovos-date-time.openvoiceos,"date.last.weekend.intent","Que días formaron parte da fin de semana anterior a esta?"
skill-ovos-date-time.openvoiceos,"date.last.weekend.intent","Que días formaron parte da fin de semana pasada?"
skill-ovos-date-time.openvoiceos,"date.last.weekend.intent","Que días formaron parte da fin de semana que acaba de rematar?"
skill-ovos-date-time.openvoiceos,"date.last.weekend.intent","Que días incluíu a fin de semana pasada?"
skill-ovos-date-time.openvoiceos,"date.last.weekend.intent","que data foi a fin de semana pasada"
skill-ovos-date-time.openvoiceos,"date.last.weekend.intent","que datas foron a fin de semana pasada"
skill-ovos-date-time.openvoiceos,"date.last.weekend.intent","que día foi a fin de semana pasada"
skill-ovos-date-time.openvoiceos,"date.last.weekend.intent","que días foron a fin de semana pasada"
skill-ovos-date-time.openvoiceos,"date.last.weekend.intent","que días houbo a fin de semana pasada"
skill-ovos-date-time.openvoiceos,"date.last.weekend.intent","que días houbo na fin de semana pasada"
skill-ovos-date-time.openvoiceos,"what.time.will.it.be.intent","que hora vai ser dentro de {offset} horas"
skill-ovos-date-time.openvoiceos,"what.time.will.it.be.intent","que hora vai ser dentro de {offset} horas a partir de agora"
skill-ovos-date-time.openvoiceos,"what.time.will.it.be.intent","que hora vai ser dentro de {offset} horas a partir de agora en {location}"
skill-ovos-date-time.openvoiceos,"what.time.will.it.be.intent","que hora vai ser dentro de {offset} horas en {location}"
skill-ovos-date-time.openvoiceos,"what.time.will.it.be.intent","que hora vai ser dentro de {offset} minutos"
skill-ovos-date-time.openvoiceos,"what.time.will.it.be.intent","que hora vai ser dentro de {offset} minutos a partir de agora"
skill-ovos-date-time.openvoiceos,"what.time.will.it.be.intent","que hora vai ser dentro de {offset} minutos a partir de agora en {location}"
skill-ovos-date-time.openvoiceos,"what.time.will.it.be.intent","que hora vai ser dentro de {offset} minutos en {location}"
skill-ovos-date-time.openvoiceos,"what.time.will.it.be.intent","que hora vai ser dentro de {offset} segundos"
skill-ovos-date-time.openvoiceos,"what.time.will.it.be.intent","que hora vai ser dentro de {offset} segundos a partir de agora"
skill-ovos-date-time.openvoiceos,"what.time.will.it.be.intent","que hora vai ser dentro de {offset} segundos a partir de agora en {location}"
skill-ovos-date-time.openvoiceos,"what.time.will.it.be.intent","que hora vai ser dentro de {offset} segundos en {location}"
skill-ovos-date-time.openvoiceos,"what.time.will.it.be.intent","que vai ser dentro de {offset} horas"
skill-ovos-date-time.openvoiceos,"what.time.will.it.be.intent","que vai ser dentro de {offset} horas a partir de agora"
skill-ovos-date-time.openvoiceos,"what.time.will.it.be.intent","que vai ser dentro de {offset} horas en {location}"
skill-ovos-date-time.openvoiceos,"what.time.will.it.be.intent","que vai ser dentro de {offset} minutos"
skill-ovos-date-time.openvoiceos,"what.time.will.it.be.intent","que vai ser dentro de {offset} minutos a partir de agora"
skill-ovos-date-time.openvoiceos,"what.time.will.it.be.intent","que vai ser dentro de {offset} minutos a partir de agora en {location}"
skill-ovos-date-time.openvoiceos,"what.time.will.it.be.intent","que vai ser dentro de {offset} minutos en {location}"
skill-ovos-date-time.openvoiceos,"what.time.will.it.be.intent","que vai ser dentro de {offset} segundos"
skill-ovos-date-time.openvoiceos,"what.time.will.it.be.intent","que vai ser dentro de {offset} segundos a partir de agora"
skill-ovos-date-time.openvoiceos,"what.time.will.it.be.intent","que vai ser dentro de {offset} segundos a partir de agora en {location}"
skill-ovos-date-time.openvoiceos,"what.time.will.it.be.intent","que vai ser dentro de {offset} segundos en {location}"
skill-ovos-date-time.openvoiceos,"what.time.will.it.be.intent","que é dentro de {offset} horas"
skill-ovos-date-time.openvoiceos,"what.time.will.it.be.intent","que é dentro de {offset} horas a partir de agora"
skill-ovos-date-time.openvoiceos,"what.time.will.it.be.intent","que é dentro de {offset} horas a partir de agora en {location}"
skill-ovos-date-time.openvoiceos,"what.time.will.it.be.intent","que é dentro de {offset} horas en {location}"
skill-ovos-date-time.openvoiceos,"what.time.will.it.be.intent","que é dentro de {offset} minutos"
skill-ovos-date-time.openvoiceos,"what.time.will.it.be.intent","que é dentro de {offset} minutos a partir de agora"
skill-ovos-date-time.openvoiceos,"what.time.will.it.be.intent","que é dentro de {offset} minutos a partir de agora en {location}"
skill-ovos-date-time.openvoiceos,"what.time.will.it.be.intent","que é dentro de {offset} minutos en {location}"
skill-ovos-date-time.openvoiceos,"what.time.will.it.be.intent","que é dentro de {offset} segundos"
skill-ovos-date-time.openvoiceos,"what.time.will.it.be.intent","que é dentro de {offset} segundos a partir de agora"
skill-ovos-date-time.openvoiceos,"what.time.will.it.be.intent","que é dentro de {offset} segundos a partir de agora en {location}"
skill-ovos-date-time.openvoiceos,"what.time.will.it.be.intent","que é dentro de {offset} segundos en {location}"
skill-ovos-ddg.openvoiceos,"official_website.intent","cal é o sitio web oficial de {keyword}"
skill-ovos-ddg.openvoiceos,"search_duck.intent","preguntar a duck duck go sobre {keyword}"
skill-ovos-ddg.openvoiceos,"search_duck.intent","preguntar a duck duck por {keyword}"
skill-ovos-ddg.openvoiceos,"search_duck.intent","procurar en duck duck go {keyword}"
skill-ovos-ddg.openvoiceos,"search_duck.intent","procurar en duck duck {keyword}"
skill-ovos-ddg.openvoiceos,"search_duck.intent","procurar en duck {keyword}"
skill-ovos-ddg.openvoiceos,"search_duck.intent","que di duck duck go sobre {keyword}"
skill-ovos-ddg.openvoiceos,"search_duck.intent","que di duck duck sobre {keyword}"
skill-ovos-ddg.openvoiceos,"search_duck.intent","que di duck sobre {keyword}"
skill-ovos-ddg.openvoiceos,"education.intent","onde estudou {keyword}"
skill-ovos-ddg.openvoiceos,"education.intent","onde se formou {keyword}"
skill-ovos-ddg.openvoiceos,"died.intent","data da morte de {keyword}"
skill-ovos-ddg.openvoiceos,"died.intent","día da morte de {keyword}"
skill-ovos-ddg.openvoiceos,"died.intent","cando finou {keyword}"
skill-ovos-ddg.openvoiceos,"died.intent","cando morreu {keyword}"
skill-ovos-ddg.openvoiceos,"age_at_death.intent","a que anos morreu {keyword}"
skill-ovos-ddg.openvoiceos,"age_at_death.intent","cantos anos tiña {keyword} cando morreu"
skill-ovos-ddg.openvoiceos,"age_at_death.intent","cantos anos tiña {keyword} o día que morreu"
skill-ovos-ddg.openvoiceos,"born.intent","cando é o aniversario de que día fai anos {keyword}"
skill-ovos-ddg.openvoiceos,"born.intent","data de nacemento de {keyword}"
skill-ovos-ddg.openvoiceos,"born.intent","día de nacemento de {keyword}"
skill-ovos-ddg.openvoiceos,"born.intent","cando naceu {keyword}"
skill-ovos-ddg.openvoiceos,"thesis.intent","que é o tema da tese {keyword}"
skill-ovos-ddg.openvoiceos,"alma_mater.intent","onde estudou {keyword}"
skill-ovos-ddg.openvoiceos,"known_for.intent","por que se coñece {keyword}"
skill-ovos-ddg.openvoiceos,"known_for.intent","por que ten fama {keyword}"
skill-ovos-ddg.openvoiceos,"children.intent","cantos fillos ten {keyword}"
skill-ovos-ddg.openvoiceos,"children.intent","cantos fillos tivo {keyword}"
skill-ovos-ddg.openvoiceos,"birthdate.intent","cal é a data de nacemento de {person}"
skill-ovos-ddg.openvoiceos,"birthdate.intent","cando fai anos {person}"
skill-ovos-ddg.openvoiceos,"birthdate.intent","cando naceu {person}"
skill-ovos-ddg.openvoiceos,"resting_place.intent","onde descansan os restos de {keyword}"
skill-ovos-ddg.openvoiceos,"resting_place.intent","onde está enterrado {keyword}"
skill-ovos-ddg.openvoiceos,"fields.intent","cal é o eido de especialización de {keyword}"
skill-ovos-ddg.openvoiceos,"who.intent","quen é {person}"
skill-ovos-hello-world.openvoiceos,"HowAreYou.intent","como estiveches"
skill-ovos-hello-world.openvoiceos,"HowAreYou.intent","como estás"
skill-ovos-hello-world.openvoiceos,"HowAreYou.intent","como foi o teu día"
skill-ovos-hello-world.openvoiceos,"Greetings.intent","boas"
skill-ovos-hello-world.openvoiceos,"Greetings.intent","boas noites"
skill-ovos-hello-world.openvoiceos,"Greetings.intent","boas tardes"
skill-ovos-hello-world.openvoiceos,"Greetings.intent","bos días"
skill-ovos-hello-world.openvoiceos,"Greetings.intent","como vai"
skill-ovos-hello-world.openvoiceos,"Greetings.intent","encantado de verte"
skill-ovos-hello-world.openvoiceos,"Greetings.intent","hai tempo que non nos vemos"
skill-ovos-hello-world.openvoiceos,"Greetings.intent","ola"
skill-ovos-hello-world.openvoiceos,"Greetings.intent","que tal"
skill-ovos-hello-world.openvoiceos,"HowAreYou.intent","como che foi"
skill-ovos-hello-world.openvoiceos,"HowAreYou.intent","como che foi o día"
skill-ovos-hello-world.openvoiceos,"HowAreYou.intent","que tal"
skill-ovos-local-media.openvoiceos,"open.file.browser.intent","abrir  a aplicación do explorador de ficheiros"
skill-ovos-local-media.openvoiceos,"open.file.browser.intent","arrincar a aplicación do explorador de ficheiros"
skill-ovos-local-media.openvoiceos,"open.file.browser.intent","mostrar  a aplicación do explorador de ficheiros"
skill-ovos-local-media.openvoiceos,"open.file.browser.intent","abrir  a aplicación do explorador usb"
skill-ovos-local-media.openvoiceos,"open.file.browser.intent","arrincar a aplicación do explorador usb"
skill-ovos-local-media.openvoiceos,"open.file.browser.intent","mostrar  a aplicación do explorador usb"
skill-ovos-local-media.openvoiceos,"open.file.browser.intent","abrir  o explorador de ficheiros"
skill-ovos-local-media.openvoiceos,"open.file.browser.intent","arrincar o explorador de ficheiros"
skill-ovos-local-media.openvoiceos,"open.file.browser.intent","mostrar  o explorador de ficheiros"
skill-ovos-local-media.openvoiceos,"open.file.browser.intent","abrir  o explorador de usb"
skill-ovos-local-media.openvoiceos,"open.file.browser.intent","arrincar o explorador de usb"
skill-ovos-local-media.openvoiceos,"open.file.browser.intent","mostrar  o explorador de usb"
skill-ovos-local-media.openvoiceos,"open.file.browser.intent","arrincar  a miña  explorador de ficheiros"
skill-ovos-local-media.openvoiceos,"open.file.browser.intent","arrincar  a miña  unidade do explorador de ficheiros"
skill-ovos-local-media.openvoiceos,"open.file.browser.intent","arrincar  o meu  explorador de ficheiros"
skill-ovos-local-media.openvoiceos,"open.file.browser.intent","arrincar  o meu  unidade do explorador de ficheiros"
skill-ovos-local-media.openvoiceos,"open.file.browser.intent","mostrar a miña  explorador de ficheiros"
skill-ovos-local-media.openvoiceos,"open.file.browser.intent","mostrar a miña  unidade do explorador de ficheiros"
skill-ovos-local-media.openvoiceos,"open.file.browser.intent","mostrar o meu  explorador de ficheiros"
skill-ovos-local-media.openvoiceos,"open.file.browser.intent","mostrar o meu  unidade do explorador de ficheiros"
skill-ovos-local-media.openvoiceos,"open.file.browser.intent","arrincar  a miña  unidade usb"
skill-ovos-local-media.openvoiceos,"open.file.browser.intent","arrincar  a miña  usb"
skill-ovos-local-media.openvoiceos,"open.file.browser.intent","arrincar  o meu  unidade usb"
skill-ovos-local-media.openvoiceos,"open.file.browser.intent","arrincar  o meu  usb"
skill-ovos-local-media.openvoiceos,"open.file.browser.intent","mostrar a miña  unidade usb"
skill-ovos-local-media.openvoiceos,"open.file.browser.intent","mostrar a miña  usb"
skill-ovos-local-media.openvoiceos,"open.file.browser.intent","mostrar o meu  unidade usb"
skill-ovos-local-media.openvoiceos,"open.file.browser.intent","mostrar o meu  usb"
skill-ovos-local-media.openvoiceos,"open.file.browser.intent","abrir a aplicación do explorador de ficheiros"
skill-ovos-local-media.openvoiceos,"open.file.browser.intent","abrir a aplicación do explorador de usb"
skill-ovos-local-media.openvoiceos,"open.file.browser.intent","abrir a miña unidade do explorador de ficheiros"
skill-ovos-local-media.openvoiceos,"open.file.browser.intent","abrir a miña unidade usb"
skill-ovos-local-media.openvoiceos,"open.file.browser.intent","abrir a unidade do explorador de ficheiros"
skill-ovos-local-media.openvoiceos,"open.file.browser.intent","abrir o explorador de ficheiros"
skill-ovos-local-media.openvoiceos,"open.file.browser.intent","abrir o explorador de usb"
skill-ovos-local-media.openvoiceos,"open.file.browser.intent","abrir o meu explorador de ficheiros"
skill-ovos-local-media.openvoiceos,"open.file.browser.intent","abrir o meu usb"
skill-ovos-local-media.openvoiceos,"open.file.browser.intent","abrir unidade usb"
skill-ovos-local-media.openvoiceos,"open.file.browser.intent","abrir usb"
skill-ovos-local-media.openvoiceos,"open.file.browser.intent","arrincar a aplicación do explorador de ficheiros"
skill-ovos-local-media.openvoiceos,"open.file.browser.intent","arrincar a aplicación do explorador de usb"
skill-ovos-local-media.openvoiceos,"open.file.browser.intent","arrincar o explorador de ficheiros"
skill-ovos-local-media.openvoiceos,"open.file.browser.intent","arrincar o explorador de usb"
skill-ovos-local-media.openvoiceos,"open.file.browser.intent","mostrar a miña unidade do explorador de ficheiros"
skill-ovos-local-media.openvoiceos,"open.file.browser.intent","mostrar a miña unidade usb"
skill-ovos-local-media.openvoiceos,"open.file.browser.intent","mostrar a unidade do explorador de ficheiros"
skill-ovos-local-media.openvoiceos,"open.file.browser.intent","mostrar aplicación do explorador de ficheiros"
skill-ovos-local-media.openvoiceos,"open.file.browser.intent","mostrar aplicación do explorador de usb"
skill-ovos-local-media.openvoiceos,"open.file.browser.intent","mostrar o explorador de ficheiros"
skill-ovos-local-media.openvoiceos,"open.file.browser.intent","mostrar o explorador de usb"
skill-ovos-local-media.openvoiceos,"open.file.browser.intent","mostrar o meu explorador de ficheiros"
skill-ovos-local-media.openvoiceos,"open.file.browser.intent","mostrar o meu usb"
skill-ovos-local-media.openvoiceos,"open.file.browser.intent","mostrar unidade usb"
skill-ovos-local-media.openvoiceos,"open.file.browser.intent","mostrar usb"
skill-ovos-naptime.openvoiceos,"naptime.intent","activar o modo de suspensión"
skill-ovos-naptime.openvoiceos,"naptime.intent","adormecer"
skill-ovos-naptime.openvoiceos,"naptime.intent","adurmiñar"
skill-ovos-naptime.openvoiceos,"naptime.intent","comezar a botar a sesta"
skill-ovos-naptime.openvoiceos,"naptime.intent","comezar a hora da soneca"
skill-ovos-naptime.openvoiceos,"naptime.intent","comezar a sesta"
skill-ovos-naptime.openvoiceos,"naptime.intent","comezar a suspensión"
skill-ovos-naptime.openvoiceos,"naptime.intent","comezar o intervalo de suspensión"
skill-ovos-naptime.openvoiceos,"naptime.intent","comezar o modo de toqueada"
skill-ovos-naptime.openvoiceos,"naptime.intent","comezar o período de sesta"
skill-ovos-naptime.openvoiceos,"naptime.intent","comezar o tempo de inactividade"
skill-ovos-naptime.openvoiceos,"naptime.intent","comezar sesión de suspensión"
skill-ovos-naptime.openvoiceos,"naptime.intent","comezar unha sesta reparadora"
skill-ovos-naptime.openvoiceos,"naptime.intent","entrar en hibernación"
skill-ovos-naptime.openvoiceos,"naptime.intent","entrar no modo de repouso"
skill-ovos-naptime.openvoiceos,"naptime.intent","entrar no modo de suspensión"
skill-ovos-naptime.openvoiceos,"naptime.intent","entrar no modo silencioso"
skill-ovos-naptime.openvoiceos,"naptime.intent","entrar no mundo dos soños"
skill-ovos-naptime.openvoiceos,"naptime.intent","hora da sesta"
skill-ovos-naptime.openvoiceos,"naptime.intent","hora de durmir"
skill-ovos-naptime.openvoiceos,"naptime.intent","imos calar un chisco"
skill-ovos-naptime.openvoiceos,"naptime.intent","imos durmir"
skill-ovos-naptime.openvoiceos,"naptime.intent","imos durmir a sesta"
skill-ovos-naptime.openvoiceos,"naptime.intent","iniciar a hora da sesta"
skill-ovos-naptime.openvoiceos,"naptime.intent","iniciar a hora do silencio"
skill-ovos-naptime.openvoiceos,"naptime.intent","iniciar a sesta"
skill-ovos-naptime.openvoiceos,"naptime.intent","iniciar o modo da sesta"
skill-ovos-naptime.openvoiceos,"naptime.intent","iniciar o modo de suspensión"
skill-ovos-naptime.openvoiceos,"naptime.intent","pechar os olliños"
skill-ovos-news.openvoiceos,"global_news.intent","Cal é a última nova global?"
skill-ovos-news.openvoiceos,"global_news.intent","Cal é a última nova internacional?"
skill-ovos-news.openvoiceos,"global_news.intent","Cal é a última nova mundial?"
skill-ovos-news.openvoiceos,"global_news.intent","Como está o mundo hoxe?"
skill-ovos-news.openvoiceos,"global_news.intent","Dame unha actualización das noticias do mundo"
skill-ovos-news.openvoiceos,"global_news.intent","Dame unha actualización das noticias globais"
skill-ovos-news.openvoiceos,"global_news.intent","Dame unha actualización das noticias internacionais"
skill-ovos-news.openvoiceos,"global_news.intent","Dame unha actualización das noticias mundiais"
skill-ovos-news.openvoiceos,"global_news.intent","Dame unha actualización das novas do mundo"
skill-ovos-news.openvoiceos,"global_news.intent","Dame unha actualización das novas globais"
skill-ovos-news.openvoiceos,"global_news.intent","Dame unha actualización das novas internacionais"
skill-ovos-news.openvoiceos,"global_news.intent","Dame unha actualización das novas mundiais"
skill-ovos-news.openvoiceos,"global_news.intent","Dime as noticias do mundo"
skill-ovos-news.openvoiceos,"global_news.intent","Dime as noticias globais"
skill-ovos-news.openvoiceos,"global_news.intent","Dime as noticias internacionais"
skill-ovos-news.openvoiceos,"global_news.intent","Dime as noticias mundiais"
skill-ovos-news.openvoiceos,"global_news.intent","Dime as novas do mundo"
skill-ovos-news.openvoiceos,"global_news.intent","Dime as novas globais"
skill-ovos-news.openvoiceos,"global_news.intent","Dime as novas internacionais"
skill-ovos-news.openvoiceos,"global_news.intent","Dime as novas mundiais"
skill-ovos-news.openvoiceos,"global_news.intent","Explícame que está a pasar a nivel internacional"
skill-ovos-news.openvoiceos,"global_news.intent","Explícame que está a pasar no mundo"
skill-ovos-news.openvoiceos,"global_news.intent","Explícame que está a pasar por todo o mundo"
skill-ovos-news.openvoiceos,"global_news.intent","Hai algunha nova de última hora globalmente?"
skill-ovos-news.openvoiceos,"global_news.intent","Hai algunha nova de última hora internacionalmente?"
skill-ovos-news.openvoiceos,"global_news.intent","Hai algunha nova de última hora mundialmente?"
skill-ovos-news.openvoiceos,"global_news.intent","Hai algunha nova importante global?"
skill-ovos-news.openvoiceos,"global_news.intent","Hai algunha nova importante internacional?"
skill-ovos-news.openvoiceos,"global_news.intent","Hai algunha nova importante mundial?"
skill-ovos-news.openvoiceos,"global_news.intent","Que aconteceu a nivel internacional?"
skill-ovos-news.openvoiceos,"global_news.intent","Que aconteceu no mundo?"
skill-ovos-news.openvoiceos,"global_news.intent","Que aconteceu por todo o mundo?"
skill-ovos-news.openvoiceos,"global_news.intent","dame noticias do mundo"
skill-ovos-news.openvoiceos,"global_news.intent","dame noticias globais"
skill-ovos-news.openvoiceos,"global_news.intent","dame noticias internacionais"
skill-ovos-news.openvoiceos,"global_news.intent","dame noticias mundiais"
skill-ovos-news.openvoiceos,"global_news.intent","dame novas do mundo"
skill-ovos-news.openvoiceos,"global_news.intent","dame novas globais"
skill-ovos-news.openvoiceos,"global_news.intent","dame novas internacionais"
skill-ovos-news.openvoiceos,"global_news.intent","dame novas mundiais"
skill-ovos-news.openvoiceos,"global_news.intent","poñer noticias do mundo"
skill-ovos-news.openvoiceos,"global_news.intent","poñer noticias globais"
skill-ovos-news.openvoiceos,"global_news.intent","poñer noticias internacionais"
skill-ovos-news.openvoiceos,"global_news.intent","poñer noticias mundiais"
skill-ovos-news.openvoiceos,"global_news.intent","poñer novas do mundo"
skill-ovos-news.openvoiceos,"global_news.intent","poñer novas globais"
skill-ovos-news.openvoiceos,"global_news.intent","poñer novas internacionais"
skill-ovos-news.openvoiceos,"global_news.intent","poñer novas mundiais"
skill-ovos-news.openvoiceos,"global_news.intent","quero noticias do mundo"
skill-ovos-news.openvoiceos,"global_news.intent","quero noticias globais"
skill-ovos-news.openvoiceos,"global_news.intent","quero noticias internacionais"
skill-ovos-news.openvoiceos,"global_news.intent","quero noticias mundiais"
skill-ovos-news.openvoiceos,"global_news.intent","quero novas do mundo"
skill-ovos-news.openvoiceos,"global_news.intent","quero novas globais"
skill-ovos-news.openvoiceos,"global_news.intent","quero novas internacionais"
skill-ovos-news.openvoiceos,"global_news.intent","quero novas mundiais"
skill-ovos-news.openvoiceos,"global_news.intent","últimas noticias do mundo"
skill-ovos-news.openvoiceos,"global_news.intent","últimas noticias globais"
skill-ovos-news.openvoiceos,"global_news.intent","últimas noticias internacionais"
skill-ovos-news.openvoiceos,"global_news.intent","últimas noticias mundiais"
skill-ovos-news.openvoiceos,"global_news.intent","últimas novas do mundo"
skill-ovos-news.openvoiceos,"global_news.intent","últimas novas globais"
skill-ovos-news.openvoiceos,"global_news.intent","últimas novas internacionais"
skill-ovos-news.openvoiceos,"global_news.intent","últimas novas mundiais"
skill-ovos-news.openvoiceos,"news.intent","actualízame con  noticias"
skill-ovos-news.openvoiceos,"news.intent","actualízame con  novas"
skill-ovos-news.openvoiceos,"news.intent","actualízame con as noticias"
skill-ovos-news.openvoiceos,"news.intent","actualízame con as novas"
skill-ovos-news.openvoiceos,"news.intent","actualízame sobre  noticias"
skill-ovos-news.openvoiceos,"news.intent","actualízame sobre  novas"
skill-ovos-news.openvoiceos,"news.intent","actualízame sobre as noticias"
skill-ovos-news.openvoiceos,"news.intent","actualízame sobre as novas"
skill-ovos-news.openvoiceos,"news.intent","cales son noticias"
skill-ovos-news.openvoiceos,"news.intent","cales son novas"
skill-ovos-news.openvoiceos,"news.intent","calquera nova de última hora"
skill-ovos-news.openvoiceos,"news.intent","coloca  noticias"
skill-ovos-news.openvoiceos,"news.intent","coloca  novas"
skill-ovos-news.openvoiceos,"news.intent","coloca as noticias"
skill-ovos-news.openvoiceos,"news.intent","coloca as novas"
skill-ovos-news.openvoiceos,"news.intent","dame  noticias"
skill-ovos-news.openvoiceos,"news.intent","dame  novas"
skill-ovos-news.openvoiceos,"news.intent","dame as noticias"
skill-ovos-news.openvoiceos,"news.intent","dame as novas"
skill-ovos-news.openvoiceos,"news.intent","dime  noticias"
skill-ovos-news.openvoiceos,"news.intent","dime  novas"
skill-ovos-news.openvoiceos,"news.intent","dime as noticias"
skill-ovos-news.openvoiceos,"news.intent","dime as noticias de hoxe"
skill-ovos-news.openvoiceos,"news.intent","dime as novas"
skill-ovos-news.openvoiceos,"news.intent","dime as novas de hoxe"
skill-ovos-news.openvoiceos,"news.intent","escoitar  noticias"
skill-ovos-news.openvoiceos,"news.intent","escoitar  novas"
skill-ovos-news.openvoiceos,"news.intent","escoitar as noticias"
skill-ovos-news.openvoiceos,"news.intent","escoitar as novas"
skill-ovos-news.openvoiceos,"news.intent","explícame as noticias de hoxe"
skill-ovos-news.openvoiceos,"news.intent","explícame as novas de hoxe"
skill-ovos-news.openvoiceos,"news.intent","gustaríame escoitar  noticias"
skill-ovos-news.openvoiceos,"news.intent","gustaríame escoitar  novas"
skill-ovos-news.openvoiceos,"news.intent","gustaríame escoitar as noticias"
skill-ovos-news.openvoiceos,"news.intent","gustaríame escoitar as novas"
skill-ovos-news.openvoiceos,"news.intent","informa  noticias"
skill-ovos-news.openvoiceos,"news.intent","informa  novas"
skill-ovos-news.openvoiceos,"news.intent","informa as noticias"
skill-ovos-news.openvoiceos,"news.intent","informa as novas"
skill-ovos-news.openvoiceos,"news.intent","informe de noticias"
skill-ovos-news.openvoiceos,"news.intent","informe de novas"
skill-ovos-news.openvoiceos,"news.intent","lémbame as noticias de hoxe"
skill-ovos-news.openvoiceos,"news.intent","lémbame as novas de hoxe"
skill-ovos-news.openvoiceos,"news.intent","necesito escoitar as noticias"
skill-ovos-news.openvoiceos,"news.intent","necesito escoitar as novas"
skill-ovos-news.openvoiceos,"news.intent","necesito saber  noticias"
skill-ovos-news.openvoiceos,"news.intent","necesito saber  novas"
skill-ovos-news.openvoiceos,"news.intent","necesito saber as noticias"
skill-ovos-news.openvoiceos,"news.intent","necesito saber as novas"
skill-ovos-news.openvoiceos,"news.intent","noticias de última hora"
skill-ovos-news.openvoiceos,"news.intent","novas de última hora"
skill-ovos-news.openvoiceos,"news.intent","podes lerme as noticias"
skill-ovos-news.openvoiceos,"news.intent","podes lerme as novas"
skill-ovos-news.openvoiceos,"news.intent","poñer  noticias"
skill-ovos-news.openvoiceos,"news.intent","poñer  novas"
skill-ovos-news.openvoiceos,"news.intent","poñer as noticias"
skill-ovos-news.openvoiceos,"news.intent","poñer as novas"
skill-ovos-news.openvoiceos,"news.intent","poñerme as noticias do día"
skill-ovos-news.openvoiceos,"news.intent","poñerme as novas do día"
skill-ovos-news.openvoiceos,"news.intent","pódome lerme as noticias"
skill-ovos-news.openvoiceos,"news.intent","pódome lerme as novas"
skill-ovos-news.openvoiceos,"news.intent","quero escoitar as noticias"
skill-ovos-news.openvoiceos,"news.intent","quero escoitar as novas"
skill-ovos-news.openvoiceos,"news.intent","qué din as noticias"
skill-ovos-news.openvoiceos,"news.intent","qué din as novas"
skill-ovos-news.openvoiceos,"news.intent","qué hai nas noticias"
skill-ovos-news.openvoiceos,"news.intent","qué hai nas novas"
skill-ovos-news.openvoiceos,"news.intent","qué pasa nas noticias"
skill-ovos-news.openvoiceos,"news.intent","qué pasa nas novas"
skill-ovos-news.openvoiceos,"news.intent","reproducir  noticias"
skill-ovos-news.openvoiceos,"news.intent","reproducir  novas"
skill-ovos-news.openvoiceos,"news.intent","reproducir as noticias"
skill-ovos-news.openvoiceos,"news.intent","reproducir as novas"
skill-ovos-news.openvoiceos,"news.intent","titulares das noticias"
skill-ovos-news.openvoiceos,"news.intent","titulares das novas"
skill-ovos-news.openvoiceos,"news.intent","toca  noticias"
skill-ovos-news.openvoiceos,"news.intent","toca  novas"
skill-ovos-news.openvoiceos,"news.intent","toca as noticias"
skill-ovos-news.openvoiceos,"news.intent","toca as novas"
skill-ovos-news.openvoiceos,"news.intent","últimas noticias"
skill-ovos-news.openvoiceos,"news.intent","últimas novas"
skill-ovos-parrot.openvoiceos,"stop_parrot.intent","modo papagaio  cancelar"
skill-ovos-parrot.openvoiceos,"stop_parrot.intent","repetición  cancelar"
skill-ovos-parrot.openvoiceos,"stop_parrot.intent","modo papagaio  desactivar"
skill-ovos-parrot.openvoiceos,"stop_parrot.intent","repetición  desactivar"
skill-ovos-parrot.openvoiceos,"stop_parrot.intent","modo papagaio  deshabilitar"
skill-ovos-parrot.openvoiceos,"stop_parrot.intent","repetición  deshabilitar"
skill-ovos-parrot.openvoiceos,"stop_parrot.intent","modo papagaio  deter"
skill-ovos-parrot.openvoiceos,"stop_parrot.intent","repetición  deter"
skill-ovos-parrot.openvoiceos,"stop_parrot.intent","modo papagaio  parar"
skill-ovos-parrot.openvoiceos,"stop_parrot.intent","repetición  parar"
skill-ovos-parrot.openvoiceos,"stop_parrot.intent","cancelar  repetición"
skill-ovos-parrot.openvoiceos,"stop_parrot.intent","cancelar modo papagaio"
skill-ovos-parrot.openvoiceos,"stop_parrot.intent","desactivar  repetición"
skill-ovos-parrot.openvoiceos,"stop_parrot.intent","desactivar modo papagaio"
skill-ovos-parrot.openvoiceos,"stop_parrot.intent","deshabilitar  repetición"
skill-ovos-parrot.openvoiceos,"stop_parrot.intent","deshabilitar modo papagaio"
skill-ovos-parrot.openvoiceos,"stop_parrot.intent","deter  repetición"
skill-ovos-parrot.openvoiceos,"stop_parrot.intent","deter modo papagaio"
skill-ovos-parrot.openvoiceos,"stop_parrot.intent","para de repetir o que digo"
skill-ovos-parrot.openvoiceos,"stop_parrot.intent","parar  repetición"
skill-ovos-parrot.openvoiceos,"stop_parrot.intent","parar modo papagaio"
skill-ovos-parrot.openvoiceos,"start_parrot.intent","activar modo papagaio"
skill-ovos-parrot.openvoiceos,"start_parrot.intent","empezar a repetir"
skill-ovos-parrot.openvoiceos,"start_parrot.intent","iniciar modo papagaio"
skill-ovos-parrot.openvoiceos,"start_parrot.intent","iniciar papagaio"
skill-ovos-parrot.openvoiceos,"start_parrot.intent","inicio do modo papagaio"
skill-ovos-parrot.openvoiceos,"start_parrot.intent","modo papagaio activado"
skill-ovos-parrot.openvoiceos,"start_parrot.intent","repetir todo"
skill-ovos-parrot.openvoiceos,"start_parrot.intent","repite todo o que oias"
skill-ovos-parrot.openvoiceos,"speak.intent","di  {sentence}"
skill-ovos-parrot.openvoiceos,"speak.intent","di o que vou dicir {sentence}"
skill-ovos-parrot.openvoiceos,"speak.intent","repite  {sentence}"
skill-ovos-parrot.openvoiceos,"speak.intent","repite o que vou dicir {sentence}"
skill-ovos-parrot.openvoiceos,"speak.intent","di {sentence} despois de min"
skill-ovos-parrot.openvoiceos,"speak.intent","repite {sentence} despois de min"
skill-ovos-parrot.openvoiceos,"did.you.hear.me.intent","Dás oído iso?"
skill-ovos-parrot.openvoiceos,"did.you.hear.me.intent","Dás oído isto?"
skill-ovos-parrot.openvoiceos,"did.you.hear.me.intent","Dás oído me?"
skill-ovos-parrot.openvoiceos,"did.you.hear.me.intent","Oes iso?"
skill-ovos-parrot.openvoiceos,"did.you.hear.me.intent","Oes isto?"
skill-ovos-parrot.openvoiceos,"did.you.hear.me.intent","Oes me?"
skill-ovos-parrot.openvoiceos,"did.you.hear.me.intent","Oíches iso?"
skill-ovos-parrot.openvoiceos,"did.you.hear.me.intent","Oíches isto?"
skill-ovos-parrot.openvoiceos,"did.you.hear.me.intent","Oíches me?"
skill-ovos-parrot.openvoiceos,"did.you.hear.me.intent","Podes oír iso?"
skill-ovos-parrot.openvoiceos,"did.you.hear.me.intent","Podes oír isto?"
skill-ovos-parrot.openvoiceos,"did.you.hear.me.intent","Podes oír me?"
skill-ovos-parrot.openvoiceos,"repeat.stt.intent","Dime o que acabo de dicir."
skill-ovos-parrot.openvoiceos,"repeat.stt.intent","Dime o que dixen."
skill-ovos-parrot.openvoiceos,"repeat.stt.intent","Que acabo de dicirche?"
skill-ovos-parrot.openvoiceos,"repeat.stt.intent","Que che dixen?"
skill-ovos-parrot.openvoiceos,"repeat.stt.intent","Que me oíches dicir?"
skill-ovos-parrot.openvoiceos,"repeat.stt.intent","Que pensaches que dixen?"
skill-ovos-parrot.openvoiceos,"repeat.tts.intent","Podes repetir ?"
skill-ovos-parrot.openvoiceos,"repeat.tts.intent","Podes repetir iso?"
skill-ovos-parrot.openvoiceos,"repeat.tts.intent","repites ?"
skill-ovos-parrot.openvoiceos,"repeat.tts.intent","repites iso?"
skill-ovos-parrot.openvoiceos,"repeat.tts.intent","Di iso de novo."
skill-ovos-parrot.openvoiceos,"repeat.tts.intent","Di iso máis unha vez."
skill-ovos-parrot.openvoiceos,"repeat.tts.intent","Di iso outra vez."
skill-ovos-parrot.openvoiceos,"repeat.tts.intent","Podes repetir iso?"
skill-ovos-parrot.openvoiceos,"repeat.tts.intent","Podes repetir?"
skill-ovos-parrot.openvoiceos,"repeat.tts.intent","Que acabas de dicir?"
skill-ovos-parrot.openvoiceos,"repeat.tts.intent","Que me dixeches?"
skill-ovos-parrot.openvoiceos,"repeat.tts.intent","Que foi?"
skill-ovos-parrot.openvoiceos,"repeat.tts.intent","Repite iso."
skill-ovos-parrot.openvoiceos,"repeat.tts.intent","Repite o que acabas de dicir."
skill-ovos-parrot.openvoiceos,"repeat.tts.intent","Repite o que dixeches."
skill-ovos-randomness.openvoiceos,"roll-single-die.intent","lanza   dado"
skill-ovos-randomness.openvoiceos,"roll-single-die.intent","lanza un dado"
skill-ovos-randomness.openvoiceos,"roll-single-die.intent","lanza dados de {faces} caras"
skill-ovos-randomness.openvoiceos,"roll-single-die.intent","lanza un dado"
skill-ovos-randomness.openvoiceos,"roll-single-die.intent","lanza un dado de {faces} caras"
skill-ovos-randomness.openvoiceos,"flip-a-coin.intent","a caras ou cruces"
skill-ovos-randomness.openvoiceos,"roll-multiple-dice.intent","lanza {number} dado"
skill-ovos-randomness.openvoiceos,"roll-multiple-dice.intent","lanza {number} dados"
skill-ovos-randomness.openvoiceos,"roll-multiple-dice.intent","lanza {number} dado de {faces} caras"
skill-ovos-randomness.openvoiceos,"roll-multiple-dice.intent","lanza {number} dados de {faces} caras"
skill-ovos-randomness.openvoiceos,"roll-multiple-dice.intent","lanza {number} de {faces}"
skill-ovos-randomness.openvoiceos,"pick-a-number.intent","elixe un número entre {lower} e {upper}"
skill-ovos-randomness.openvoiceos,"pick-a-number.intent","escolle un número entre {lower} e {upper}"
skill-ovos-randomness.openvoiceos,"pick-a-number.intent","selecciona un número entre {lower} e {upper}"
skill-ovos-randomness.openvoiceos,"make-a-choice.intent","axúdame a decidir algo"
skill-ovos-randomness.openvoiceos,"make-a-choice.intent","axúdame a facer unha escolla"
skill-ovos-randomness.openvoiceos,"fortune-teller.intent","Dime  a miña fortuna"
skill-ovos-randomness.openvoiceos,"fortune-teller.intent","Dime  a miña futuro"
skill-ovos-randomness.openvoiceos,"fortune-teller.intent","Dime o  fortuna"
skill-ovos-randomness.openvoiceos,"fortune-teller.intent","Dime o  futuro"
skill-ovos-randomness.openvoiceos,"fortune-teller.intent","Dime o meu  fortuna"
skill-ovos-randomness.openvoiceos,"fortune-teller.intent","Dime o meu  futuro"
skill-ovos-randomness.openvoiceos,"fortune-teller.intent","Dime un  fortuna"
skill-ovos-randomness.openvoiceos,"fortune-teller.intent","Dime un  futuro"
skill-ovos-volume.openvoiceos,"volume.default.intent","fixar o nivel de volume no predefinido"
skill-ovos-volume.openvoiceos,"volume.default.intent","fixar o volume no medio"
skill-ovos-volume.openvoiceos,"volume.default.intent","fixar o volume no predefinido"
skill-ovos-volume.openvoiceos,"volume.default.intent","restabelecer volume"
skill-ovos-volume.openvoiceos,"volume.default.intent","restaurar o volume"
skill-ovos-volume.openvoiceos,"volume.default.intent","volume medio"
skill-ovos-volume.openvoiceos,"volume.default.intent","volume predefinido"
skill-ovos-volume.openvoiceos,"volume.mute.toggle.intent","alternar audio"
skill-ovos-volume.openvoiceos,"volume.mute.toggle.intent","alternar o modo silencio"
skill-ovos-volume.openvoiceos,"volume.max.intent","fixar o nivel de volume no máximo"
skill-ovos-volume.openvoiceos,"volume.max.intent","fixar o volume no máximo"
skill-ovos-volume.openvoiceos,"volume.max.intent","máximo volume"
skill-ovos-volume.openvoiceos,"volume.max.intent","o volume máis alto"
skill-ovos-volume.openvoiceos,"volume.max.intent","volume máximo"
skill-ovos-volume.openvoiceos,"volume.low.intent","baixar o nivel de volume"
skill-ovos-volume.openvoiceos,"volume.low.intent","baixar o volume"
skill-ovos-volume.openvoiceos,"volume.low.intent","baixo volume"
skill-ovos-volume.openvoiceos,"volume.low.intent","nivel de volume baixo"
skill-ovos-volume.openvoiceos,"volume.low.intent","volume baixo"
skill-ovos-volume.openvoiceos,"volume.unmute.intent","activar audio"
skill-ovos-volume.openvoiceos,"volume.unmute.intent","activar son"
skill-ovos-volume.openvoiceos,"volume.unmute.intent","activar volume"
skill-ovos-volume.openvoiceos,"volume.high.intent","alto volume"
skill-ovos-volume.openvoiceos,"volume.high.intent","nivel de volume alto"
skill-ovos-volume.openvoiceos,"volume.high.intent","subir o nivel de volume"
skill-ovos-volume.openvoiceos,"volume.high.intent","subir o volume"
skill-ovos-volume.openvoiceos,"volume.high.intent","volume alto"
skill-ovos-volume.openvoiceos,"volume.mute.intent","silenciar"
skill-ovos-volume.openvoiceos,"volume.mute.intent","silenciar audio"
skill-ovos-volume.openvoiceos,"volume.mute.intent","silenciar volume"
skill-ovos-weather.openvoiceos,"do.i.need.an.umbrella.intent","debería traer un paraugas"
skill-ovos-weather.openvoiceos,"do.i.need.an.umbrella.intent","debo levar unha gabardina"
skill-ovos-weather.openvoiceos,"do.i.need.an.umbrella.intent","necesito unha gabardina"
skill-ovos-weather.openvoiceos,"do.i.need.an.umbrella.intent","preciso dun paraugas"
skill-ovos-weather.openvoiceos,"do-i-need-an-umbrella.intent","dan chuvia na previsión do tempo"
skill-ovos-weather.openvoiceos,"do-i-need-an-umbrella.intent","dan chuvia para máis tarde"
skill-ovos-weather.openvoiceos,"do-i-need-an-umbrella.intent","dan chuvia para o serán"
skill-ovos-weather.openvoiceos,"do-i-need-an-umbrella.intent","debo facer un plan de reserva por se chove"
skill-ovos-weather.openvoiceos,"do-i-need-an-umbrella.intent","debo levar as botas de auga"
skill-ovos-weather.openvoiceos,"do-i-need-an-umbrella.intent","debo levar paraugas ao parque"
skill-ovos-weather.openvoiceos,"do-i-need-an-umbrella.intent","debo levar paraugas comigo"
skill-ovos-weather.openvoiceos,"do-i-need-an-umbrella.intent","debo levar paraugas hoxe"
skill-ovos-weather.openvoiceos,"do-i-need-an-umbrella.intent","debo levar paraugas no bolso"
skill-ovos-weather.openvoiceos,"do-i-need-an-umbrella.intent","debo levar un chapeu de chuvia"
skill-ovos-weather.openvoiceos,"do-i-need-an-umbrella.intent","debo levar un impermeable para a viaxe"
skill-ovos-weather.openvoiceos,"do-i-need-an-umbrella.intent","debo prepararme para a chuvia"
skill-ovos-weather.openvoiceos,"do-i-need-an-umbrella.intent","hai previsión de chuvia"
skill-ovos-weather.openvoiceos,"do-i-need-an-umbrella.intent","hai probabilidades de chuvia hoxe"
skill-ovos-weather.openvoiceos,"do-i-need-an-umbrella.intent","hai probabilidades de que chova hoxe"
skill-ovos-weather.openvoiceos,"do-i-need-an-umbrella.intent","hai probabilidades de que chova mañá"
skill-ovos-weather.openvoiceos,"do-i-need-an-umbrella.intent","preciso dun chuvasqueiro mañá"
skill-ovos-weather.openvoiceos,"do-i-need-an-umbrella.intent","preciso dun paraugas mañá"
skill-ovos-weather.openvoiceos,"do-i-need-an-umbrella.intent","preciso dun paraugas para ir ao traballo"
skill-ovos-weather.openvoiceos,"do-i-need-an-umbrella.intent","teño que levar impermeable"
skill-ovos-weather.openvoiceos,"do-i-need-an-umbrella.intent","teño que levar paraugas ao evento"
skill-ovos-weather.openvoiceos,"do-i-need-an-umbrella.intent","teño que poñer roupa de auga"
skill-ovos-weather.openvoiceos,"do-i-need-an-umbrella.intent","teño que preocuparme pola chuvia"
skill-ovos-weather.openvoiceos,"do-i-need-an-umbrella.intent","teño que prepararme para a chuvia"
skill-ovos-weather.openvoiceos,"do-i-need-an-umbrella.intent","teño que prepararme para unha tormenta"
skill-ovos-weather.openvoiceos,"do-i-need-an-umbrella.intent","teño que prepararme por se hai chuvieiras"
skill-ovos-weather.openvoiceos,"do-i-need-an-umbrella.intent","teño que protexerme da chuvia"
skill-ovos-weather.openvoiceos,"do-i-need-an-umbrella.intent","teño que tomar precaucións por se chove"
skill-ovos-weather.openvoiceos,"do-i-need-an-umbrella.intent","vai chover"
skill-ovos-weather.openvoiceos,"do-i-need-an-umbrella.intent","vai chover a chuzos"
skill-ovos-weather.openvoiceos,"do-i-need-an-umbrella.intent","vai chover a fin de semana"
skill-ovos-weather.openvoiceos,"do-i-need-an-umbrella.intent","vai chover cando saia"
skill-ovos-weather.openvoiceos,"do-i-need-an-umbrella.intent","vai chover hoxe"
skill-ovos-weather.openvoiceos,"do-i-need-an-umbrella.intent","vai chover mañá"
skill-ovos-weather.openvoiceos,"do-i-need-an-umbrella.intent","vai haber chuvieiras hoxe"
skill-ovos-weather.openvoiceos,"do-i-need-an-umbrella.intent","vai ser un día de chuvia"
skill-ovos-wikipedia.openvoiceos,"wikiroulette.intent","abrir wiki ao chou"
skill-ovos-wikipedia.openvoiceos,"wikiroulette.intent","abrir wikipedia ao chou"
skill-ovos-wikipedia.openvoiceos,"wikiroulette.intent","dálle á ruleta da wiki"
skill-ovos-wikipedia.openvoiceos,"wikiroulette.intent","dálle á ruleta da wikipedia"
skill-ovos-wikipedia.openvoiceos,"wikiroulette.intent","ensinar wiki ao chou"
skill-ovos-wikipedia.openvoiceos,"wikiroulette.intent","ensinar wikipedia ao chou"
skill-ovos-wikipedia.openvoiceos,"wikiroulette.intent","mostrar wiki ao chou"
skill-ovos-wikipedia.openvoiceos,"wikiroulette.intent","mostrar wikipedia ao chou"
skill-ovos-wikipedia.openvoiceos,"wikiroulette.intent","páxina da wiki ao chou"
skill-ovos-wikipedia.openvoiceos,"wikiroulette.intent","páxina da wikipedia ao chou"
skill-ovos-wikipedia.openvoiceos,"wikiroulette.intent","ruleta da wiki"
skill-ovos-wikipedia.openvoiceos,"wikiroulette.intent","ruleta da wikipedia"
skill-ovos-wikipedia.openvoiceos,"wikiroulette.intent","wiki ao chou"
skill-ovos-wikipedia.openvoiceos,"wikiroulette.intent","wikipedia ao chou"
skill-ovos-wikipedia.openvoiceos,"query.intent","Dáme información sobre {keyword}"
skill-ovos-wikipedia.openvoiceos,"query.intent","Estou á procura de datos sobre {keyword}"
skill-ovos-wikipedia.openvoiceos,"query.intent","Interésame o tema de {keyword}"
skill-ovos-wikipedia.openvoiceos,"query.intent","Podes aclararme que é {keyword}"
skill-ovos-wikipedia.openvoiceos,"query.intent","Podes explicar o que é {keyword}?"
skill-ovos-wikipedia.openvoiceos,"query.intent","Podes fornecer datos sobre {keyword}?"
skill-ovos-wikipedia.openvoiceos,"query.intent","Que sabes sobre {keyword}"
skill-ovos-wikipedia.openvoiceos,"query.intent","Quixera informarme sobre {keyword}"
skill-ovos-wikipedia.openvoiceos,"query.intent","Quixera saber máis sobre {keyword}"
skill-ovos-wikipedia.openvoiceos,"query.intent","fálame de {keyword}"
skill-ovos-wikipedia.openvoiceos,"query.intent","o que é {keyword}"
skill-ovos-wikipedia.openvoiceos,"query.intent","quen foi {keyword}"
skill-ovos-wikipedia.openvoiceos,"query.intent","quen é {keyword}"
skill-ovos-wikipedia.openvoiceos,"wiki.intent","busca {query} na wiki"
skill-ovos-wikipedia.openvoiceos,"wiki.intent","busca {query} na wikipedia"
skill-ovos-wikipedia.openvoiceos,"wiki.intent","comproba {query} na wiki"
skill-ovos-wikipedia.openvoiceos,"wiki.intent","comproba {query} na wikipedia"
skill-ovos-wikipedia.openvoiceos,"wiki.intent","que di a wiki sobre {query}"
skill-ovos-wikipedia.openvoiceos,"wiki.intent","que di a wikipedia sobre {query}"
skill-ovos-wikipedia.openvoiceos,"wiki.intent","wiki {query}"
skill-ovos-wikipedia.openvoiceos,"wiki.intent","wikipedia {query}"
skill-ovos-wolfie.openvoiceos,"search_wolfie.intent","preguntar a wolf sobre {query}"
skill-ovos-wolfie.openvoiceos,"search_wolfie.intent","preguntar a wolfram alpha sobre {query}"
skill-ovos-wolfie.openvoiceos,"search_wolfie.intent","preguntar a wolfram sobre {query}"
skill-ovos-wolfie.openvoiceos,"search_wolfie.intent","procurar en wolf {query}"
skill-ovos-wolfie.openvoiceos,"search_wolfie.intent","procurar en wolfram alpha {query}"
skill-ovos-wolfie.openvoiceos,"search_wolfie.intent","procurar en wolfram {query}"
skill-ovos-wolfie.openvoiceos,"search_wolfie.intent","que di wolf sobre {query}"
skill-ovos-wolfie.openvoiceos,"search_wolfie.intent","que di wolfram alpha sobre {query}"
skill-ovos-wolfie.openvoiceos,"search_wolfie.intent","que di wolfram sobre {query}"