domain,intent,utterance
ovos-skill-alerts.openvoiceos,"missed_alerts.intent","Recordatorios"
ovos-skill-alerts.openvoiceos,"missed_alerts.intent","alarma perdida"
ovos-skill-alerts.openvoiceos,"missed_alerts.intent","alarmas perdidas"
ovos-skill-alerts.openvoiceos,"missed_alerts.intent","alerta de fallo"
ovos-skill-alerts.openvoiceos,"missed_alerts.intent","alerta perdida"
ovos-skill-alerts.openvoiceos,"missed_alerts.intent","alertas fallidas"
ovos-skill-alerts.openvoiceos,"missed_alerts.intent","alertas perdidas"
ovos-skill-alerts.openvoiceos,"missed_alerts.intent","evento perdido"
ovos-skill-alerts.openvoiceos,"missed_alerts.intent","eventos perdidos"
ovos-skill-alerts.openvoiceos,"missed_alerts.intent","fallar alarma"
ovos-skill-alerts.openvoiceos,"missed_alerts.intent","fallar alarmas"
ovos-skill-alerts.openvoiceos,"missed_alerts.intent","falló una alarma"
ovos-skill-alerts.openvoiceos,"missed_alerts.intent","falta un recordatorio"
ovos-skill-alerts.openvoiceos,"missed_alerts.intent","faltar a eventos"
ovos-skill-alerts.openvoiceos,"missed_alerts.intent","faltar al evento"
ovos-skill-alerts.openvoiceos,"missed_alerts.intent","faltó a algún acto"
ovos-skill-alerts.openvoiceos,"missed_alerts.intent","ha perdido algún recordatorio"
ovos-skill-alerts.openvoiceos,"missed_alerts.intent","ha perdido algún temporizador"
ovos-skill-alerts.openvoiceos,"missed_alerts.intent","ha perdido un recordatorio"
ovos-skill-alerts.openvoiceos,"missed_alerts.intent","ha perdido una alerta"
ovos-skill-alerts.openvoiceos,"missed_alerts.intent","ha saltado alguna alarma"
ovos-skill-alerts.openvoiceos,"missed_alerts.intent","ha saltado una alarma"
ovos-skill-alerts.openvoiceos,"missed_alerts.intent","he perdido la alarma"
ovos-skill-alerts.openvoiceos,"missed_alerts.intent","he perdido temporizadores"
ovos-skill-alerts.openvoiceos,"missed_alerts.intent","me he perdido la alerta"
ovos-skill-alerts.openvoiceos,"missed_alerts.intent","me he perdido temporizador"
ovos-skill-alerts.openvoiceos,"missed_alerts.intent","me he perdido un temporizador"
ovos-skill-alerts.openvoiceos,"missed_alerts.intent","me he perdido una alarma"
ovos-skill-alerts.openvoiceos,"missed_alerts.intent","me he perdido una alerta"
ovos-skill-alerts.openvoiceos,"missed_alerts.intent","me he saltado una alarma"
ovos-skill-alerts.openvoiceos,"missed_alerts.intent","miss an timers"
ovos-skill-alerts.openvoiceos,"missed_alerts.intent","miss recordatorio"
ovos-skill-alerts.openvoiceos,"missed_alerts.intent","miss timer"
ovos-skill-alerts.openvoiceos,"missed_alerts.intent","no ha recibido ninguna alerta"
ovos-skill-alerts.openvoiceos,"missed_alerts.intent","no ha recibido ningún recordatorio"
ovos-skill-alerts.openvoiceos,"missed_alerts.intent","no recibir ninguna alerta"
ovos-skill-alerts.openvoiceos,"missed_alerts.intent","no recibir recordatorios"
ovos-skill-alerts.openvoiceos,"missed_alerts.intent","no se ha detectado un temporizador"
ovos-skill-alerts.openvoiceos,"missed_alerts.intent","omitir cualquier recordatorio"
ovos-skill-alerts.openvoiceos,"missed_alerts.intent","perder cualquier alarma"
ovos-skill-alerts.openvoiceos,"missed_alerts.intent","perder cualquier recordatorio"
ovos-skill-alerts.openvoiceos,"missed_alerts.intent","perder cualquier temporizador"
ovos-skill-alerts.openvoiceos,"missed_alerts.intent","perder ninguna alerta"
ovos-skill-alerts.openvoiceos,"missed_alerts.intent","perder ningún temporizador"
ovos-skill-alerts.openvoiceos,"missed_alerts.intent","perder un recordatorio"
ovos-skill-alerts.openvoiceos,"missed_alerts.intent","perder un temporizador"
ovos-skill-alerts.openvoiceos,"missed_alerts.intent","perder una alarma"
ovos-skill-alerts.openvoiceos,"missed_alerts.intent","perder una alerta"
ovos-skill-alerts.openvoiceos,"missed_alerts.intent","perderse cualquier evento"
ovos-skill-alerts.openvoiceos,"missed_alerts.intent","perderse ningún acontecimiento"
ovos-skill-alerts.openvoiceos,"missed_alerts.intent","perderse un acontecimiento"
ovos-skill-alerts.openvoiceos,"missed_alerts.intent","perderse un evento"
ovos-skill-alerts.openvoiceos,"missed_alerts.intent","qué acontecimientos me he perdido"
ovos-skill-alerts.openvoiceos,"missed_alerts.intent","qué alarma me he perdido"
ovos-skill-alerts.openvoiceos,"missed_alerts.intent","qué alarmas me he perdido"
ovos-skill-alerts.openvoiceos,"missed_alerts.intent","qué alertas me he perdido"
ovos-skill-alerts.openvoiceos,"missed_alerts.intent","qué evento me he perdido"
ovos-skill-alerts.openvoiceos,"missed_alerts.intent","qué eventos me he perdido"
ovos-skill-alerts.openvoiceos,"missed_alerts.intent","qué recordatorios me he perdido"
ovos-skill-alerts.openvoiceos,"missed_alerts.intent","qué temporizador me he perdido"
ovos-skill-alerts.openvoiceos,"missed_alerts.intent","qué temporizadores me he perdido"
ovos-skill-alerts.openvoiceos,"missed_alerts.intent","recordatorio perdido"
ovos-skill-alerts.openvoiceos,"missed_alerts.intent","recordatorios perdidos"
ovos-skill-alerts.openvoiceos,"missed_alerts.intent","saltarse ninguna alarma"
ovos-skill-alerts.openvoiceos,"missed_alerts.intent","se ha perdido algún acontecimiento"
ovos-skill-alerts.openvoiceos,"missed_alerts.intent","se ha perdido un acontecimiento"
ovos-skill-alerts.openvoiceos,"missed_alerts.intent","se ha perdido una alerta"
ovos-skill-alerts.openvoiceos,"missed_alerts.intent","se perdió algún temporizador"
ovos-skill-alerts.openvoiceos,"missed_alerts.intent","se perdió un acontecimiento"
ovos-skill-alerts.openvoiceos,"missed_alerts.intent","se perdió un evento"
ovos-skill-alerts.openvoiceos,"missed_alerts.intent","se perdió un recordatorio"
ovos-skill-alerts.openvoiceos,"missed_alerts.intent","se perdió un temporizador"
ovos-skill-alerts.openvoiceos,"missed_alerts.intent","temporizador perdido"
ovos-skill-alerts.openvoiceos,"missed_alerts.intent","temporizadores perdidos"
ovos-skill-alerts.openvoiceos,"missed_alerts.intent","¿me he perdido alguna alarma?"
ovos-skill-alerts.openvoiceos,"missed_alerts.intent","¿me he perdido alguna alerta?"
ovos-skill-alerts.openvoiceos,"missed_alerts.intent","¿me he perdido algún acontecimiento?"
ovos-skill-alerts.openvoiceos,"missed_alerts.intent","¿me he perdido algún evento?"
ovos-skill-alerts.openvoiceos,"missed_alerts.intent","¿me he perdido algún recordatorio?"
ovos-skill-alerts.openvoiceos,"missed_alerts.intent","¿me he perdido algún temporizador?"
ovos-skill-alerts.openvoiceos,"missed_alerts.intent","¿me he perdido el temporizador?"
ovos-skill-alerts.openvoiceos,"missed_alerts.intent","¿me he perdido la alerta?"
ovos-skill-alerts.openvoiceos,"missed_alerts.intent","¿me he perdido los temporizadores?"
ovos-skill-alerts.openvoiceos,"missed_alerts.intent","¿me he perdido un recordatorio?"
ovos-skill-alerts.openvoiceos,"missed_alerts.intent","¿me he perdido un temporizador?"
ovos-skill-alerts.openvoiceos,"missed_alerts.intent","¿me he perdido una alerta?"
ovos-skill-alerts.openvoiceos,"missed_alerts.intent","¿me he saltado alguna alarma?"
ovos-skill-alerts.openvoiceos,"missed_alerts.intent","¿me he saltado la alarma?"
ovos-skill-alerts.openvoiceos,"missed_alerts.intent","¿me he saltado las alarmas?"
ovos-skill-alerts.openvoiceos,"missed_alerts.intent","¿me he saltado una alarma?"
ovos-skill-alerts.openvoiceos,"missed_alerts.intent","¿qué acontecimiento me he perdido?"
ovos-skill-alerts.openvoiceos,"missed_alerts.intent","¿qué alarma me he perdido?"
ovos-skill-alerts.openvoiceos,"missed_alerts.intent","¿qué alarmas me he perdido?"
ovos-skill-alerts.openvoiceos,"missed_alerts.intent","¿qué alerta me he perdido?"
ovos-skill-alerts.openvoiceos,"missed_alerts.intent","¿qué alertas me he perdido?"
ovos-skill-alerts.openvoiceos,"missed_alerts.intent","¿qué recordatorio me he perdido?"
ovos-skill-alerts.openvoiceos,"missed_alerts.intent","¿qué recordatorios me he perdido?"
ovos-skill-confucius-quotes.openvoiceos,"who.intent","¿Quién es Confucio?"
ovos-skill-confucius-quotes.openvoiceos,"who.intent","¿Quién fue Confucio?"
ovos-skill-laugh.openvoiceos,"Laugh.intent","carcajada malvada"
ovos-skill-laugh.openvoiceos,"Laugh.intent","risa malvada"
ovos-skill-laugh.openvoiceos,"Laugh.intent","risotada malvada"
ovos-skill-laugh.openvoiceos,"Laugh.intent","ríete como Alexa"
ovos-skill-laugh.openvoiceos,"Laugh.intent","¿puedes reírte?"
ovos-skill-laugh.openvoiceos,"RandomLaugh.intent","activa una carcajada aleatoria"
ovos-skill-laugh.openvoiceos,"RandomLaugh.intent","activa una risa aleatoria"
ovos-skill-laugh.openvoiceos,"RandomLaugh.intent","activa una risotada aleatoria"
ovos-skill-laugh.openvoiceos,"RandomLaugh.intent","carcajada aleatoria"
ovos-skill-laugh.openvoiceos,"RandomLaugh.intent","reir al azar"
ovos-skill-laugh.openvoiceos,"RandomLaugh.intent","risa aleatoria"
ovos-skill-laugh.openvoiceos,"RandomLaugh.intent","risotada aleatoria"
ovos-skill-laugh.openvoiceos,"RandomLaugh.intent","ríe al azar"
ovos-skill-laugh.openvoiceos,"RandomLaugh.intent","ríete al azar"
ovos-skill-personal.OpenVoiceOS,"WhoAreYou.intent","quién eres"
ovos-skill-personal.OpenVoiceOS,"WhenWereYouBorn.intent","cuándo fuiste creado"
ovos-skill-personal.OpenVoiceOS,"WhenWereYouBorn.intent","cuándo naciste"
ovos-skill-personal.OpenVoiceOS,"WhatAreYou.intent","qué eres"
ovos-skill-personal.OpenVoiceOS,"WhoMadeYou.intent","por quién fuiste hecho|quién te hizo"
ovos-skill-personal.OpenVoiceOS,"WhoMadeYou.intent","quién te construyó"
ovos-skill-personal.OpenVoiceOS,"WhoMadeYou.intent","quién te creó"
ovos-skill-personal.OpenVoiceOS,"WhoMadeYou.intent","quién te hizo"
ovos-skill-personal.OpenVoiceOS,"WhereWereYouBorn.intent","dónde fuiste creado"
ovos-skill-personal.OpenVoiceOS,"WhereWereYouBorn.intent","dónde naciste"
ovos-skill-spotify.openvoiceos,"StopMusic.intent","apaga el música"
ovos-skill-spotify.openvoiceos,"StopMusic.intent","apaga el spotify"
ovos-skill-spotify.openvoiceos,"StopMusic.intent","apaga la música"
ovos-skill-spotify.openvoiceos,"StopMusic.intent","apaga la spotify"
ovos-skill-spotify.openvoiceos,"StopMusic.intent","para el música"
ovos-skill-spotify.openvoiceos,"StopMusic.intent","para el spotify"
ovos-skill-spotify.openvoiceos,"StopMusic.intent","para la música"
ovos-skill-spotify.openvoiceos,"StopMusic.intent","para la spotify"
ovos-skill-spotify.openvoiceos,"StopMusic.intent","quita el música"
ovos-skill-spotify.openvoiceos,"StopMusic.intent","quita el spotify"
ovos-skill-spotify.openvoiceos,"StopMusic.intent","quita la música"
ovos-skill-spotify.openvoiceos,"StopMusic.intent","quita la spotify"
ovos-skill-spotify.openvoiceos,"WhatArtist.intent","a quién estamos escuchando"
ovos-skill-spotify.openvoiceos,"WhatArtist.intent","a quién estoy escuchando"
ovos-skill-spotify.openvoiceos,"WhatArtist.intent","quién es el artista"
ovos-skill-spotify.openvoiceos,"WhatArtist.intent","quién está tocando"
ovos-skill-spotify.openvoiceos,"WhatArtist.intent","quién está tocando esto"
ovos-skill-spotify.openvoiceos,"WhatArtist.intent","quién tocando"
ovos-skill-spotify.openvoiceos,"WhatArtist.intent","quién tocando esto"
ovos-skill-spotify.openvoiceos,"WhatArtist.intent","qué banda es esta"
ovos-skill-spotify.openvoiceos,"WhatArtist.intent","qué banda estamos escuchando"
ovos-skill-spotify.openvoiceos,"WhatArtist.intent","qué banda estás poniendo"
ovos-skill-spotify.openvoiceos,"WhatArtist.intent","qué artista es este"
ovos-skill-spotify.openvoiceos,"WhatAlbum.intent","qué album es eso"
ovos-skill-spotify.openvoiceos,"WhatAlbum.intent","qué album es esto"
ovos-skill-spotify.openvoiceos,"WhatAlbum.intent","qué cd es eso"
ovos-skill-spotify.openvoiceos,"WhatAlbum.intent","qué cd es esto"
ovos-skill-spotify.openvoiceos,"WhatAlbum.intent","qué lp es eso"
ovos-skill-spotify.openvoiceos,"WhatAlbum.intent","qué lp es esto"
ovos-skill-spotify.openvoiceos,"WhatAlbum.intent","qué pista es eso"
ovos-skill-spotify.openvoiceos,"WhatAlbum.intent","qué pista es esto"
ovos-skill-spotify.openvoiceos,"WhatAlbum.intent","cuál es este album"
ovos-skill-spotify.openvoiceos,"WhatAlbum.intent","cuál es este cd"
ovos-skill-spotify.openvoiceos,"WhatAlbum.intent","cuál es este disco"
ovos-skill-spotify.openvoiceos,"WhatAlbum.intent","cuál es este lp"
ovos-skill-spotify.openvoiceos,"WhatSong.intent","qué está sonando"
ovos-skill-spotify.openvoiceos,"WhatSong.intent","qué suena"
ovos-skill-spotify.openvoiceos,"WhatSong.intent","dime qué está sonando"
ovos-skill-spotify.openvoiceos,"WhatSong.intent","dime qué suena"
ovos-skill-spotify.openvoiceos,"WhatSong.intent","qué estamos escuchando"
ovos-skill-spotify.openvoiceos,"WhatSong.intent","qué estoy escuchando"
ovos-skill-spotify.openvoiceos,"WhatSong.intent","qué canción es esta"
ovos-skill-spotify.openvoiceos,"WhatSong.intent","cuál es esta canción"
ovos-skill-spotify.openvoiceos,"WhatSong.intent","dime cuál es esta canción"
ovos-skill-spotify.openvoiceos,"ShuffleOff.intent","deshabilita lista de reproducción de spotify"
ovos-skill-spotify.openvoiceos,"ShuffleOff.intent","deshabilita reproducción aleatoria de spotify"
ovos-skill-spotify.openvoiceos,"ShuffleOff.intent","detén lista de reproducción de spotify"
ovos-skill-spotify.openvoiceos,"ShuffleOff.intent","detén reproducción aleatoria de spotify"
ovos-skill-spotify.openvoiceos,"ShuffleOff.intent","para lista de reproducción de spotify"
ovos-skill-spotify.openvoiceos,"ShuffleOff.intent","para reproducción aleatoria de spotify"
ovos-skill-spotify.openvoiceos,"ShuffleOff.intent","quita la lista de reproducción de spotify"
ovos-skill-spotify.openvoiceos,"ShuffleOff.intent","quita la reproducción aleatoria de spotify"
ovos-skill-spotify.openvoiceos,"ShuffleOn.intent","activa  lista de reproducción de spotify"
ovos-skill-spotify.openvoiceos,"ShuffleOn.intent","activa  reproducción aleatoria de spotify"
ovos-skill-spotify.openvoiceos,"ShuffleOn.intent","activa la lista de reproducción de spotify"
ovos-skill-spotify.openvoiceos,"ShuffleOn.intent","activa la reproducción aleatoria de spotify"
ovos-skill-spotify.openvoiceos,"ShuffleOn.intent","habilita  lista de reproducción de spotify"
ovos-skill-spotify.openvoiceos,"ShuffleOn.intent","habilita  reproducción aleatoria de spotify"
ovos-skill-spotify.openvoiceos,"ShuffleOn.intent","habilita la lista de reproducción de spotify"
ovos-skill-spotify.openvoiceos,"ShuffleOn.intent","habilita la reproducción aleatoria de spotify"
ovos-skill-spotify.openvoiceos,"ShuffleOn.intent","pon  lista de reproducción de spotify"
ovos-skill-spotify.openvoiceos,"ShuffleOn.intent","pon  reproducción aleatoria de spotify"
ovos-skill-spotify.openvoiceos,"ShuffleOn.intent","pon la lista de reproducción de spotify"
ovos-skill-spotify.openvoiceos,"ShuffleOn.intent","pon la reproducción aleatoria de spotify"
ovos-skill-wordnet.openvoiceos,"definition.intent","cuál es la definición de {query}"
ovos-skill-wordnet.openvoiceos,"definition.intent","lo que es un {query}"
ovos-skill-wordnet.openvoiceos,"hypernym.intent","lo que es un hipernym de {query}"
ovos-skill-wordnet.openvoiceos,"hypernym.intent","que son los hipernyms de {query}"
ovos-skill-wordnet.openvoiceos,"hypernym.intent","lo que es el hipernym de {query}"
ovos-skill-wordnet.openvoiceos,"search_wordnet.intent","lo que dice wordnet sobre {query}"
ovos-skill-wordnet.openvoiceos,"search_wordnet.intent","búsqueda wordnet para {query}"
ovos-skill-wordnet.openvoiceos,"search_wordnet.intent","qué dice la palabra neta sobre {query}"
ovos-skill-wordnet.openvoiceos,"search_wordnet.intent","búsqueda palabra red para {query}"
ovos-skill-wordnet.openvoiceos,"search_wordnet.intent","pregúntele a wordnet sobre {query}"
ovos-skill-wordnet.openvoiceos,"search_wordnet.intent","pregunte la palabra neta sobre {query}"
ovos-skill-wordnet.openvoiceos,"antonym.intent","cuáles son las antónimos de {query}"
ovos-skill-wordnet.openvoiceos,"antonym.intent","cuál es la antónima de {query}"
ovos-skill-wordnet.openvoiceos,"antonym.intent","lo que es una antónima de {query}"
ovos-skill-wordnet.openvoiceos,"holonym.intent","lo que es un holonym de {query}"
ovos-skill-wordnet.openvoiceos,"holonym.intent","lo que es el holonym de {query}"
ovos-skill-wordnet.openvoiceos,"holonym.intent","que son los holónimos de {query}"
ovos-skill-wordnet.openvoiceos,"lemma.intent","lo que es un lema de {query}"
ovos-skill-wordnet.openvoiceos,"lemma.intent","cuál es la lema de {query}"
ovos-skill-wordnet.openvoiceos,"lemma.intent","cuáles son los lemas de {query}"
ovos-skill-wordnet.openvoiceos,"hyponym.intent","cuál es el hiponym de {query}"
ovos-skill-wordnet.openvoiceos,"hyponym.intent","cuáles son las hipónymas de {query}"
ovos-skill-wordnet.openvoiceos,"hyponym.intent","lo que es un hiponym de {query}"
skill-ovos-audio-recording.openvoiceos,"start_recording.intent","iniciar la grabación {nombre}"
skill-ovos-audio-recording.openvoiceos,"start_recording.intent","comenzar la grabación llamada {nombre}"
skill-ovos-audio-recording.openvoiceos,"start_recording.intent","empezar a grabar ahora llamado {nombre}"
skill-ovos-audio-recording.openvoiceos,"start_recording.intent","activar la grabación de audio"
skill-ovos-audio-recording.openvoiceos,"start_recording.intent","iniciar la captura de audio como {nombre}"
skill-ovos-audio-recording.openvoiceos,"start_recording.intent","inicializar la grabación"
skill-ovos-audio-recording.openvoiceos,"start_recording.intent","empezar a grabar {nombre}"
skill-ovos-audio-recording.openvoiceos,"start_recording.intent","iniciar una grabación de audio llamada {nombre}"
skill-ovos-audio-recording.openvoiceos,"start_recording.intent","iniciar la grabación llamada {name"
skill-ovos-audio-recording.openvoiceos,"start_recording.intent","iniciar una nueva grabación de audio llamada {nombre}"
skill-ovos-audio-recording.openvoiceos,"start_recording.intent","grabar audio ahora"
skill-ovos-audio-recording.openvoiceos,"start_recording.intent","nueva grabación"
skill-ovos-audio-recording.openvoiceos,"start_recording.intent","iniciar la grabación bajo el nombre {nombre}"
skill-ovos-audio-recording.openvoiceos,"start_recording.intent","iniciar la grabación de audio ahora"
skill-ovos-audio-recording.openvoiceos,"start_recording.intent","iniciar la grabación de audio como {nombre}"
skill-ovos-audio-recording.openvoiceos,"start_recording.intent","iniciar la grabación"
skill-ovos-audio-recording.openvoiceos,"start_recording.intent","iniciar la grabación de audio por favor como {name}"
skill-ovos-audio-recording.openvoiceos,"start_recording.intent","establecer la grabación llamada {nombre}"
skill-ovos-audio-recording.openvoiceos,"start_recording.intent","empieza a grabar de inmediato"
skill-ovos-audio-recording.openvoiceos,"start_recording.intent","iniciar la grabación de audio"
skill-ovos-audio-recording.openvoiceos,"start_recording.intent","iniciar una grabación"
skill-ovos-audio-recording.openvoiceos,"start_recording.intent","activar la grabación de audio bajo el título {nombre}"
skill-ovos-audio-recording.openvoiceos,"start_recording.intent","configurar una nueva grabación llamada {nombre}"
skill-ovos-audio-recording.openvoiceos,"start_recording.intent","empezar a grabar por favor"
skill-ovos-audio-recording.openvoiceos,"start_recording.intent","activar la grabación de audio llamada {nombre}"
skill-ovos-audio-recording.openvoiceos,"start_recording.intent","iniciar la grabación de audio ahora llamado {nombre}"
skill-ovos-audio-recording.openvoiceos,"start_recording.intent","grabar audio"
skill-ovos-audio-recording.openvoiceos,"start_recording.intent","start audio recording operation named {name}"
skill-ovos-audio-recording.openvoiceos,"start_recording.intent","iniciar una grabación de audio"
skill-ovos-audio-recording.openvoiceos,"start_recording.intent","empezar a grabar por favor como {nombre}"
skill-ovos-audio-recording.openvoiceos,"start_recording.intent","empieza a grabar"
skill-ovos-audio-recording.openvoiceos,"start_recording.intent","nueva grabación llamada {nombre}"
skill-ovos-audio-recording.openvoiceos,"start_recording.intent","iniciar la grabación de audio ahora como {nombre}"
skill-ovos-audio-recording.openvoiceos,"start_recording.intent","grabar un nuevo archivo de audio"
skill-ovos-audio-recording.openvoiceos,"start_recording.intent","iniciar la captura de audio con el título {name}"
skill-ovos-audio-recording.openvoiceos,"start_recording.intent","iniciar una nueva grabación con el título {nombre}"
skill-ovos-audio-recording.openvoiceos,"start_recording.intent","inicia sesión de grabación llamada {nombre}"
skill-ovos-audio-recording.openvoiceos,"start_recording.intent","comenzar la grabación con el nombre {nombre}"
skill-ovos-audio-recording.openvoiceos,"start_recording.intent","iniciar una nueva grabación llamada {nombre}"
skill-ovos-audio-recording.openvoiceos,"start_recording.intent","inicializar la grabación titulada {nombre}"
skill-ovos-audio-recording.openvoiceos,"start_recording.intent","empieza a grabar ahora"
skill-ovos-audio-recording.openvoiceos,"start_recording.intent","iniciar la captura de audio"
skill-ovos-audio-recording.openvoiceos,"start_recording.intent","iniciar la grabación de audio {nombre}"
skill-ovos-audio-recording.openvoiceos,"start_recording.intent","iniciar la grabación de audio por favor llamado {name}"
skill-ovos-audio-recording.openvoiceos,"start_recording.intent","inicio de sesión de grabación"
skill-ovos-audio-recording.openvoiceos,"start_recording.intent","proceder con la grabación"
skill-ovos-audio-recording.openvoiceos,"start_recording.intent","grabar audio ahora con el nombre {name}"
skill-ovos-audio-recording.openvoiceos,"start_recording.intent","iniciar la grabación de audio por favor"
skill-ovos-audio-recording.openvoiceos,"start_recording.intent","empezar a grabar por favor llamado {nombre}"
skill-ovos-audio-recording.openvoiceos,"start_recording.intent","grabar audio como {name}"
skill-ovos-audio-recording.openvoiceos,"start_recording.intent","iniciar la captura de audio llamada {name}"
skill-ovos-audio-recording.openvoiceos,"start_recording.intent","activar la grabación de audio como {nombre}"
skill-ovos-audio-recording.openvoiceos,"start_recording.intent","grabar un nuevo archivo de audio llamado {name}"
skill-ovos-audio-recording.openvoiceos,"start_recording.intent","iniciar una grabación llamada {nombre}"
skill-ovos-audio-recording.openvoiceos,"start_recording.intent","iniciar una nueva grabación"
skill-ovos-audio-recording.openvoiceos,"start_recording.intent","audio record llamado {name}"
skill-ovos-audio-recording.openvoiceos,"start_recording.intent","grabación inicial"
skill-ovos-audio-recording.openvoiceos,"start_recording.intent","iniciar una nueva grabación de audio"
skill-ovos-audio-recording.openvoiceos,"start_recording.intent","iniciar la grabación llamada {nombre}"
skill-ovos-audio-recording.openvoiceos,"start_recording.intent","iniciar la grabación de audio con el nombre {name}"
skill-ovos-audio-recording.openvoiceos,"start_recording.intent","empezar a grabar ahora como {nombre}"
skill-ovos-audio-recording.openvoiceos,"start_recording.intent","empezar a grabar inmediatamente como {nombre}"
skill-ovos-audio-recording.openvoiceos,"start_recording.intent","iniciar la grabación de audio llamada {nombre}"
skill-ovos-audio-recording.openvoiceos,"start_recording.intent","iniciar la grabación de audio titulada {nombre}"
skill-ovos-date-time.openvoiceos,"what.month.is.it.intent","Dime el mes"
skill-ovos-date-time.openvoiceos,"what.month.is.it.intent","Dime el mes actual"
skill-ovos-date-time.openvoiceos,"what.month.is.it.intent","mes actual"
skill-ovos-date-time.openvoiceos,"what.month.is.it.intent","¿Cuál es el mes?"
skill-ovos-date-time.openvoiceos,"what.month.is.it.intent","¿En qué mes estamos?"
skill-ovos-date-time.openvoiceos,"what.month.is.it.intent","¿Qué mes es ahora ?"
skill-ovos-date-time.openvoiceos,"what.month.is.it.intent","¿Qué mes es ahora mismo?"
skill-ovos-date-time.openvoiceos,"what.month.is.it.intent","¿Qué mes es hoy?"
skill-ovos-date-time.openvoiceos,"what.month.is.it.intent","¿A qué mes estamos hoy?"
skill-ovos-date-time.openvoiceos,"what.month.is.it.intent","¿En qué mes estamos hoy?"
skill-ovos-date-time.openvoiceos,"what.month.is.it.intent","¿Qué mes es?"
skill-ovos-date-time.openvoiceos,"what.month.is.it.intent","¿Qué mes es?"
skill-ovos-date-time.openvoiceos,"what.month.is.it.intent","¿A qué mes estamos?"
skill-ovos-date-time.openvoiceos,"what.month.is.it.intent","¿En qué mes estamos?"
skill-ovos-date-time.openvoiceos,"what.year.is.it.intent","Dime el año"
skill-ovos-date-time.openvoiceos,"what.year.is.it.intent","Dime el año actual"
skill-ovos-date-time.openvoiceos,"what.year.is.it.intent","año actual"
skill-ovos-date-time.openvoiceos,"what.year.is.it.intent","¿Cuál es el año?"
skill-ovos-date-time.openvoiceos,"what.year.is.it.intent","¿Qué año es?"
skill-ovos-date-time.openvoiceos,"what.year.is.it.intent","¿En qué año estamos?"
skill-ovos-date-time.openvoiceos,"what.year.is.it.intent","¿Qué año es ?"
skill-ovos-date-time.openvoiceos,"what.year.is.it.intent","¿En qué año estamos?"
skill-ovos-date-time.openvoiceos,"what.year.is.it.intent","¿Qué año es ahora ?"
skill-ovos-date-time.openvoiceos,"what.year.is.it.intent","¿Qué año es ahora mismo?"
skill-ovos-date-time.openvoiceos,"what.year.is.it.intent","¿Qué año es este?"
skill-ovos-date-time.openvoiceos,"what.year.is.it.intent","¿En qué año estamos?"
skill-ovos-date-time.openvoiceos,"what.year.is.it.intent","¿Qué año es hoy?"
skill-ovos-date-time.openvoiceos,"what.year.is.it.intent","¿En qué año estamos hoy?"
skill-ovos-date-time.openvoiceos,"what.time.is.it.intent","Dame la hora actual"
skill-ovos-date-time.openvoiceos,"what.time.is.it.intent","Dame la hora, por favor"
skill-ovos-date-time.openvoiceos,"what.time.is.it.intent","Dime la hora actual, por favor."
skill-ovos-date-time.openvoiceos,"what.time.is.it.intent","Dime la hora ahora, por favor."
skill-ovos-date-time.openvoiceos,"what.time.is.it.intent","Dime qué hora es ahora, por favor."
skill-ovos-date-time.openvoiceos,"what.time.is.it.intent","Dime la hora, por favor"
skill-ovos-date-time.openvoiceos,"what.time.is.it.intent","Dime la hora, si puedes"
skill-ovos-date-time.openvoiceos,"what.time.is.it.intent","Dime qué hora es"
skill-ovos-date-time.openvoiceos,"what.time.is.it.intent","El reloj ahora mismo, por favor"
skill-ovos-date-time.openvoiceos,"what.time.is.it.intent","El reloj ahora, por favor"
skill-ovos-date-time.openvoiceos,"what.time.is.it.intent","La hora ahora, por favor"
skill-ovos-date-time.openvoiceos,"what.time.is.it.intent","Me gustaría comprobar la hora actual."
skill-ovos-date-time.openvoiceos,"what.time.is.it.intent","Me gustaría saber la hora actual"
skill-ovos-date-time.openvoiceos,"what.time.is.it.intent","Me gustaría saber la hora ahora mismo."
skill-ovos-date-time.openvoiceos,"what.time.is.it.intent","Me pregunto sobre la hora actual."
skill-ovos-date-time.openvoiceos,"what.time.is.it.intent","Me pregunto qué hora será."
skill-ovos-date-time.openvoiceos,"what.time.is.it.intent","Necesito comprobar la hora."
skill-ovos-date-time.openvoiceos,"what.time.is.it.intent","Necesito saber la hora actual"
skill-ovos-date-time.openvoiceos,"what.time.is.it.intent","Necesito saber la hora actual."
skill-ovos-date-time.openvoiceos,"what.time.is.it.intent","Necesito saber la hora de ahora"
skill-ovos-date-time.openvoiceos,"what.time.is.it.intent","Por favor,  dime la hora."
skill-ovos-date-time.openvoiceos,"what.time.is.it.intent","Por favor, dame la hora"
skill-ovos-date-time.openvoiceos,"what.time.is.it.intent","Por favor, di la hora actual."
skill-ovos-date-time.openvoiceos,"what.time.is.it.intent","Por favor, dime la hora"
skill-ovos-date-time.openvoiceos,"what.time.is.it.intent","Por favor, dime la hora actual"
skill-ovos-date-time.openvoiceos,"what.time.is.it.intent","Dime la hora actual, por favor"
skill-ovos-date-time.openvoiceos,"what.time.is.it.intent","Por favor, dime la hora actual."
skill-ovos-date-time.openvoiceos,"what.time.is.it.intent","Por favor, infórmame sobre la hora."
skill-ovos-date-time.openvoiceos,"what.time.is.it.intent","Por favor, proporciona la hora actual."
skill-ovos-date-time.openvoiceos,"what.time.is.it.intent","Quiero comprobar la hora actual."
skill-ovos-date-time.openvoiceos,"what.time.is.it.intent","Quiero saber la hora"
skill-ovos-date-time.openvoiceos,"what.time.is.it.intent","Te agradecería que pudieras decirme la hora."
skill-ovos-date-time.openvoiceos,"what.time.is.it.intent","Te agradecería si pudieras decirme la hora."
skill-ovos-date-time.openvoiceos,"what.time.is.it.intent","Tengo curiosidad sobre la hora"
skill-ovos-date-time.openvoiceos,"what.time.is.it.intent","Tengo curiosidad, ¿qué hora es?"
skill-ovos-date-time.openvoiceos,"what.time.is.it.intent","Tengo que comprobar la hora."
skill-ovos-date-time.openvoiceos,"what.time.is.it.intent","el reloj"
skill-ovos-date-time.openvoiceos,"what.time.is.it.intent","el reloj ahora"
skill-ovos-date-time.openvoiceos,"what.time.is.it.intent","el reloj ahora mismo"
skill-ovos-date-time.openvoiceos,"what.time.is.it.intent","el reloj, por favor"
skill-ovos-date-time.openvoiceos,"what.time.is.it.intent","hora"
skill-ovos-date-time.openvoiceos,"what.time.is.it.intent","hora actual"
skill-ovos-date-time.openvoiceos,"what.time.is.it.intent","hora ahora, por favor"
skill-ovos-date-time.openvoiceos,"what.time.is.it.intent","la hora"
skill-ovos-date-time.openvoiceos,"what.time.is.it.intent","la hora ahora"
skill-ovos-date-time.openvoiceos,"what.time.is.it.intent","la hora ahora mismo"
skill-ovos-date-time.openvoiceos,"what.time.is.it.intent","la hora ahora, por favor"
skill-ovos-date-time.openvoiceos,"what.time.is.it.intent","la hora, por favor"
skill-ovos-date-time.openvoiceos,"what.time.is.it.intent","reloj"
skill-ovos-date-time.openvoiceos,"what.time.is.it.intent","reloj ahora"
skill-ovos-date-time.openvoiceos,"what.time.is.it.intent","reloj ahora mismo"
skill-ovos-date-time.openvoiceos,"what.time.is.it.intent","reloj ahora mismo, por favor"
skill-ovos-date-time.openvoiceos,"what.time.is.it.intent","reloj ahora, por favor"
skill-ovos-date-time.openvoiceos,"what.time.is.it.intent","reloj, por favor"
skill-ovos-date-time.openvoiceos,"what.time.is.it.intent","¿Cuál es la hora actual?"
skill-ovos-date-time.openvoiceos,"what.time.is.it.intent","¿Qué hora es ahora?"
skill-ovos-date-time.openvoiceos,"what.time.is.it.intent","¿Es posible obtener la hora ahora mismo?"
skill-ovos-date-time.openvoiceos,"what.time.is.it.intent","¿Es posible que me digas la hora ahora mismo?"
skill-ovos-date-time.openvoiceos,"what.time.is.it.intent","¿Podrías compartir la hora conmigo?"
skill-ovos-date-time.openvoiceos,"what.time.is.it.intent","¿Podrías compartir la hora, por favor?"
skill-ovos-date-time.openvoiceos,"what.time.is.it.intent","¿Podrías darme la hora actual, por favor?"
skill-ovos-date-time.openvoiceos,"what.time.is.it.intent","¿Podrías decirme la hora?"
skill-ovos-date-time.openvoiceos,"what.time.is.it.intent","¿Por casualidad sabes la hora?"
skill-ovos-date-time.openvoiceos,"what.time.is.it.intent","¿Puedes compartir la hora conmigo?"
skill-ovos-date-time.openvoiceos,"what.time.is.it.intent","¿Puedes darme la hora actual, por favor?"
skill-ovos-date-time.openvoiceos,"what.time.is.it.intent","¿Puedes darme la hora, por favor?"
skill-ovos-date-time.openvoiceos,"what.time.is.it.intent","¿Me puedes decir la hora, por favor?"
skill-ovos-date-time.openvoiceos,"what.time.is.it.intent","¿Puedes darme una actualización sobre la hora?"
skill-ovos-date-time.openvoiceos,"what.time.is.it.intent","¿Puedes decirme la hora?"
skill-ovos-date-time.openvoiceos,"what.time.is.it.intent","¿Me puedes decir la hora?"
skill-ovos-date-time.openvoiceos,"what.time.is.it.intent","¿Puedes decirme qué hora es?"
skill-ovos-date-time.openvoiceos,"what.time.is.it.intent","¿Me puedes decir qué hora es?"
skill-ovos-date-time.openvoiceos,"what.time.is.it.intent","¿Puedes informarme de la hora?"
skill-ovos-date-time.openvoiceos,"what.time.is.it.intent","¿Puedo saber la hora?"
skill-ovos-date-time.openvoiceos,"what.time.is.it.intent","¿Me puedes decir la hora?"
skill-ovos-date-time.openvoiceos,"what.time.is.it.intent","¿Qué hora es actualmente?"
skill-ovos-date-time.openvoiceos,"what.time.is.it.intent","¿Qué hora es ahora?"
skill-ovos-date-time.openvoiceos,"what.time.is.it.intent","¿Qué hora es allá?"
skill-ovos-date-time.openvoiceos,"what.time.is.it.intent","¿Qué hora es allí?"
skill-ovos-date-time.openvoiceos,"what.time.is.it.intent","¿Qué hora es en este momento?"
skill-ovos-date-time.openvoiceos,"what.time.is.it.intent","¿Qué hora es según tu reloj?"
skill-ovos-date-time.openvoiceos,"what.time.is.it.intent","¿Qué hora es?"
skill-ovos-date-time.openvoiceos,"what.time.is.it.intent","¿Qué hora marca?"
skill-ovos-date-time.openvoiceos,"what.time.is.it.intent","¿Qué hora se muestra?"
skill-ovos-date-time.openvoiceos,"what.time.is.it.intent","¿Sabes qué hora es?"
skill-ovos-date-time.openvoiceos,"what.time.is.it.intent","¿Te importaría decirme la hora actual?"
skill-ovos-date-time.openvoiceos,"what.time.is.it.intent","¿Me podrías decir la hora actual?"
skill-ovos-date-time.openvoiceos,"what.time.is.it.intent","¿Tienes la hora ?"
skill-ovos-date-time.openvoiceos,"what.time.is.it.intent","¿Tienes la hora actual disponible?"
skill-ovos-date-time.openvoiceos,"what.time.is.it.intent","¿Tienes la hora actual?"
skill-ovos-date-time.openvoiceos,"what.time.is.it.intent","¿Tienes la hora ahora mismo?"
skill-ovos-date-time.openvoiceos,"what.time.is.it.intent","¿Tienes la hora?"
skill-ovos-date-time.openvoiceos,"date.future.weekend.intent","Dame las fechas para el próximo fin de semana."
skill-ovos-date-time.openvoiceos,"date.future.weekend.intent","Dime las fechas del fin de semana siguiente a este."
skill-ovos-date-time.openvoiceos,"date.future.weekend.intent","Dime las fechas del próximo fin de semana."
skill-ovos-date-time.openvoiceos,"date.future.weekend.intent","Dime las fechas del fin de semana siguiente al actual."
skill-ovos-date-time.openvoiceos,"date.future.weekend.intent","Dime las fechas del próximo fin de semana."
skill-ovos-date-time.openvoiceos,"date.future.weekend.intent","Dime las fechas para el próximo fin de semana."
skill-ovos-date-time.openvoiceos,"date.future.weekend.intent","Dime las fechas planeadas para el fin de semana que sigue al actual."
skill-ovos-date-time.openvoiceos,"date.future.weekend.intent","Dime las fechas planeadas para el fin de semana siguiente."
skill-ovos-date-time.openvoiceos,"date.future.weekend.intent","Dime las fechas previstas para el fin de semana siguiente a este."
skill-ovos-date-time.openvoiceos,"date.future.weekend.intent","Dime los días del fin de semana que sigue a este."
skill-ovos-date-time.openvoiceos,"date.future.weekend.intent","Dime los días para el próximo fin de semana."
skill-ovos-date-time.openvoiceos,"date.future.weekend.intent","¿Cuál es el plan para el fin de semana siguiente ?"
skill-ovos-date-time.openvoiceos,"date.future.weekend.intent","¿Cuál es el plan para el fin de semana siguiente a este?"
skill-ovos-date-time.openvoiceos,"date.future.weekend.intent","¿Cuál es el plan para este fin de semana?"
skill-ovos-date-time.openvoiceos,"date.future.weekend.intent","¿Cuál es el programa para el fin de semana siguiente ?"
skill-ovos-date-time.openvoiceos,"date.future.weekend.intent","¿Cuál es el programa para el fin de semana siguiente a este?"
skill-ovos-date-time.openvoiceos,"date.future.weekend.intent","¿Cuál es el programa para este fin de semana?"
skill-ovos-date-time.openvoiceos,"date.future.weekend.intent","¿Cuál es la fecha del próximo fin de semana?"
skill-ovos-date-time.openvoiceos,"date.future.weekend.intent","¿Cuál es la fecha este fin de semana?"
skill-ovos-date-time.openvoiceos,"date.future.weekend.intent","¿Cuál es la fecha para el próximo fin de semana?"
skill-ovos-date-time.openvoiceos,"date.future.weekend.intent","¿Cuál es la fecha para este fin de semana?"
skill-ovos-date-time.openvoiceos,"date.future.weekend.intent","¿Cuáles serán los días de este fin de semana?"
skill-ovos-date-time.openvoiceos,"date.future.weekend.intent","¿Cuáles serán los días del fin de semana que viene?"
skill-ovos-date-time.openvoiceos,"date.future.weekend.intent","¿Cuáles serán los días del fin de semana siguiente a este?"
skill-ovos-date-time.openvoiceos,"date.future.weekend.intent","¿Cuáles serán los días del fin de semana siguiente al actual?"
skill-ovos-date-time.openvoiceos,"date.future.weekend.intent","¿Cuáles serán los días del próximo fin de semana?"
skill-ovos-date-time.openvoiceos,"date.future.weekend.intent","¿Cuáles son las fechas de este fin de semana?"
skill-ovos-date-time.openvoiceos,"date.future.weekend.intent","¿Cuáles son las fechas del próximo fin de semana?"
skill-ovos-date-time.openvoiceos,"date.future.weekend.intent","¿Cuáles son las fechas para el próximo fin de semana?"
skill-ovos-date-time.openvoiceos,"date.future.weekend.intent","¿Cuáles son las fechas para este fin de semana?"
skill-ovos-date-time.openvoiceos,"date.future.weekend.intent","¿Cuáles son los días anticipados para el fin de semana que sigue al actual?"
skill-ovos-date-time.openvoiceos,"date.future.weekend.intent","¿Cuáles son los días de este fin de semana?"
skill-ovos-date-time.openvoiceos,"date.future.weekend.intent","¿Cuáles son los días del próximo fin de semana?"
skill-ovos-date-time.openvoiceos,"date.future.weekend.intent","¿Cuáles son los días esperados para el fin de semana que se acerca?"
skill-ovos-date-time.openvoiceos,"date.future.weekend.intent","¿Cuáles son los días fijados para el próximo fin de semana?"
skill-ovos-date-time.openvoiceos,"date.future.weekend.intent","¿Cuáles son los días para este fin de semana?"
skill-ovos-date-time.openvoiceos,"date.future.weekend.intent","¿Cuáles son los días previstos para el fin de semana que se acerca?"
skill-ovos-date-time.openvoiceos,"date.future.weekend.intent","¿Cuáles son los días previstos para el fin de semana que viene?"
skill-ovos-date-time.openvoiceos,"date.future.weekend.intent","¿Cuáles son los días previstos para el próximo fin de semana?"
skill-ovos-date-time.openvoiceos,"date.future.weekend.intent","¿Cuáles son los días previstos para este fin de semana?"
skill-ovos-date-time.openvoiceos,"date.future.weekend.intent","¿Me puedes dar las fechas para el fin de semana que sigue?"
skill-ovos-date-time.openvoiceos,"date.future.weekend.intent","¿Me puedes facilitar las fechas para el fin de semana que sigue?"
skill-ovos-date-time.openvoiceos,"date.future.weekend.intent","¿Podrías decirme las fechas del fin de semana siguiente al actual?"
skill-ovos-date-time.openvoiceos,"date.future.weekend.intent","¿Me podrías decir las fechas del fin de semana siguiente al actual?"
skill-ovos-date-time.openvoiceos,"date.future.weekend.intent","¿Podrías decirme las fechas del fin de semana siguiente al actual?"
skill-ovos-date-time.openvoiceos,"date.future.weekend.intent","¿Me puedes decir las fechas del fin de semana siguiente al actual?"
skill-ovos-date-time.openvoiceos,"date.future.weekend.intent","¿Puedes darme las fechas del próximo fin de semana?"
skill-ovos-date-time.openvoiceos,"date.future.weekend.intent","¿Me puedes dar las fechas del próximo fin de semana?"
skill-ovos-date-time.openvoiceos,"date.future.weekend.intent","¿Puedes darme las fechas del próximo fin de semana?"
skill-ovos-date-time.openvoiceos,"date.future.weekend.intent","¿Me puedes proporcionar las fechas del próximo fin de semana?"
skill-ovos-date-time.openvoiceos,"date.future.weekend.intent","¿Puedes decirme las fechas del fin de semana siguiente al actual?"
skill-ovos-date-time.openvoiceos,"date.future.weekend.intent","¿Me podrías decir las fechas del fin de semana siguiente al actual?"
skill-ovos-date-time.openvoiceos,"date.future.weekend.intent","¿Puedes decirme las fechas del fin de semana siguiente al actual?"
skill-ovos-date-time.openvoiceos,"date.future.weekend.intent","¿Me puedes decir las fechas del fin de semana siguiente al actual?"
skill-ovos-date-time.openvoiceos,"date.future.weekend.intent","¿Puedes decirme las fechas del próximo fin de semana?"
skill-ovos-date-time.openvoiceos,"date.future.weekend.intent","¿Puedes decirme las fechas para el próximo fin de semana?"
skill-ovos-date-time.openvoiceos,"date.future.weekend.intent","¿Me puedes decir las fechas para el próximo fin de semana?"
skill-ovos-date-time.openvoiceos,"date.future.weekend.intent","¿Puedes decirme los días del próximo fin de semana?"
skill-ovos-date-time.openvoiceos,"date.future.weekend.intent","¿Me puedes decir los días del próximo fin de semana?"
skill-ovos-date-time.openvoiceos,"date.future.weekend.intent","¿Puedes facilitarme las fechas para el fin de semana siguiente a este?"
skill-ovos-date-time.openvoiceos,"date.future.weekend.intent","¿Me puedes facilitar las fechas para el fin de semana siguiente a este?"
skill-ovos-date-time.openvoiceos,"date.future.weekend.intent","¿Puedes informarme de las fechas para el fin de semana siguiente a este?"
skill-ovos-date-time.openvoiceos,"date.future.weekend.intent","¿Puedes informarme de las fechas para el próximo fin de semana?"
skill-ovos-date-time.openvoiceos,"date.future.weekend.intent","¿Me puedes decir las fechas para el próximo fin de semana?"
skill-ovos-date-time.openvoiceos,"date.future.weekend.intent","¿Puedes proporcionarme las fechas del próximo fin de semana?"
skill-ovos-date-time.openvoiceos,"date.future.weekend.intent","¿Me puedes dar las fechas del próximo fin de semana?"
skill-ovos-date-time.openvoiceos,"date.future.weekend.intent","¿Puedes proporcionarme las fechas del próximo fin de semana?"
skill-ovos-date-time.openvoiceos,"date.future.weekend.intent","¿Me puedes proporcionar las fechas del próximo fin de semana?"
skill-ovos-date-time.openvoiceos,"date.future.weekend.intent","¿Qué día es el próximo fin de semana?"
skill-ovos-date-time.openvoiceos,"date.future.weekend.intent","¿Qué día es este fin de semana?"
skill-ovos-date-time.openvoiceos,"date.future.weekend.intent","¿Qué días  el próximo fin de semana?"
skill-ovos-date-time.openvoiceos,"date.future.weekend.intent","¿Qué días  este fin de semana?"
skill-ovos-date-time.openvoiceos,"date.future.weekend.intent","¿Qué días están fijados para el fin de semana siguiente al actual?"
skill-ovos-date-time.openvoiceos,"date.future.weekend.intent","¿Qué días están previstos para el fin de semana que se aproxima?"
skill-ovos-date-time.openvoiceos,"date.future.weekend.intent","¿Qué días están previstos para el próximo fin de semana?"
skill-ovos-date-time.openvoiceos,"date.future.weekend.intent","¿Qué días están reservados para el próximo fin de semana?"
skill-ovos-date-time.openvoiceos,"date.future.weekend.intent","¿Qué días están reservados para el siguiente fin de semana?"
skill-ovos-date-time.openvoiceos,"date.future.weekend.intent","¿Qué días formarán parte del fin de semana que viene?"
skill-ovos-date-time.openvoiceos,"date.future.weekend.intent","¿Qué días formarán parte del próximo fin de semana?"
skill-ovos-date-time.openvoiceos,"date.future.weekend.intent","¿Qué días habrá este fin de semana?"
skill-ovos-date-time.openvoiceos,"date.future.weekend.intent","¿Qué días para el próximo fin de semana?"
skill-ovos-date-time.openvoiceos,"date.future.weekend.intent","¿Qué días se esperan para el fin de semana siguiente a este?"
skill-ovos-date-time.openvoiceos,"date.future.weekend.intent","¿Qué días se esperan para el fin de semana siguiente al actual?"
skill-ovos-date-time.openvoiceos,"date.future.weekend.intent","¿Qué días se esperan para el próximo fin de semana?"
skill-ovos-date-time.openvoiceos,"date.future.weekend.intent","¿Qué días se prevén para el próximo fin de semana?"
skill-ovos-date-time.openvoiceos,"date.future.weekend.intent","¿Qué días serán el próximo fin de semana?"
skill-ovos-date-time.openvoiceos,"date.future.weekend.intent","¿Qué días serán este fin de semana?"
skill-ovos-date-time.openvoiceos,"date.future.weekend.intent","¿Qué días vienen este fin de semana?"
skill-ovos-date-time.openvoiceos,"date.future.weekend.intent","¿Qué fecha es el próximo fin de semana?"
skill-ovos-date-time.openvoiceos,"date.future.weekend.intent","¿Qué fecha es este fin de semana?"
skill-ovos-date-time.openvoiceos,"date.future.weekend.intent","¿Qué fechas están asignadas para el fin de semana siguiente a este?"
skill-ovos-date-time.openvoiceos,"date.future.weekend.intent","¿Qué fechas están asignadas para este fin de semana?"
skill-ovos-date-time.openvoiceos,"date.future.weekend.intent","¿Qué fechas están confirmadas para el fin de semana siguiente a este?"
skill-ovos-date-time.openvoiceos,"date.future.weekend.intent","¿Qué fechas están confirmadas para el fin de semana siguiente al actual?"
skill-ovos-date-time.openvoiceos,"date.future.weekend.intent","¿Qué fechas están confirmadas para el siguiente fin de semana?"
skill-ovos-date-time.openvoiceos,"date.future.weekend.intent","¿Qué fechas están confirmadas para este fin de semana?"
skill-ovos-date-time.openvoiceos,"date.future.weekend.intent","¿Qué fechas están marcadas para el próximo fin de semana?"
skill-ovos-date-time.openvoiceos,"date.future.weekend.intent","¿Qué fechas están planeadas para el próximo fin de semana?"
skill-ovos-date-time.openvoiceos,"date.future.weekend.intent","¿Qué fechas están previstas para el fin de semana siguiente al actual?"
skill-ovos-date-time.openvoiceos,"date.future.weekend.intent","¿Qué fechas están previstas para el próximo fin de semana?"
skill-ovos-date-time.openvoiceos,"date.future.weekend.intent","¿Qué fechas están previstas para este fin de semana?"
skill-ovos-date-time.openvoiceos,"date.future.weekend.intent","¿Qué fechas están programadas para el próximo fin de semana?"
skill-ovos-date-time.openvoiceos,"date.future.weekend.intent","¿Qué fechas están programadas para este fin de semana?"
skill-ovos-date-time.openvoiceos,"date.future.weekend.intent","¿Qué fechas son el próximo fin de semana?"
skill-ovos-date-time.openvoiceos,"date.future.weekend.intent","¿Qué fechas son este fin de semana?"
skill-ovos-date-time.openvoiceos,"what.weekday.is.it.intent","Dime a qué día de la semana estamos"
skill-ovos-date-time.openvoiceos,"what.weekday.is.it.intent","Dime qué día de la semana es"
skill-ovos-date-time.openvoiceos,"what.weekday.is.it.intent","Dime a qué día de la semana estamos"
skill-ovos-date-time.openvoiceos,"what.weekday.is.it.intent","Dime qué día de la semana es hoy"
skill-ovos-date-time.openvoiceos,"what.weekday.is.it.intent","Dime a qué día de la semana estamos hoy"
skill-ovos-date-time.openvoiceos,"what.weekday.is.it.intent","Dime qué día de la semana es"
skill-ovos-date-time.openvoiceos,"what.weekday.is.it.intent","Dime a qué día de la semana estamos hoy"
skill-ovos-date-time.openvoiceos,"what.weekday.is.it.intent","Dime qué día de la semana es hoy"
skill-ovos-date-time.openvoiceos,"what.weekday.is.it.intent","¿Cuál día de la semana es ?"
skill-ovos-date-time.openvoiceos,"what.weekday.is.it.intent","¿A qué día de la semana estamos?"
skill-ovos-date-time.openvoiceos,"what.weekday.is.it.intent","¿Cuál día de la semana es hoy?"
skill-ovos-date-time.openvoiceos,"what.weekday.is.it.intent","¿A qué día de la semana estamos?"
skill-ovos-date-time.openvoiceos,"what.weekday.is.it.intent","¿Cuál es el día de la semana?"
skill-ovos-date-time.openvoiceos,"what.weekday.is.it.intent","¿A qué día de la semana estamos?"
skill-ovos-date-time.openvoiceos,"what.weekday.is.it.intent","¿Qué día de la semana es ?"
skill-ovos-date-time.openvoiceos,"what.weekday.is.it.intent","¿Qué día de la semana es ?"
skill-ovos-date-time.openvoiceos,"what.weekday.is.it.intent","¿A qué día de la semana estamos?"
skill-ovos-date-time.openvoiceos,"what.weekday.is.it.intent","¿Qué día de la semana es hoy?"
skill-ovos-date-time.openvoiceos,"what.weekday.is.it.intent","¿Qué día de la semana es hoy?"
skill-ovos-date-time.openvoiceos,"what.weekday.is.it.intent","¿A qué día de la semana estamos?"
skill-ovos-date-time.openvoiceos,"what.weekday.is.it.intent","¿Qué día de la semana es?"
skill-ovos-date-time.openvoiceos,"what.weekday.is.it.intent","¿A qué día de la semana estamos?"
skill-ovos-date-time.openvoiceos,"what.day.is.it.intent","Dime el día actual"
skill-ovos-date-time.openvoiceos,"what.day.is.it.intent","Dime a qué día estamos"
skill-ovos-date-time.openvoiceos,"what.day.is.it.intent","¿A qué día estamos hoy?"
skill-ovos-date-time.openvoiceos,"what.day.is.it.intent","¿Cuál es la fecha de hoy?"
skill-ovos-date-time.openvoiceos,"what.day.is.it.intent","¿Puedes decirme qué día es ?"
skill-ovos-date-time.openvoiceos,"what.day.is.it.intent","¿Me puedes decir qué día es ?"
skill-ovos-date-time.openvoiceos,"what.day.is.it.intent","¿Puedes decirme qué día es ?"
skill-ovos-date-time.openvoiceos,"what.day.is.it.intent","¿Me puedes decir qué día es hoy?"
skill-ovos-date-time.openvoiceos,"what.day.is.it.intent","¿Puedes decirme qué día es hoy?"
skill-ovos-date-time.openvoiceos,"what.day.is.it.intent","¿Me puedes decir qué día es ?"
skill-ovos-date-time.openvoiceos,"what.day.is.it.intent","¿Puedes decirme qué día es hoy?"
skill-ovos-date-time.openvoiceos,"what.day.is.it.intent","¿Me puedes decir qué día es hoy?"
skill-ovos-date-time.openvoiceos,"what.day.is.it.intent","¿Qué día es ?"
skill-ovos-date-time.openvoiceos,"what.day.is.it.intent","¿Qué día es hoy?"
skill-ovos-date-time.openvoiceos,"date.last.weekend.intent","Dame las fechas concretas del fin de semana anterior."
skill-ovos-date-time.openvoiceos,"date.last.weekend.intent","Dame las fechas concretas del fin de semana pasado."
skill-ovos-date-time.openvoiceos,"date.last.weekend.intent","Dame las fechas del fin de semana antepasado."
skill-ovos-date-time.openvoiceos,"date.last.weekend.intent","Dame las fechas del fin de semana anterior."
skill-ovos-date-time.openvoiceos,"date.last.weekend.intent","Dame las fechas específicas del fin de semana anterior."
skill-ovos-date-time.openvoiceos,"date.last.weekend.intent","Dame las fechas específicas del fin de semana pasado."
skill-ovos-date-time.openvoiceos,"date.last.weekend.intent","Dime las fechas concretas del fin de semana anterior."
skill-ovos-date-time.openvoiceos,"date.last.weekend.intent","Dime las fechas concretas del fin de semana pasado."
skill-ovos-date-time.openvoiceos,"date.last.weekend.intent","Dime las fechas del antepenúltimo fin de semana."
skill-ovos-date-time.openvoiceos,"date.last.weekend.intent","Dime las fechas del fin de semana anterior al pasado."
skill-ovos-date-time.openvoiceos,"date.last.weekend.intent","Dime las fechas del fin de semana antepasado."
skill-ovos-date-time.openvoiceos,"date.last.weekend.intent","Dime las fechas del fin de semana anterior al actual."
skill-ovos-date-time.openvoiceos,"date.last.weekend.intent","Dime las fechas del fin de semana anterior."
skill-ovos-date-time.openvoiceos,"date.last.weekend.intent","Dime las fechas del fin de semana que acaba de pasar."
skill-ovos-date-time.openvoiceos,"date.last.weekend.intent","Dime las fechas del fin de semana que acaba de terminar."
skill-ovos-date-time.openvoiceos,"date.last.weekend.intent","Dime las fechas específicas del fin de semana anterior."
skill-ovos-date-time.openvoiceos,"date.last.weekend.intent","Dime las fechas específicas del fin de semana pasado."
skill-ovos-date-time.openvoiceos,"date.last.weekend.intent","Dime las fechas específicas del pasado fin de semana."
skill-ovos-date-time.openvoiceos,"date.last.weekend.intent","Dime las fechas específicas del último fin de semana."
skill-ovos-date-time.openvoiceos,"date.last.weekend.intent","Dime los días del fin de semana anterior."
skill-ovos-date-time.openvoiceos,"date.last.weekend.intent","Dime los días que cayeron dentro del último fin de semana."
skill-ovos-date-time.openvoiceos,"date.last.weekend.intent","Dime los días que comprendieron el fin de semana que acaba de pasar."
skill-ovos-date-time.openvoiceos,"date.last.weekend.intent","Dime los días que comprendió el fin de semana pasado."
skill-ovos-date-time.openvoiceos,"date.last.weekend.intent","Dime los días que comprendió el pasado fin de semana."
skill-ovos-date-time.openvoiceos,"date.last.weekend.intent","Infórmame de las fechas del antepenúltimo fin de semana."
skill-ovos-date-time.openvoiceos,"date.last.weekend.intent","Infórmame de las fechas del fin de semana antepasado."
skill-ovos-date-time.openvoiceos,"date.last.weekend.intent","Dime las fechas del fin de semana anterior al pasado."
skill-ovos-date-time.openvoiceos,"date.last.weekend.intent","Infórmame de las fechas del fin de semana pasado, por favor."
skill-ovos-date-time.openvoiceos,"date.last.weekend.intent","Infórmame de las fechas del fin de semana que acaba de pasar."
skill-ovos-date-time.openvoiceos,"date.last.weekend.intent","Infórmame de las fechas del pasado fin de semana, por favor."
skill-ovos-date-time.openvoiceos,"date.last.weekend.intent","Infórmame de los días que conformaron el fin de semana pasado."
skill-ovos-date-time.openvoiceos,"date.last.weekend.intent","Dime qué días fueron el fin de semana pasado."
skill-ovos-date-time.openvoiceos,"date.last.weekend.intent","Infórmame de los días que conformaron el fin de semana pasado."
skill-ovos-date-time.openvoiceos,"date.last.weekend.intent","Dime qué días fueron el pasado fin de semana."
skill-ovos-date-time.openvoiceos,"date.last.weekend.intent","Infórmame de los días que conformaron el pasado fin de semana."
skill-ovos-date-time.openvoiceos,"date.last.weekend.intent","Dime qué días fueron el fin de semana pasado."
skill-ovos-date-time.openvoiceos,"date.last.weekend.intent","Infórmame de los días que conformaron el pasado fin de semana."
skill-ovos-date-time.openvoiceos,"date.last.weekend.intent","Dime qué días fueron el pasado fin de semana."
skill-ovos-date-time.openvoiceos,"date.last.weekend.intent","Me gustaría saber las fechas del fin de semana pasado."
skill-ovos-date-time.openvoiceos,"date.last.weekend.intent","Me gustaría saber las fechas del pasado fin de semana."
skill-ovos-date-time.openvoiceos,"date.last.weekend.intent","Me interesa saber las fechas del fin de semana pasado."
skill-ovos-date-time.openvoiceos,"date.last.weekend.intent","Me interesa saber las fechas del pasado fin de semana."
skill-ovos-date-time.openvoiceos,"date.last.weekend.intent","Proporcióname los días del fin de semana anterior."
skill-ovos-date-time.openvoiceos,"date.last.weekend.intent","¿Cuales fueron los días del fin de semana anterior?"
skill-ovos-date-time.openvoiceos,"date.last.weekend.intent","¿Cuáles eran las fechas del fin de semana anterior a este?"
skill-ovos-date-time.openvoiceos,"date.last.weekend.intent","¿Cuáles fueron las fechas del fin de semana anterior a este?"
skill-ovos-date-time.openvoiceos,"date.last.weekend.intent","¿Cuáles fueron las fechas del fin de semana anterior al actual?"
skill-ovos-date-time.openvoiceos,"date.last.weekend.intent","¿Cuáles fueron las fechas del fin de semana anterior?"
skill-ovos-date-time.openvoiceos,"date.last.weekend.intent","¿Cuáles fueron las fechas del fin de semana pasado?"
skill-ovos-date-time.openvoiceos,"date.last.weekend.intent","¿Cuáles fueron las fechas del fin de semana que acaba de pasar?"
skill-ovos-date-time.openvoiceos,"date.last.weekend.intent","¿Cuáles fueron las fechas del pasado fin de semana?"
skill-ovos-date-time.openvoiceos,"date.last.weekend.intent","¿Cuáles fueron los días del fin de semana pasado?"
skill-ovos-date-time.openvoiceos,"date.last.weekend.intent","¿Cuáles fueron los días del pasado fin de semana?"
skill-ovos-date-time.openvoiceos,"date.last.weekend.intent","¿Cuándo fue el fin de semana pasado?"
skill-ovos-date-time.openvoiceos,"date.last.weekend.intent","¿Cuándo fue el pasado fin de semana?"
skill-ovos-date-time.openvoiceos,"date.last.weekend.intent","¿En qué fechas cayó el fin de semana pasado?"
skill-ovos-date-time.openvoiceos,"date.last.weekend.intent","¿En qué fechas cayó el pasado fin de semana?"
skill-ovos-date-time.openvoiceos,"date.last.weekend.intent","¿En qué fechas cayó el último fin de semana?"
skill-ovos-date-time.openvoiceos,"date.last.weekend.intent","¿Me podrías decir qué días fueron el fin de semana pasado?"
skill-ovos-date-time.openvoiceos,"date.last.weekend.intent","¿Me podrías decir qué días fueron el pasado fin de semana?"
skill-ovos-date-time.openvoiceos,"date.last.weekend.intent","¿Me puedes decir los días del fin de semana pasado?"
skill-ovos-date-time.openvoiceos,"date.last.weekend.intent","¿Me puedes decir los días del pasado fin de semana?"
skill-ovos-date-time.openvoiceos,"date.last.weekend.intent","¿Me puedes decir los días del último fin de semana?"
skill-ovos-date-time.openvoiceos,"date.last.weekend.intent","¿Me puedes decir qué días fueron el fin de semana pasado?"
skill-ovos-date-time.openvoiceos,"date.last.weekend.intent","¿Me puedes decir qué días fueron el pasado fin de semana?"
skill-ovos-date-time.openvoiceos,"date.last.weekend.intent","¿Puedes decirme las fechas del fin de semana anterior a este?"
skill-ovos-date-time.openvoiceos,"date.last.weekend.intent","¿Puedes decirme los días del fin de semana anterior?"
skill-ovos-date-time.openvoiceos,"date.last.weekend.intent","¿Puedes proporcionarme las fechas del fin de semana anterior a este?"
skill-ovos-date-time.openvoiceos,"date.last.weekend.intent","¿Qué día fue el fin de semana pasado?"
skill-ovos-date-time.openvoiceos,"date.last.weekend.intent","¿Qué día fue el pasado fin de semana?"
skill-ovos-date-time.openvoiceos,"date.last.weekend.intent","¿Qué días abarcó fin de semana pasado?"
skill-ovos-date-time.openvoiceos,"date.last.weekend.intent","¿Qué días abarcó pasado fin de semana?"
skill-ovos-date-time.openvoiceos,"date.last.weekend.intent","¿Qué días abarcó último fin de semana?"
skill-ovos-date-time.openvoiceos,"date.last.weekend.intent","¿Qué días cayeron durante el último fin de semana?"
skill-ovos-date-time.openvoiceos,"date.last.weekend.intent","¿Qué días cayeron en el fin de semana pasado?"
skill-ovos-date-time.openvoiceos,"date.last.weekend.intent","¿Qué días cayeron en el pasado fin de semana?"
skill-ovos-date-time.openvoiceos,"date.last.weekend.intent","¿Qué días cubrió el último fin de semana?"
skill-ovos-date-time.openvoiceos,"date.last.weekend.intent","¿Qué días estaban incluidos en el fin de semana anterior al actual?"
skill-ovos-date-time.openvoiceos,"date.last.weekend.intent","¿Qué días estuvieron incluidos en el fin de semana pasado?"
skill-ovos-date-time.openvoiceos,"date.last.weekend.intent","¿Qué días estuvieron incluidos en el pasado fin de semana?"
skill-ovos-date-time.openvoiceos,"date.last.weekend.intent","¿Qué días formaron parte del fin de semana anterior a este?"
skill-ovos-date-time.openvoiceos,"date.last.weekend.intent","¿Qué días fueron el fin de semana pasado?"
skill-ovos-date-time.openvoiceos,"date.last.weekend.intent","¿Qué días fueron el pasado fin de semana?"
skill-ovos-date-time.openvoiceos,"date.last.weekend.intent","¿Qué días fueron parte del fin de semana pasado?"
skill-ovos-date-time.openvoiceos,"date.last.weekend.intent","¿Qué días fueron parte del pasado fin de semana?"
skill-ovos-date-time.openvoiceos,"date.last.weekend.intent","¿Qué días fueron parte del último fin de semana?"
skill-ovos-date-time.openvoiceos,"date.last.weekend.intent","¿Qué días incluyó el fin de semana pasado?"
skill-ovos-date-time.openvoiceos,"date.last.weekend.intent","¿Qué días incluyó el pasado fin de semana?"
skill-ovos-date-time.openvoiceos,"date.last.weekend.intent","¿Qué días se incluyeron en el fin de semana anterior al actual?"
skill-ovos-date-time.openvoiceos,"date.last.weekend.intent","¿Qué fecha fue el fin de semana pasado?"
skill-ovos-date-time.openvoiceos,"date.last.weekend.intent","¿Qué fecha fue el pasado fin de semana?"
skill-ovos-date-time.openvoiceos,"date.last.weekend.intent","¿Qué fechas comprendió el fin de semana pasado?"
skill-ovos-date-time.openvoiceos,"date.last.weekend.intent","¿Qué fechas comprendió el pasado fin de semana?"
skill-ovos-date-time.openvoiceos,"date.last.weekend.intent","¿Qué fechas constituyeron el fin de semana pasado?"
skill-ovos-date-time.openvoiceos,"date.last.weekend.intent","¿Qué fechas constituyeron el pasado fin de semana?"
skill-ovos-date-time.openvoiceos,"date.last.weekend.intent","¿Qué fechas cubrió el fin de semana pasado?"
skill-ovos-date-time.openvoiceos,"date.last.weekend.intent","¿Qué fechas cubrió el pasado fin de semana?"
skill-ovos-date-time.openvoiceos,"date.last.weekend.intent","¿Qué fechas formaron parte del fin de semana pasado?"
skill-ovos-date-time.openvoiceos,"date.last.weekend.intent","¿Qué días formaron parte del fin de semana que acaba de pasar?"
skill-ovos-date-time.openvoiceos,"date.last.weekend.intent","¿Qué fechas formaron parte del fin de semana pasado?"
skill-ovos-date-time.openvoiceos,"date.last.weekend.intent","¿Qué días fueron parte del fin de semana que acaba de pasar?"
skill-ovos-date-time.openvoiceos,"date.last.weekend.intent","¿Qué fechas formaron parte del pasado fin de semana?"
skill-ovos-date-time.openvoiceos,"date.last.weekend.intent","¿Qué días formaron parte del fin de semana que acaba de pasar?"
skill-ovos-date-time.openvoiceos,"date.last.weekend.intent","¿Qué fechas formaron parte del pasado fin de semana?"
skill-ovos-date-time.openvoiceos,"date.last.weekend.intent","¿Qué días fueron parte del fin de semana que acaba de pasar?"
skill-ovos-date-time.openvoiceos,"date.last.weekend.intent","¿Qué fechas fueron parte del fin de semana pasado?"
skill-ovos-date-time.openvoiceos,"date.last.weekend.intent","¿Qué días formaron parte del fin de semana que acaba de pasar?"
skill-ovos-date-time.openvoiceos,"date.last.weekend.intent","¿Qué fechas fueron parte del fin de semana pasado?"
skill-ovos-date-time.openvoiceos,"date.last.weekend.intent","¿Qué días fueron parte del fin de semana que acaba de pasar?"
skill-ovos-date-time.openvoiceos,"date.last.weekend.intent","¿Qué fechas fueron parte del pasado fin de semana?"
skill-ovos-date-time.openvoiceos,"date.last.weekend.intent","¿Qué días formaron parte del fin de semana que acaba de pasar?"
skill-ovos-date-time.openvoiceos,"date.last.weekend.intent","¿Qué fechas fueron parte del pasado fin de semana?"
skill-ovos-date-time.openvoiceos,"date.last.weekend.intent","¿Qué días fueron parte del fin de semana que acaba de pasar?"
skill-ovos-date-time.openvoiceos,"date.last.weekend.intent","¿Qué fechas se consideraron como fin de semana pasado?"
skill-ovos-date-time.openvoiceos,"date.last.weekend.intent","¿Qué fechas se consideraron como pasado fin de semana?"
skill-ovos-date-time.openvoiceos,"date.last.weekend.intent","¿Qué fechas se fueron fin de semana pasado?"
skill-ovos-date-time.openvoiceos,"date.last.weekend.intent","¿Qué fechas se fueron pasado fin de semana?"
skill-ovos-date-time.openvoiceos,"date.last.weekend.intent","¿Qué fechas se incluyeron en el fin de semana pasado?"
skill-ovos-date-time.openvoiceos,"date.last.weekend.intent","¿Qué fechas se incluyeron en el pasado fin de semana?"
skill-ovos-date-time.openvoiceos,"what.time.will.it.be.intent","¿Qué hora será dentro de {offset} horas?"
skill-ovos-date-time.openvoiceos,"what.time.will.it.be.intent","¿Qué hora será dentro de {offset} minutos desde ahora?"
skill-ovos-date-time.openvoiceos,"what.time.will.it.be.intent","¿Qué hora será dentro de {offset} minutos en {location}?"
skill-ovos-date-time.openvoiceos,"what.time.will.it.be.intent","¿Qué hora será dentro de {offset} minutos?"
skill-ovos-date-time.openvoiceos,"what.time.will.it.be.intent","¿Qué hora será dentro de {offset} segundos en {location}?"
skill-ovos-date-time.openvoiceos,"what.time.will.it.be.intent","¿Qué hora será dentro de {offset} segundos?"
skill-ovos-date-time.openvoiceos,"what.time.will.it.be.intent","¿Qué hora será en {location} dentro de {offset} horas?"
skill-ovos-date-time.openvoiceos,"what.time.will.it.be.intent","¿Qué hora será en {location} dentro de {offset} minutos?"
skill-ovos-date-time.openvoiceos,"what.time.will.it.be.intent","¿Qué hora será en {location} dentro de {offset} segundos?"
skill-ovos-date-time.openvoiceos,"what.time.will.it.be.intent","¿Qué hora será en {location} en {offset} minutos?"
skill-ovos-date-time.openvoiceos,"what.time.will.it.be.intent","¿Qué hora será en {offset} horas desde ahora en {location}?"
skill-ovos-date-time.openvoiceos,"what.time.will.it.be.intent","¿Qué hora será en {offset} horas desde ahora?"
skill-ovos-date-time.openvoiceos,"what.time.will.it.be.intent","¿Qué hora será en {offset} horas en {location}?"
skill-ovos-date-time.openvoiceos,"what.time.will.it.be.intent","¿Qué hora será en {offset} horas?"
skill-ovos-date-time.openvoiceos,"what.time.will.it.be.intent","¿Qué hora será en {offset} minutos desde ahora en {location}?"
skill-ovos-date-time.openvoiceos,"what.time.will.it.be.intent","¿Qué hora será en {offset} minutos en {location}?"
skill-ovos-date-time.openvoiceos,"what.time.will.it.be.intent","¿Qué hora será en {offset} minutos?"
skill-ovos-date-time.openvoiceos,"what.time.will.it.be.intent","¿Qué hora será en {offset} segundos desde ahora en {location}?"
skill-ovos-date-time.openvoiceos,"what.time.will.it.be.intent","¿Qué hora será en {offset} segundos desde ahora?"
skill-ovos-date-time.openvoiceos,"what.time.will.it.be.intent","¿Qué hora será en {offset} segundos en {location}?"
skill-ovos-date-time.openvoiceos,"what.time.will.it.be.intent","¿Qué hora será en {offset} segundos?"
skill-ovos-ddg.openvoiceos,"official_website.intent","lo que es {keyword} sitio oficial"
skill-ovos-ddg.openvoiceos,"search_duck.intent","Pregúntale al pato sobre {keyword}"
skill-ovos-ddg.openvoiceos,"search_duck.intent","Qué dice el pato del pato sobre {keyword}"
skill-ovos-ddg.openvoiceos,"search_duck.intent","Qué dice el pato sobre {keyword}"
skill-ovos-ddg.openvoiceos,"search_duck.intent","buscar el pato para {keyword}"
skill-ovos-ddg.openvoiceos,"search_duck.intent","buscar pato de pato ir por {keyword}"
skill-ovos-ddg.openvoiceos,"search_duck.intent","búsqueda de pato para {keyword}"
skill-ovos-ddg.openvoiceos,"education.intent","donde consiguió su educación"
skill-ovos-ddg.openvoiceos,"education.intent","dónde lo hizo estudio"
skill-ovos-ddg.openvoiceos,"died.intent","cuando fue la muerte"
skill-ovos-ddg.openvoiceos,"died.intent","cuando murió"
skill-ovos-ddg.openvoiceos,"died.intent","día de la muerte"
skill-ovos-ddg.openvoiceos,"died.intent","fecha de la muerte"
skill-ovos-ddg.openvoiceos,"age_at_death.intent","cuando murió"
skill-ovos-ddg.openvoiceos,"age_at_death.intent","que edad tenía en su muerte"
skill-ovos-ddg.openvoiceos,"age_at_death.intent","qué edad tenía el día que murió"
skill-ovos-ddg.openvoiceos,"born.intent","cuando es el día de nacimiento"
skill-ovos-ddg.openvoiceos,"born.intent","cuando es el nacimiento"
skill-ovos-ddg.openvoiceos,"born.intent","cuando es {keyword} cumpleaños"
skill-ovos-ddg.openvoiceos,"born.intent","cuando nació"
skill-ovos-ddg.openvoiceos,"born.intent","día de nacimiento"
skill-ovos-ddg.openvoiceos,"born.intent","fecha de nacimiento"
skill-ovos-ddg.openvoiceos,"thesis.intent","qué es tema de la tesis"
skill-ovos-ddg.openvoiceos,"alma_mater.intent","qué es alma mater"
skill-ovos-ddg.openvoiceos,"known_for.intent","lo que es famoso por"
skill-ovos-ddg.openvoiceos,"known_for.intent","qué es conocido"
skill-ovos-ddg.openvoiceos,"children.intent","cuántos niños tenían"
skill-ovos-ddg.openvoiceos,"children.intent","cuántos niños tienen"
skill-ovos-ddg.openvoiceos,"birthdate.intent","Qué es el cumpleaños"
skill-ovos-ddg.openvoiceos,"birthdate.intent","cuando nació"
skill-ovos-ddg.openvoiceos,"birthdate.intent","cuando nació {persona}"
skill-ovos-ddg.openvoiceos,"birthdate.intent","lo que es {persona} fecha de nacimiento"
skill-ovos-ddg.openvoiceos,"resting_place.intent","donde está descansando enterrado"
skill-ovos-ddg.openvoiceos,"resting_place.intent","donde está {keyword} lugar de descanso"
skill-ovos-ddg.openvoiceos,"fields.intent","lo que es {keyword} campo de experiencia"
skill-ovos-ddg.openvoiceos,"who.intent","que es {persona}"
skill-ovos-hello-world.openvoiceos,"Greetings.intent","Hola de nuevo"
skill-ovos-hello-world.openvoiceos,"Greetings.intent","buenas noches"
skill-ovos-hello-world.openvoiceos,"Greetings.intent","buenas tardes"
skill-ovos-hello-world.openvoiceos,"Greetings.intent","buenos días"
skill-ovos-hello-world.openvoiceos,"Greetings.intent","cuánto tiempo"
skill-ovos-hello-world.openvoiceos,"Greetings.intent","cuánto tiempo sin vernos"
skill-ovos-hello-world.openvoiceos,"Greetings.intent","cuánto tiempo sin verte"
skill-ovos-hello-world.openvoiceos,"Greetings.intent","cómo estás"
skill-ovos-hello-world.openvoiceos,"Greetings.intent","cómo va"
skill-ovos-hello-world.openvoiceos,"Greetings.intent","encantada de verte"
skill-ovos-hello-world.openvoiceos,"Greetings.intent","encantado de verte"
skill-ovos-hello-world.openvoiceos,"Greetings.intent","ey"
skill-ovos-hello-world.openvoiceos,"Greetings.intent","hola"
skill-ovos-hello-world.openvoiceos,"Greetings.intent","hola de nuevo"
skill-ovos-hello-world.openvoiceos,"Greetings.intent","qué hay?"
skill-ovos-hello-world.openvoiceos,"Greetings.intent","qué tal"
skill-ovos-hello-world.openvoiceos,"Greetings.intent","saludos"
skill-ovos-hello-world.openvoiceos,"Greetings.intent","¿cómo va?"
skill-ovos-hello-world.openvoiceos,"HowAreYou.intent","Cómo estas"
skill-ovos-hello-world.openvoiceos,"HowAreYou.intent","Qué tal"
skill-ovos-hello-world.openvoiceos,"HowAreYou.intent","cómo ha ido el día"
skill-ovos-hello-world.openvoiceos,"HowAreYou.intent","cómo te ha ido"
skill-ovos-local-media.openvoiceos,"open.file.browser.intent","Mostrar archivo aplicación del navegador"
skill-ovos-local-media.openvoiceos,"open.file.browser.intent","Mostrar archivo del navegador"
skill-ovos-local-media.openvoiceos,"open.file.browser.intent","Mostrar archivo del navegador unidad"
skill-ovos-local-media.openvoiceos,"open.file.browser.intent","abre mi unidad USB"
skill-ovos-local-media.openvoiceos,"open.file.browser.intent","abrir archivo navegador"
skill-ovos-local-media.openvoiceos,"open.file.browser.intent","abrir la aplicación del navegador USB"
skill-ovos-local-media.openvoiceos,"open.file.browser.intent","abrir la unidad del navegador"
skill-ovos-local-media.openvoiceos,"open.file.browser.intent","abrir mi USB"
skill-ovos-local-media.openvoiceos,"open.file.browser.intent","abrir mi navegador de archivos"
skill-ovos-local-media.openvoiceos,"open.file.browser.intent","abrir mi unidad del navegador de archivo"
skill-ovos-local-media.openvoiceos,"open.file.browser.intent","abrir navegador USB"
skill-ovos-local-media.openvoiceos,"open.file.browser.intent","abrir unidad USB"
skill-ovos-local-media.openvoiceos,"open.file.browser.intent","abrirnos"
skill-ovos-local-media.openvoiceos,"open.file.browser.intent","aplicación del navegador de archivo abierto"
skill-ovos-local-media.openvoiceos,"open.file.browser.intent","iniciar navegador USB"
skill-ovos-local-media.openvoiceos,"open.file.browser.intent","inicio aplicación del navegador de archivos"
skill-ovos-local-media.openvoiceos,"open.file.browser.intent","inicio archivo navegador"
skill-ovos-local-media.openvoiceos,"open.file.browser.intent","inicio usb aplicación del navegador"
skill-ovos-local-media.openvoiceos,"open.file.browser.intent","mostrar la unidad USB"
skill-ovos-local-media.openvoiceos,"open.file.browser.intent","mostrar mi archivo navegador"
skill-ovos-local-media.openvoiceos,"open.file.browser.intent","mostrar mi unidad USB"
skill-ovos-local-media.openvoiceos,"open.file.browser.intent","mostrar mi unidad del navegador de archivo"
skill-ovos-local-media.openvoiceos,"open.file.browser.intent","mostrar mi usb"
skill-ovos-local-media.openvoiceos,"open.file.browser.intent","mostrar usb aplicación del navegador"
skill-ovos-local-media.openvoiceos,"open.file.browser.intent","mostrar usb navegador"
skill-ovos-local-media.openvoiceos,"open.file.browser.intent","mostrarnos"
skill-ovos-news.openvoiceos,"global_news.intent","Cuéntame qué está pasando a nivel internacional"
skill-ovos-news.openvoiceos,"global_news.intent","Cuéntame qué está pasando alrededor del mundo"
skill-ovos-news.openvoiceos,"global_news.intent","Cuéntame qué está pasando en el mundo"
skill-ovos-news.openvoiceos,"global_news.intent","Cuéntame sobre las noticias del mundo"
skill-ovos-news.openvoiceos,"global_news.intent","Cuéntame sobre las noticias globales"
skill-ovos-news.openvoiceos,"global_news.intent","Cuéntame sobre las noticias internacionales"
skill-ovos-news.openvoiceos,"global_news.intent","Cuéntame sobre las noticias mundiales"
skill-ovos-news.openvoiceos,"global_news.intent","Dame una actualización de noticias del mundo"
skill-ovos-news.openvoiceos,"global_news.intent","Dame una actualización de noticias globales"
skill-ovos-news.openvoiceos,"global_news.intent","Dame una actualización de noticias internacionales"
skill-ovos-news.openvoiceos,"global_news.intent","Dame una actualización de noticias mundiales"
skill-ovos-news.openvoiceos,"global_news.intent","dame noticias del mundo"
skill-ovos-news.openvoiceos,"global_news.intent","dame noticias globales"
skill-ovos-news.openvoiceos,"global_news.intent","dame noticias internacionales"
skill-ovos-news.openvoiceos,"global_news.intent","dame noticias mundiales"
skill-ovos-news.openvoiceos,"global_news.intent","poner noticias del mundo"
skill-ovos-news.openvoiceos,"global_news.intent","poner noticias globales"
skill-ovos-news.openvoiceos,"global_news.intent","poner noticias internacionales"
skill-ovos-news.openvoiceos,"global_news.intent","poner noticias mundiales"
skill-ovos-news.openvoiceos,"global_news.intent","quiero noticias del mundo"
skill-ovos-news.openvoiceos,"global_news.intent","quiero noticias globales"
skill-ovos-news.openvoiceos,"global_news.intent","quiero noticias internacionales"
skill-ovos-news.openvoiceos,"global_news.intent","quiero noticias mundiales"
skill-ovos-news.openvoiceos,"global_news.intent","reproducir noticias del mundo"
skill-ovos-news.openvoiceos,"global_news.intent","reproducir noticias globales"
skill-ovos-news.openvoiceos,"global_news.intent","reproducir noticias internacionales"
skill-ovos-news.openvoiceos,"global_news.intent","reproducir noticias mundiales"
skill-ovos-news.openvoiceos,"global_news.intent","¿Cuál es la última noticia del mundo?"
skill-ovos-news.openvoiceos,"global_news.intent","¿Cuál es la última noticia global?"
skill-ovos-news.openvoiceos,"global_news.intent","¿Cuál es la última noticia internacional?"
skill-ovos-news.openvoiceos,"global_news.intent","¿Cuál es la última noticia mundial?"
skill-ovos-news.openvoiceos,"global_news.intent","¿Cómo está el mundo hoy?"
skill-ovos-news.openvoiceos,"global_news.intent","¿Hay alguna gran noticia global?"
skill-ovos-news.openvoiceos,"global_news.intent","¿Hay alguna gran noticia internacional?"
skill-ovos-news.openvoiceos,"global_news.intent","¿Hay alguna gran noticia mundial?"
skill-ovos-news.openvoiceos,"global_news.intent","¿Hay alguna noticia de última hora globalmente?"
skill-ovos-news.openvoiceos,"global_news.intent","¿Hay alguna noticia de última hora internacionalmente?"
skill-ovos-news.openvoiceos,"global_news.intent","¿Hay alguna noticia de última hora mundialmente?"
skill-ovos-news.openvoiceos,"global_news.intent","¿Qué ha pasado a nivel internacional?"
skill-ovos-news.openvoiceos,"global_news.intent","¿Qué ha pasado alrededor del mundo?"
skill-ovos-news.openvoiceos,"global_news.intent","¿Qué ha pasado en el mundo?"
skill-ovos-news.openvoiceos,"global_news.intent","últimas noticias del mundo"
skill-ovos-news.openvoiceos,"global_news.intent","últimas noticias globales"
skill-ovos-news.openvoiceos,"global_news.intent","últimas noticias internacionales"
skill-ovos-news.openvoiceos,"global_news.intent","últimas noticias mundiales"
skill-ovos-news.openvoiceos,"news.intent","actualízame con  noticias"
skill-ovos-news.openvoiceos,"news.intent","actualízame con  noticias actuales"
skill-ovos-news.openvoiceos,"news.intent","actualízame con  noticias de hoy"
skill-ovos-news.openvoiceos,"news.intent","actualízame con  noticias del día"
skill-ovos-news.openvoiceos,"news.intent","actualízame con  noticias locales"
skill-ovos-news.openvoiceos,"news.intent","actualízame con  noticias regionales"
skill-ovos-news.openvoiceos,"news.intent","actualízame con  noticias últimas"
skill-ovos-news.openvoiceos,"news.intent","actualízame con las noticias"
skill-ovos-news.openvoiceos,"news.intent","actualízame con las noticias actuales"
skill-ovos-news.openvoiceos,"news.intent","actualízame con las noticias de hoy"
skill-ovos-news.openvoiceos,"news.intent","actualízame con las noticias del día"
skill-ovos-news.openvoiceos,"news.intent","actualízame con las noticias locales"
skill-ovos-news.openvoiceos,"news.intent","actualízame con las noticias regionales"
skill-ovos-news.openvoiceos,"news.intent","actualízame con las noticias últimas"
skill-ovos-news.openvoiceos,"news.intent","actualízame sobre  noticias actuales"
skill-ovos-news.openvoiceos,"news.intent","actualízame sobre  noticias de hoy"
skill-ovos-news.openvoiceos,"news.intent","actualízame sobre  noticias del día"
skill-ovos-news.openvoiceos,"news.intent","actualízame sobre  noticias locales"
skill-ovos-news.openvoiceos,"news.intent","actualízame sobre  noticias regionales"
skill-ovos-news.openvoiceos,"news.intent","actualízame sobre las noticias actuales"
skill-ovos-news.openvoiceos,"news.intent","actualízame sobre las noticias de hoy"
skill-ovos-news.openvoiceos,"news.intent","actualízame sobre las noticias del día"
skill-ovos-news.openvoiceos,"news.intent","actualízame sobre las noticias locales"
skill-ovos-news.openvoiceos,"news.intent","actualízame sobre las noticias regionales"
skill-ovos-news.openvoiceos,"news.intent","coloca  noticias"
skill-ovos-news.openvoiceos,"news.intent","coloca  noticias actuales"
skill-ovos-news.openvoiceos,"news.intent","coloca  noticias locales"
skill-ovos-news.openvoiceos,"news.intent","coloca  noticias regionales"
skill-ovos-news.openvoiceos,"news.intent","coloca  noticias últimas"
skill-ovos-news.openvoiceos,"news.intent","coloca las noticias"
skill-ovos-news.openvoiceos,"news.intent","coloca las noticias actuales"
skill-ovos-news.openvoiceos,"news.intent","coloca las noticias locales"
skill-ovos-news.openvoiceos,"news.intent","coloca las noticias regionales"
skill-ovos-news.openvoiceos,"news.intent","coloca las noticias últimas"
skill-ovos-news.openvoiceos,"news.intent","cualquier noticia de última hora"
skill-ovos-news.openvoiceos,"news.intent","cuáles son las noticias"
skill-ovos-news.openvoiceos,"news.intent","cuáles son las noticias actuales"
skill-ovos-news.openvoiceos,"news.intent","cuáles son las noticias locales"
skill-ovos-news.openvoiceos,"news.intent","cuáles son las noticias regionales"
skill-ovos-news.openvoiceos,"news.intent","cuáles son las noticias últimas"
skill-ovos-news.openvoiceos,"news.intent","dame  noticias"
skill-ovos-news.openvoiceos,"news.intent","dame  noticias actuales"
skill-ovos-news.openvoiceos,"news.intent","dame  noticias locales"
skill-ovos-news.openvoiceos,"news.intent","dame  noticias regionales"
skill-ovos-news.openvoiceos,"news.intent","dame  noticias últimas"
skill-ovos-news.openvoiceos,"news.intent","dame las noticias"
skill-ovos-news.openvoiceos,"news.intent","dame las noticias actuales"
skill-ovos-news.openvoiceos,"news.intent","dame las noticias locales"
skill-ovos-news.openvoiceos,"news.intent","dame las noticias regionales"
skill-ovos-news.openvoiceos,"news.intent","dame las noticias últimas"
skill-ovos-news.openvoiceos,"news.intent","dime  noticias"
skill-ovos-news.openvoiceos,"news.intent","dime  noticias actuales"
skill-ovos-news.openvoiceos,"news.intent","dime  noticias locales"
skill-ovos-news.openvoiceos,"news.intent","dime  noticias regionales"
skill-ovos-news.openvoiceos,"news.intent","dime  noticias últimas"
skill-ovos-news.openvoiceos,"news.intent","dime las noticias"
skill-ovos-news.openvoiceos,"news.intent","dime las noticias actuales"
skill-ovos-news.openvoiceos,"news.intent","dime las noticias de hoy"
skill-ovos-news.openvoiceos,"news.intent","dime las noticias del día"
skill-ovos-news.openvoiceos,"news.intent","dime las noticias locales"
skill-ovos-news.openvoiceos,"news.intent","dime las noticias regionales"
skill-ovos-news.openvoiceos,"news.intent","dime las noticias últimas"
skill-ovos-news.openvoiceos,"news.intent","escuchar  noticias"
skill-ovos-news.openvoiceos,"news.intent","escuchar  noticias actuales"
skill-ovos-news.openvoiceos,"news.intent","escuchar  noticias locales"
skill-ovos-news.openvoiceos,"news.intent","escuchar  noticias regionales"
skill-ovos-news.openvoiceos,"news.intent","escuchar  noticias últimas"
skill-ovos-news.openvoiceos,"news.intent","escuchar las noticias"
skill-ovos-news.openvoiceos,"news.intent","escuchar las noticias actuales"
skill-ovos-news.openvoiceos,"news.intent","escuchar las noticias locales"
skill-ovos-news.openvoiceos,"news.intent","escuchar las noticias regionales"
skill-ovos-news.openvoiceos,"news.intent","escuchar las noticias últimas"
skill-ovos-news.openvoiceos,"news.intent","explícame las noticias actuales"
skill-ovos-news.openvoiceos,"news.intent","explícame las noticias de hoy"
skill-ovos-news.openvoiceos,"news.intent","explícame las noticias del día"
skill-ovos-news.openvoiceos,"news.intent","explícame las noticias locales"
skill-ovos-news.openvoiceos,"news.intent","explícame las noticias regionales"
skill-ovos-news.openvoiceos,"news.intent","informa  noticias"
skill-ovos-news.openvoiceos,"news.intent","informa  noticias actuales"
skill-ovos-news.openvoiceos,"news.intent","informa  noticias locales"
skill-ovos-news.openvoiceos,"news.intent","informa  noticias regionales"
skill-ovos-news.openvoiceos,"news.intent","informa  noticias últimas"
skill-ovos-news.openvoiceos,"news.intent","informa las noticias"
skill-ovos-news.openvoiceos,"news.intent","informa las noticias actuales"
skill-ovos-news.openvoiceos,"news.intent","informa las noticias locales"
skill-ovos-news.openvoiceos,"news.intent","informa las noticias regionales"
skill-ovos-news.openvoiceos,"news.intent","informa las noticias últimas"
skill-ovos-news.openvoiceos,"news.intent","informe de noticias"
skill-ovos-news.openvoiceos,"news.intent","informe de noticias actuales"
skill-ovos-news.openvoiceos,"news.intent","informe de noticias locales"
skill-ovos-news.openvoiceos,"news.intent","informe de noticias regionales"
skill-ovos-news.openvoiceos,"news.intent","informe de noticias últimas"
skill-ovos-news.openvoiceos,"news.intent","léeme las noticias actuales"
skill-ovos-news.openvoiceos,"news.intent","léeme las noticias de hoy"
skill-ovos-news.openvoiceos,"news.intent","léeme las noticias del día"
skill-ovos-news.openvoiceos,"news.intent","léeme las noticias locales"
skill-ovos-news.openvoiceos,"news.intent","léeme las noticias regionales"
skill-ovos-news.openvoiceos,"news.intent","me gustaría escuchar  noticias actuales"
skill-ovos-news.openvoiceos,"news.intent","me gustaría escuchar  noticias de hoy"
skill-ovos-news.openvoiceos,"news.intent","me gustaría escuchar  noticias del día"
skill-ovos-news.openvoiceos,"news.intent","me gustaría escuchar  noticias locales"
skill-ovos-news.openvoiceos,"news.intent","me gustaría escuchar  noticias regionales"
skill-ovos-news.openvoiceos,"news.intent","me gustaría escuchar las noticias"
skill-ovos-news.openvoiceos,"news.intent","me gustaría escuchar las noticias actuales"
skill-ovos-news.openvoiceos,"news.intent","me gustaría escuchar las noticias de hoy"
skill-ovos-news.openvoiceos,"news.intent","me gustaría escuchar las noticias del día"
skill-ovos-news.openvoiceos,"news.intent","me gustaría escuchar las noticias locales"
skill-ovos-news.openvoiceos,"news.intent","me gustaría escuchar las noticias regionales"
skill-ovos-news.openvoiceos,"news.intent","me gustaría escuchar las noticias últimas"
skill-ovos-news.openvoiceos,"news.intent","me puedes leerme las noticias"
skill-ovos-news.openvoiceos,"news.intent","me puedes leerme las noticias actuales"
skill-ovos-news.openvoiceos,"news.intent","me puedes leerme las noticias locales"
skill-ovos-news.openvoiceos,"news.intent","me puedes leerme las noticias regionales"
skill-ovos-news.openvoiceos,"news.intent","me puedes leerme las noticias últimas"
skill-ovos-news.openvoiceos,"news.intent","necesito escuchar las noticias"
skill-ovos-news.openvoiceos,"news.intent","necesito escuchar las noticias actuales"
skill-ovos-news.openvoiceos,"news.intent","necesito escuchar las noticias locales"
skill-ovos-news.openvoiceos,"news.intent","necesito escuchar las noticias regionales"
skill-ovos-news.openvoiceos,"news.intent","necesito escuchar las noticias últimas"
skill-ovos-news.openvoiceos,"news.intent","necesito saber  noticias actuales"
skill-ovos-news.openvoiceos,"news.intent","necesito saber  noticias de hoy"
skill-ovos-news.openvoiceos,"news.intent","necesito saber  noticias del día"
skill-ovos-news.openvoiceos,"news.intent","necesito saber  noticias locales"
skill-ovos-news.openvoiceos,"news.intent","necesito saber  noticias regionales"
skill-ovos-news.openvoiceos,"news.intent","necesito saber las noticias actuales"
skill-ovos-news.openvoiceos,"news.intent","necesito saber las noticias de hoy"
skill-ovos-news.openvoiceos,"news.intent","necesito saber las noticias del día"
skill-ovos-news.openvoiceos,"news.intent","necesito saber las noticias locales"
skill-ovos-news.openvoiceos,"news.intent","necesito saber las noticias regionales"
skill-ovos-news.openvoiceos,"news.intent","noticias de última hora"
skill-ovos-news.openvoiceos,"news.intent","ponme  noticias"
skill-ovos-news.openvoiceos,"news.intent","ponme  noticias actuales"
skill-ovos-news.openvoiceos,"news.intent","ponme  noticias locales"
skill-ovos-news.openvoiceos,"news.intent","ponme  noticias regionales"
skill-ovos-news.openvoiceos,"news.intent","ponme  noticias últimas"
skill-ovos-news.openvoiceos,"news.intent","ponme las noticias"
skill-ovos-news.openvoiceos,"news.intent","ponme las noticias actuales"
skill-ovos-news.openvoiceos,"news.intent","ponme las noticias de hoy"
skill-ovos-news.openvoiceos,"news.intent","ponme las noticias del día"
skill-ovos-news.openvoiceos,"news.intent","ponme las noticias locales"
skill-ovos-news.openvoiceos,"news.intent","ponme las noticias regionales"
skill-ovos-news.openvoiceos,"news.intent","ponme las noticias últimas"
skill-ovos-news.openvoiceos,"news.intent","puedes leerme las noticias"
skill-ovos-news.openvoiceos,"news.intent","puedes leerme las noticias actuales"
skill-ovos-news.openvoiceos,"news.intent","puedes leerme las noticias locales"
skill-ovos-news.openvoiceos,"news.intent","puedes leerme las noticias regionales"
skill-ovos-news.openvoiceos,"news.intent","puedes leerme las noticias últimas"
skill-ovos-news.openvoiceos,"news.intent","quiero escuchar las noticias"
skill-ovos-news.openvoiceos,"news.intent","quiero escuchar las noticias actuales"
skill-ovos-news.openvoiceos,"news.intent","quiero escuchar las noticias locales"
skill-ovos-news.openvoiceos,"news.intent","quiero escuchar las noticias regionales"
skill-ovos-news.openvoiceos,"news.intent","quiero escuchar las noticias últimas"
skill-ovos-news.openvoiceos,"news.intent","qué dicen las noticias actuales"
skill-ovos-news.openvoiceos,"news.intent","qué dicen las noticias de hoy"
skill-ovos-news.openvoiceos,"news.intent","qué dicen las noticias del día"
skill-ovos-news.openvoiceos,"news.intent","qué dicen las noticias locales"
skill-ovos-news.openvoiceos,"news.intent","qué dicen las noticias regionales"
skill-ovos-news.openvoiceos,"news.intent","qué hay en las noticias"
skill-ovos-news.openvoiceos,"news.intent","qué hay en las noticias actuales"
skill-ovos-news.openvoiceos,"news.intent","qué hay en las noticias locales"
skill-ovos-news.openvoiceos,"news.intent","qué hay en las noticias regionales"
skill-ovos-news.openvoiceos,"news.intent","qué hay en las noticias últimas"
skill-ovos-news.openvoiceos,"news.intent","qué pasa en las noticias"
skill-ovos-news.openvoiceos,"news.intent","qué pasa en las noticias actuales"
skill-ovos-news.openvoiceos,"news.intent","qué pasa en las noticias locales"
skill-ovos-news.openvoiceos,"news.intent","qué pasa en las noticias regionales"
skill-ovos-news.openvoiceos,"news.intent","qué pasa en las noticias últimas"
skill-ovos-news.openvoiceos,"news.intent","reproducir  noticias"
skill-ovos-news.openvoiceos,"news.intent","reproducir  noticias actuales"
skill-ovos-news.openvoiceos,"news.intent","reproducir  noticias locales"
skill-ovos-news.openvoiceos,"news.intent","reproducir  noticias regionales"
skill-ovos-news.openvoiceos,"news.intent","reproducir  noticias últimas"
skill-ovos-news.openvoiceos,"news.intent","reproducir las noticias"
skill-ovos-news.openvoiceos,"news.intent","reproducir las noticias actuales"
skill-ovos-news.openvoiceos,"news.intent","reproducir las noticias locales"
skill-ovos-news.openvoiceos,"news.intent","reproducir las noticias regionales"
skill-ovos-news.openvoiceos,"news.intent","reproducir las noticias últimas"
skill-ovos-news.openvoiceos,"news.intent","titulares de noticias actuales"
skill-ovos-news.openvoiceos,"news.intent","titulares de noticias de hoy"
skill-ovos-news.openvoiceos,"news.intent","titulares de noticias del día"
skill-ovos-news.openvoiceos,"news.intent","titulares de noticias locales"
skill-ovos-news.openvoiceos,"news.intent","titulares de noticias regionales"
skill-ovos-news.openvoiceos,"news.intent","toca  noticias"
skill-ovos-news.openvoiceos,"news.intent","toca  noticias actuales"
skill-ovos-news.openvoiceos,"news.intent","toca  noticias locales"
skill-ovos-news.openvoiceos,"news.intent","toca  noticias regionales"
skill-ovos-news.openvoiceos,"news.intent","toca  noticias últimas"
skill-ovos-news.openvoiceos,"news.intent","toca las noticias"
skill-ovos-news.openvoiceos,"news.intent","toca las noticias actuales"
skill-ovos-news.openvoiceos,"news.intent","toca las noticias locales"
skill-ovos-news.openvoiceos,"news.intent","toca las noticias regionales"
skill-ovos-news.openvoiceos,"news.intent","toca las noticias últimas"
skill-ovos-news.openvoiceos,"news.intent","últimas noticias"
skill-ovos-news.openvoiceos,"news.intent","últimas noticias actuales"
skill-ovos-news.openvoiceos,"news.intent","últimas noticias locales"
skill-ovos-news.openvoiceos,"news.intent","últimas noticias regionales"
skill-ovos-parrot.openvoiceos,"stop_parrot.intent","loro cancela"
skill-ovos-parrot.openvoiceos,"stop_parrot.intent","modo loro cancela"
skill-ovos-parrot.openvoiceos,"stop_parrot.intent","loro desactiva"
skill-ovos-parrot.openvoiceos,"stop_parrot.intent","modo loro desactiva"
skill-ovos-parrot.openvoiceos,"stop_parrot.intent","loro deshabilita"
skill-ovos-parrot.openvoiceos,"stop_parrot.intent","modo loro deshabilita"
skill-ovos-parrot.openvoiceos,"stop_parrot.intent","loro para"
skill-ovos-parrot.openvoiceos,"stop_parrot.intent","modo loro para"
skill-ovos-parrot.openvoiceos,"stop_parrot.intent","deja de repetirme"
skill-ovos-parrot.openvoiceos,"stop_parrot.intent","para de repetirme"
skill-ovos-parrot.openvoiceos,"stop_parrot.intent","cancela el modo loro"
skill-ovos-parrot.openvoiceos,"stop_parrot.intent","desactiva el modo loro"
skill-ovos-parrot.openvoiceos,"stop_parrot.intent","deshabilita el modo loro"
skill-ovos-parrot.openvoiceos,"stop_parrot.intent","para de repetir"
skill-ovos-parrot.openvoiceos,"stop_parrot.intent","para el modo loro"
skill-ovos-parrot.openvoiceos,"start_parrot.intent","activa el modo loro"
skill-ovos-parrot.openvoiceos,"start_parrot.intent","empieza a hablar como un loro"
skill-ovos-parrot.openvoiceos,"start_parrot.intent","inicia el loro"
skill-ovos-parrot.openvoiceos,"start_parrot.intent","inicia el modo loro"
skill-ovos-parrot.openvoiceos,"start_parrot.intent","inicio del modo loro"
skill-ovos-parrot.openvoiceos,"start_parrot.intent","modo loro activado"
skill-ovos-parrot.openvoiceos,"start_parrot.intent","modo loro encendido"
skill-ovos-parrot.openvoiceos,"start_parrot.intent","modo loro iniciado"
skill-ovos-parrot.openvoiceos,"start_parrot.intent","repite todo lo que escuches"
skill-ovos-parrot.openvoiceos,"start_parrot.intent","repite todo lo que oigas"
skill-ovos-parrot.openvoiceos,"start_parrot.intent","repítelo todo"
skill-ovos-parrot.openvoiceos,"speak.intent","di después de mí {sentence}"
skill-ovos-parrot.openvoiceos,"speak.intent","di {sentence}"
skill-ovos-parrot.openvoiceos,"speak.intent","habla {sentence}"
skill-ovos-parrot.openvoiceos,"speak.intent","repite {sentence}"
skill-ovos-parrot.openvoiceos,"speak.intent","di {sentence} después de mí"
skill-ovos-parrot.openvoiceos,"speak.intent","habla {sentence} después de mí"
skill-ovos-parrot.openvoiceos,"speak.intent","repite {sentence} después de mí"
skill-ovos-parrot.openvoiceos,"did.you.hear.me.intent","Me has oído?"
skill-ovos-parrot.openvoiceos,"did.you.hear.me.intent","¿Has oído eso?"
skill-ovos-parrot.openvoiceos,"did.you.hear.me.intent","¿Has oído esto?"
skill-ovos-parrot.openvoiceos,"did.you.hear.me.intent","¿Me oyes?"
skill-ovos-parrot.openvoiceos,"did.you.hear.me.intent","¿Oíste eso?"
skill-ovos-parrot.openvoiceos,"did.you.hear.me.intent","¿Oíste esto?"
skill-ovos-parrot.openvoiceos,"did.you.hear.me.intent","¿Pudiste oírme?"
skill-ovos-parrot.openvoiceos,"did.you.hear.me.intent","¿Puedes oírme?"
skill-ovos-parrot.openvoiceos,"repeat.stt.intent","Dime lo que acabo de decir."
skill-ovos-parrot.openvoiceos,"repeat.stt.intent","Dime lo que he dicho."
skill-ovos-parrot.openvoiceos,"repeat.stt.intent","¿Qué crees que he dicho?"
skill-ovos-parrot.openvoiceos,"repeat.stt.intent","¿Qué has oído que decía?"
skill-ovos-parrot.openvoiceos,"repeat.stt.intent","¿Qué te acabo de decir  ahora?"
skill-ovos-parrot.openvoiceos,"repeat.stt.intent","¿Qué te acabo de decir ?"
skill-ovos-parrot.openvoiceos,"repeat.tts.intent","di  otra vez?"
skill-ovos-parrot.openvoiceos,"repeat.tts.intent","di  una vez más?"
skill-ovos-parrot.openvoiceos,"repeat.tts.intent","di esto otra vez?"
skill-ovos-parrot.openvoiceos,"repeat.tts.intent","di esto una vez más?"
skill-ovos-parrot.openvoiceos,"repeat.tts.intent","¿Puedes decir  otra vez?"
skill-ovos-parrot.openvoiceos,"repeat.tts.intent","¿Puedes decir  una vez más?"
skill-ovos-parrot.openvoiceos,"repeat.tts.intent","¿Puedes decir esto otra vez?"
skill-ovos-parrot.openvoiceos,"repeat.tts.intent","¿Puedes decir esto una vez más?"
skill-ovos-parrot.openvoiceos,"repeat.tts.intent","¿Qué acabas de decirme?"
skill-ovos-parrot.openvoiceos,"repeat.tts.intent","¿Qué me acabas de decir?"
skill-ovos-parrot.openvoiceos,"repeat.tts.intent","Dilo otra vez."
skill-ovos-parrot.openvoiceos,"repeat.tts.intent","Dilo una vez más."
skill-ovos-parrot.openvoiceos,"repeat.tts.intent","Repite lo que acabas de decir"
skill-ovos-parrot.openvoiceos,"repeat.tts.intent","Repite lo que acabas de decir ahora"
skill-ovos-parrot.openvoiceos,"repeat.tts.intent","Repite lo que has dicho"
skill-ovos-parrot.openvoiceos,"repeat.tts.intent","Repite lo que has dicho ahora"
skill-ovos-parrot.openvoiceos,"repeat.tts.intent","Repítelo."
skill-ovos-parrot.openvoiceos,"repeat.tts.intent","¿Cómo?"
skill-ovos-parrot.openvoiceos,"repeat.tts.intent","¿Puedes repetirlo?"
skill-ovos-parrot.openvoiceos,"repeat.tts.intent","¿Qué ha sido eso?"
skill-ovos-volume.openvoiceos,"volume.default.intent","Volumen de reajuste"
skill-ovos-volume.openvoiceos,"volume.default.intent","ajustar el volumen a predeterminado"
skill-ovos-volume.openvoiceos,"volume.default.intent","nivel de volumen establecido por defecto"
skill-ovos-volume.openvoiceos,"volume.default.intent","restaurar volumen"
skill-ovos-volume.openvoiceos,"volume.default.intent","volumen de conjunto a medio"
skill-ovos-volume.openvoiceos,"volume.default.intent","volumen medio"
skill-ovos-volume.openvoiceos,"volume.default.intent","volumen predeterminado"
skill-ovos-volume.openvoiceos,"volume.mute.toggle.intent","toggle audio"
skill-ovos-volume.openvoiceos,"volume.mute.toggle.intent","toggle mute"
skill-ovos-volume.openvoiceos,"volume.max.intent","nivel de volumen del conjunto al máximo"
skill-ovos-volume.openvoiceos,"volume.max.intent","volumen de conjunto al máximo"
skill-ovos-volume.openvoiceos,"volume.max.intent","volumen máximo"
skill-ovos-volume.openvoiceos,"volume.max.intent","volumen superior"
skill-ovos-volume.openvoiceos,"volume.low.intent","bajo volumen"
skill-ovos-volume.openvoiceos,"volume.low.intent","nivel de volumen a bajo"
skill-ovos-volume.openvoiceos,"volume.low.intent","nivel de volumen bajo"
skill-ovos-volume.openvoiceos,"volume.low.intent","volumen a bajo"
skill-ovos-volume.openvoiceos,"volume.low.intent","volumen bajo"
skill-ovos-volume.openvoiceos,"volume.unmute.intent","audio de alta velocidad"
skill-ovos-volume.openvoiceos,"volume.unmute.intent","unmute"
skill-ovos-volume.openvoiceos,"volume.unmute.intent","volumen unmute"
skill-ovos-volume.openvoiceos,"volume.high.intent","alto volumen"
skill-ovos-volume.openvoiceos,"volume.high.intent","nivel de volumen a alto"
skill-ovos-volume.openvoiceos,"volume.high.intent","nivel de volumen alto"
skill-ovos-volume.openvoiceos,"volume.high.intent","volumen a alto"
skill-ovos-volume.openvoiceos,"volume.high.intent","volumen a alto nivel"
skill-ovos-volume.openvoiceos,"volume.high.intent","volumen alto"
skill-ovos-volume.openvoiceos,"volume.mute.intent","audio mudo"
skill-ovos-volume.openvoiceos,"volume.mute.intent","mute"
skill-ovos-volume.openvoiceos,"volume.mute.intent","volumen mudo"
skill-ovos-weather.openvoiceos,"do-i-need-an-umbrella.intent","¿debo llevar un chubasquero"
skill-ovos-weather.openvoiceos,"do-i-need-an-umbrella.intent","¿debo llevar un paraguas"
skill-ovos-weather.openvoiceos,"do-i-need-an-umbrella.intent","¿necesito un chubasquero"
skill-ovos-weather.openvoiceos,"do-i-need-an-umbrella.intent","¿necesito un paraguas"
skill-ovos-wikipedia.openvoiceos,"wikiroulette.intent","abre unawiki al azar"
skill-ovos-wikipedia.openvoiceos,"wikiroulette.intent","abre unawiki aleatoria"
skill-ovos-wikipedia.openvoiceos,"wikiroulette.intent","abre unawiki random"
skill-ovos-wikipedia.openvoiceos,"wikiroulette.intent","abre unawikipedia al azar"
skill-ovos-wikipedia.openvoiceos,"wikiroulette.intent","abre unawikipedia aleatoria"
skill-ovos-wikipedia.openvoiceos,"wikiroulette.intent","abre unawikipedia random"
skill-ovos-wikipedia.openvoiceos,"wikiroulette.intent","abre wiki al azar"
skill-ovos-wikipedia.openvoiceos,"wikiroulette.intent","abre wiki aleatoria"
skill-ovos-wikipedia.openvoiceos,"wikiroulette.intent","abre wiki random"
skill-ovos-wikipedia.openvoiceos,"wikiroulette.intent","abre wikipedia al azar"
skill-ovos-wikipedia.openvoiceos,"wikiroulette.intent","abre wikipedia aleatoria"
skill-ovos-wikipedia.openvoiceos,"wikiroulette.intent","abre wikipedia random"
skill-ovos-wikipedia.openvoiceos,"wikiroulette.intent","enseña unawiki al azar"
skill-ovos-wikipedia.openvoiceos,"wikiroulette.intent","enseña unawiki aleatoria"
skill-ovos-wikipedia.openvoiceos,"wikiroulette.intent","enseña unawiki random"
skill-ovos-wikipedia.openvoiceos,"wikiroulette.intent","enseña unawikipedia al azar"
skill-ovos-wikipedia.openvoiceos,"wikiroulette.intent","enseña unawikipedia aleatoria"
skill-ovos-wikipedia.openvoiceos,"wikiroulette.intent","enseña unawikipedia random"
skill-ovos-wikipedia.openvoiceos,"wikiroulette.intent","enseña wiki al azar"
skill-ovos-wikipedia.openvoiceos,"wikiroulette.intent","enseña wiki aleatoria"
skill-ovos-wikipedia.openvoiceos,"wikiroulette.intent","enseña wiki random"
skill-ovos-wikipedia.openvoiceos,"wikiroulette.intent","enseña wikipedia al azar"
skill-ovos-wikipedia.openvoiceos,"wikiroulette.intent","enseña wikipedia aleatoria"
skill-ovos-wikipedia.openvoiceos,"wikiroulette.intent","enseña wikipedia random"
skill-ovos-wikipedia.openvoiceos,"wikiroulette.intent","mostrar wiki al azar"
skill-ovos-wikipedia.openvoiceos,"wikiroulette.intent","mostrar wiki aleatoria"
skill-ovos-wikipedia.openvoiceos,"wikiroulette.intent","mostrar wikipedia al azar"
skill-ovos-wikipedia.openvoiceos,"wikiroulette.intent","mostrar wikipedia aleatoria"
skill-ovos-wikipedia.openvoiceos,"wikiroulette.intent","muestra unawiki al azar"
skill-ovos-wikipedia.openvoiceos,"wikiroulette.intent","muestra unawiki aleatoria"
skill-ovos-wikipedia.openvoiceos,"wikiroulette.intent","muestra unawiki random"
skill-ovos-wikipedia.openvoiceos,"wikiroulette.intent","muestra unawikipedia al azar"
skill-ovos-wikipedia.openvoiceos,"wikiroulette.intent","muestra unawikipedia aleatoria"
skill-ovos-wikipedia.openvoiceos,"wikiroulette.intent","muestra unawikipedia random"
skill-ovos-wikipedia.openvoiceos,"wikiroulette.intent","muestra wiki al azar"
skill-ovos-wikipedia.openvoiceos,"wikiroulette.intent","muestra wiki aleatoria"
skill-ovos-wikipedia.openvoiceos,"wikiroulette.intent","muestra wiki random"
skill-ovos-wikipedia.openvoiceos,"wikiroulette.intent","muestra wikipedia al azar"
skill-ovos-wikipedia.openvoiceos,"wikiroulette.intent","muestra wikipedia aleatoria"
skill-ovos-wikipedia.openvoiceos,"wikiroulette.intent","muestra wikipedia random"
skill-ovos-wikipedia.openvoiceos,"wikiroulette.intent","página wiki al azar"
skill-ovos-wikipedia.openvoiceos,"wikiroulette.intent","página wiki aleatoria"
skill-ovos-wikipedia.openvoiceos,"wikiroulette.intent","página wiki random"
skill-ovos-wikipedia.openvoiceos,"wikiroulette.intent","página wikipedia al azar"
skill-ovos-wikipedia.openvoiceos,"wikiroulette.intent","página wikipedia aleatoria"
skill-ovos-wikipedia.openvoiceos,"wikiroulette.intent","página wikipedia random"
skill-ovos-wikipedia.openvoiceos,"wikiroulette.intent","wiki al azar"
skill-ovos-wikipedia.openvoiceos,"wikiroulette.intent","wiki aleatoria"
skill-ovos-wikipedia.openvoiceos,"wikiroulette.intent","wiki random"
skill-ovos-wikipedia.openvoiceos,"wikiroulette.intent","wikipedia al azar"
skill-ovos-wikipedia.openvoiceos,"wikiroulette.intent","wikipedia aleatoria"
skill-ovos-wikipedia.openvoiceos,"wikiroulette.intent","wikipedia random"
skill-ovos-wikipedia.openvoiceos,"query.intent","Cuéntame de {keyword}"
skill-ovos-wikipedia.openvoiceos,"query.intent","Cuéntame sobre {keyword}"
skill-ovos-wikipedia.openvoiceos,"query.intent","Dame información sobre {keyword}"
skill-ovos-wikipedia.openvoiceos,"query.intent","Estoy buscando detalles sobre {keyword}"
skill-ovos-wikipedia.openvoiceos,"query.intent","Háblame de {keyword}"
skill-ovos-wikipedia.openvoiceos,"query.intent","Háblame sobre {keyword}"
skill-ovos-wikipedia.openvoiceos,"query.intent","Me gustaría saber acerca de {keyword}"
skill-ovos-wikipedia.openvoiceos,"query.intent","Me gustaría saber más sobre {keyword}"
skill-ovos-wikipedia.openvoiceos,"query.intent","Me gustaría saber sobre {keyword}"
skill-ovos-wikipedia.openvoiceos,"query.intent","Puedes explicar lo que es {keyword}"
skill-ovos-wikipedia.openvoiceos,"query.intent","Puedes explicarme lo que es {keyword}"
skill-ovos-wikipedia.openvoiceos,"query.intent","Puedes iluminarme sobre {keyword}"
skill-ovos-wikipedia.openvoiceos,"query.intent","Tengo curiosidad sobre {keyword}"
skill-ovos-wikipedia.openvoiceos,"query.intent","¿Me puedes dar detalles acerca de {keyword}?"
skill-ovos-wikipedia.openvoiceos,"query.intent","¿Me puedes dar detalles sobre {keyword}?"
skill-ovos-wikipedia.openvoiceos,"query.intent","¿Quién es {keyword}?"
skill-ovos-wikipedia.openvoiceos,"query.intent","¿Quién fue {keyword}?"
skill-ovos-wikipedia.openvoiceos,"query.intent","¿Qué es {keyword}?"
skill-ovos-wikipedia.openvoiceos,"query.intent","¿Qué sabes acerca de {keyword}?"
skill-ovos-wikipedia.openvoiceos,"query.intent","¿Qué sabes sobre {keyword}?"
skill-ovos-wikipedia.openvoiceos,"wiki.intent","Busca  wiki para {query}"
skill-ovos-wikipedia.openvoiceos,"wiki.intent","Busca  wikipedia para {query}"
skill-ovos-wikipedia.openvoiceos,"wiki.intent","Busca detalles de {query} en  wiki"
skill-ovos-wikipedia.openvoiceos,"wiki.intent","Busca detalles de {query} en  wikipedia"
skill-ovos-wikipedia.openvoiceos,"wiki.intent","Busca detalles de {query} en la wiki"
skill-ovos-wikipedia.openvoiceos,"wiki.intent","Busca detalles de {query} en la wikipedia"
skill-ovos-wikipedia.openvoiceos,"wiki.intent","Busca en  wiki detalles sobre {query}"
skill-ovos-wikipedia.openvoiceos,"wiki.intent","Busca en  wikipedia detalles sobre {query}"
skill-ovos-wikipedia.openvoiceos,"wiki.intent","Busca en la wiki detalles sobre {query}"
skill-ovos-wikipedia.openvoiceos,"wiki.intent","Busca en la wikipedia detalles sobre {query}"
skill-ovos-wikipedia.openvoiceos,"wiki.intent","Busca la wiki para {query}"
skill-ovos-wikipedia.openvoiceos,"wiki.intent","Busca la wikipedia para {query}"
skill-ovos-wikipedia.openvoiceos,"wiki.intent","Busca {query} en  wiki"
skill-ovos-wikipedia.openvoiceos,"wiki.intent","Busca {query} en  wikipedia"
skill-ovos-wikipedia.openvoiceos,"wiki.intent","Busca {query} en la wiki"
skill-ovos-wikipedia.openvoiceos,"wiki.intent","Busca {query} en la wikipedia"
skill-ovos-wikipedia.openvoiceos,"wiki.intent","Cuéntame sobre {query} en lawiki"
skill-ovos-wikipedia.openvoiceos,"wiki.intent","Cuéntame sobre {query} en lawikipedia"
skill-ovos-wikipedia.openvoiceos,"wiki.intent","Cuéntame sobre {query} en wiki"
skill-ovos-wikipedia.openvoiceos,"wiki.intent","Cuéntame sobre {query} en wikipedia"
skill-ovos-wikipedia.openvoiceos,"wiki.intent","Dame información sobre {query} de  wiki"
skill-ovos-wikipedia.openvoiceos,"wiki.intent","Dame información sobre {query} de  wikipedia"
skill-ovos-wikipedia.openvoiceos,"wiki.intent","Dame información sobre {query} de la wiki"
skill-ovos-wikipedia.openvoiceos,"wiki.intent","Dame información sobre {query} de la wikipedia"
skill-ovos-wikipedia.openvoiceos,"wiki.intent","Qué hay en  wiki sobre {query}"
skill-ovos-wikipedia.openvoiceos,"wiki.intent","Qué hay en  wikipedia sobre {query}"
skill-ovos-wikipedia.openvoiceos,"wiki.intent","Qué hay en la wiki sobre {query}"
skill-ovos-wikipedia.openvoiceos,"wiki.intent","Qué hay en la wikipedia sobre {query}"
skill-ovos-wikipedia.openvoiceos,"wiki.intent","Qué se sabe sobre {query} en  wiki"
skill-ovos-wikipedia.openvoiceos,"wiki.intent","Qué se sabe sobre {query} en  wikipedia"
skill-ovos-wikipedia.openvoiceos,"wiki.intent","Qué se sabe sobre {query} en la wiki"
skill-ovos-wikipedia.openvoiceos,"wiki.intent","Qué se sabe sobre {query} en la wikipedia"
skill-ovos-wikipedia.openvoiceos,"wiki.intent","comprueba  wiki para {query}"
skill-ovos-wikipedia.openvoiceos,"wiki.intent","comprueba  wikipedia para {query}"
skill-ovos-wikipedia.openvoiceos,"wiki.intent","comprueba la wiki para {query}"
skill-ovos-wikipedia.openvoiceos,"wiki.intent","comprueba la wikipedia para {query}"
skill-ovos-wikipedia.openvoiceos,"wiki.intent","wiki {query}"
skill-ovos-wikipedia.openvoiceos,"wiki.intent","wikipedia {query}"
skill-ovos-wikipedia.openvoiceos,"wiki.intent","¿Cuál es la entrada de  wiki para {query}?"
skill-ovos-wikipedia.openvoiceos,"wiki.intent","¿Cuál es la entrada de  wikipedia para {query}?"
skill-ovos-wikipedia.openvoiceos,"wiki.intent","¿Cuál es la entrada de la wiki para {query}?"
skill-ovos-wikipedia.openvoiceos,"wiki.intent","¿Cuál es la entrada de la wikipedia para {query}?"
skill-ovos-wikipedia.openvoiceos,"wiki.intent","¿Puedes encontrar {query} en  wiki?"
skill-ovos-wikipedia.openvoiceos,"wiki.intent","¿Puedes encontrar {query} en  wikipedia?"
skill-ovos-wikipedia.openvoiceos,"wiki.intent","¿Puedes encontrar {query} en la wiki?"
skill-ovos-wikipedia.openvoiceos,"wiki.intent","¿Puedes encontrar {query} en la wikipedia?"
skill-ovos-wikipedia.openvoiceos,"wiki.intent","¿Qué dice  wiki acerca de {query}?"
skill-ovos-wikipedia.openvoiceos,"wiki.intent","¿Qué dice  wiki sobre {query}?"
skill-ovos-wikipedia.openvoiceos,"wiki.intent","¿Qué dice  wikipedia acerca de {query}?"
skill-ovos-wikipedia.openvoiceos,"wiki.intent","¿Qué dice  wikipedia sobre {query}?"
skill-ovos-wikipedia.openvoiceos,"wiki.intent","¿Qué dice la wiki acerca de {query}?"
skill-ovos-wikipedia.openvoiceos,"wiki.intent","¿Qué dice la wiki sobre {query}?"
skill-ovos-wikipedia.openvoiceos,"wiki.intent","¿Qué dice la wikipedia acerca de {query}?"
skill-ovos-wikipedia.openvoiceos,"wiki.intent","¿Qué dice la wikipedia sobre {query}?"
skill-ovos-wolfie.openvoiceos,"search_wolfie.intent","Pregúntale al lobo"
skill-ovos-wolfie.openvoiceos,"search_wolfie.intent","Pregúntale al loboram alpha sobre {query}"
skill-ovos-wolfie.openvoiceos,"search_wolfie.intent","Pregúntale al wolfram sobre {query}"
skill-ovos-wolfie.openvoiceos,"search_wolfie.intent","buscar el lobo para {query}"
skill-ovos-wolfie.openvoiceos,"search_wolfie.intent","buscar wolfram alpha para {query}"
skill-ovos-wolfie.openvoiceos,"search_wolfie.intent","buscar wolfram para {query}"
skill-ovos-wolfie.openvoiceos,"search_wolfie.intent","¿Qué dice Wolfram Alpha sobre {query}"
skill-ovos-wolfie.openvoiceos,"search_wolfie.intent","¿Qué dice el lobo acerca de {query}"
skill-ovos-wolfie.openvoiceos,"search_wolfie.intent","¿Qué dice wolfram acerca de {query}"